<?xml version="1.0" encoding="utf-8"?>
<osm version="0.6" generator="FS25 map pipeline">
  <!--
       Playable area: 8192 x 8192 m, centre 43.0600, -95.2800
       Local coordinates are playable metres, x east, y south from the north
       edge, so the centre of the map is (4096, 4096).
       Projection: equirectangular about the centre, 111111.0 m per
       degree of latitude and 111111.0 * cos(LAT_CENTER) m per
       degree of longitude.
       Geometry comes from map_layout.py, shared with the DEM generator.
       Layout: 8192 m playable, till plain about 82 m, a river and a 172 ha lake in a 1000 m valley, 10 roads on the mile grid, 4 towns of 4x4 blocks on 32 streets, 12 industrial aprons of 30 ha, 6 farms of 120 ha, 5 woods of 100 ha, 11 shelterbelts of 169 ha and 10 strips of gallery timber of 62 ha down 6.9 km of river bank, 145 of a maximum 150 fields on the aliquot grid totalling 3252 ha (48%), rim to 250 m
  -->
  <bounds minlat="43.0231359631" minlon="-95.3304545078" maxlat="43.0968640369" maxlon="-95.2295454922"/>
  <node id="1" lat="43.0968640369" lon="-95.2849136975" version="1" timestamp="2026-09-02T12:00:00Z" changeset="1" uid="1" user="generator"/>
  <node id="2" lat="43.0968640369" lon="-95.2839899957" version="1" timestamp="2026-09-02T12:00:00Z" changeset="1" uid="1" user="generator"/>
  <node id="3" lat="43.0968640369" lon="-95.2830812110" version="1" timestamp="2026-09-02T12:00:00Z" changeset="1" uid="1" user="generator"/>
  <node id="4" lat="43.0968640369" lon="-95.2821935147" version="1" timestamp="2026-09-02T12:00:00Z" changeset="1" uid="1" user="generator"/>
  <node id="5" lat="43.0968640369" lon="-95.2813334353" version="1" timestamp="2026-09-02T12:00:00Z" changeset="1" uid="1" user="generator"/>
  <node id="6" lat="43.0968640369" lon="-95.2805071319" version="1" timestamp="2026-09-02T12:00:00Z" changeset="1" uid="1" user="generator"/>
  <node id="7" lat="43.0967741268" lon="-95.2797203322" version="1" timestamp="2026-09-02T12:00:00Z" changeset="1" uid="1" user="generator"/>
  <node id="8" lat="43.0964201834" lon="-95.2789782716" version="1" timestamp="2026-09-02T12:00:00Z" changeset="1" uid="1" user="generator"/>
  <node id="9" lat="43.0960677611" lon="-95.2782856430" version="1" timestamp="2026-09-02T12:00:00Z" changeset="1" uid="1" user="generator"/>
  <node id="10" lat="43.0957171927" lon="-95.2776464746" version="1" timestamp="2026-09-02T12:00:00Z" changeset="1" uid="1" user="generator"/>
  <node id="11" lat="43.0953688744" lon="-95.2770640921" version="1" timestamp="2026-09-02T12:00:00Z" changeset="1" uid="1" user="generator"/>
  <node id="12" lat="43.0950233010" lon="-95.2765410454" version="1" timestamp="2026-09-02T12:00:00Z" changeset="1" uid="1" user="generator"/>
  <node id="13" lat="43.0946810037" lon="-95.2760789851" version="1" timestamp="2026-09-02T12:00:00Z" changeset="1" uid="1" user="generator"/>
  <node id="14" lat="43.0943425133" lon="-95.2756785763" version="1" timestamp="2026-09-02T12:00:00Z" changeset="1" uid="1" user="generator"/>
  <node id="15" lat="43.0940082710" lon="-95.2753394250" version="1" timestamp="2026-09-02T12:00:00Z" changeset="1" uid="1" user="generator"/>
  <node id="16" lat="43.0936784837" lon="-95.2750600036" version="1" timestamp="2026-09-02T12:00:00Z" changeset="1" uid="1" user="generator"/>
  <node id="17" lat="43.0933528994" lon="-95.2748377993" version="1" timestamp="2026-09-02T12:00:00Z" changeset="1" uid="1" user="generator"/>
  <node id="18" lat="43.0930306990" lon="-95.2746695354" version="1" timestamp="2026-09-02T12:00:00Z" changeset="1" uid="1" user="generator"/>
  <node id="19" lat="43.0927104967" lon="-95.2745515537" version="1" timestamp="2026-09-02T12:00:00Z" changeset="1" uid="1" user="generator"/>
  <node id="20" lat="43.0923904744" lon="-95.2744802941" version="1" timestamp="2026-09-02T12:00:00Z" changeset="1" uid="1" user="generator"/>
  <node id="21" lat="43.0920687961" lon="-95.2744524308" version="1" timestamp="2026-09-02T12:00:00Z" changeset="1" uid="1" user="generator"/>
  <node id="22" lat="43.0917438777" lon="-95.2744648843" version="1" timestamp="2026-09-02T12:00:00Z" changeset="1" uid="1" user="generator"/>
  <node id="23" lat="43.0914146934" lon="-95.2745145997" version="1" timestamp="2026-09-02T12:00:00Z" changeset="1" uid="1" user="generator"/>
  <node id="24" lat="43.0910807031" lon="-95.2745981896" version="1" timestamp="2026-09-02T12:00:00Z" changeset="1" uid="1" user="generator"/>
  <node id="25" lat="43.0907418167" lon="-95.2747118601" version="1" timestamp="2026-09-02T12:00:00Z" changeset="1" uid="1" user="generator"/>
  <node id="26" lat="43.0903982144" lon="-95.2748512751" version="1" timestamp="2026-09-02T12:00:00Z" changeset="1" uid="1" user="generator"/>
  <node id="27" lat="43.0900501931" lon="-95.2750116554" version="1" timestamp="2026-09-02T12:00:00Z" changeset="1" uid="1" user="generator"/>
  <node id="28" lat="43.0896980497" lon="-95.2751878767" version="1" timestamp="2026-09-02T12:00:00Z" changeset="1" uid="1" user="generator"/>
  <node id="29" lat="43.0893420813" lon="-95.2753746421" version="1" timestamp="2026-09-02T12:00:00Z" changeset="1" uid="1" user="generator"/>
  <node id="30" lat="43.0889824950" lon="-95.2755665688" version="1" timestamp="2026-09-02T12:00:00Z" changeset="1" uid="1" user="generator"/>
  <node id="31" lat="43.0886194436" lon="-95.2757582738" version="1" timestamp="2026-09-02T12:00:00Z" changeset="1" uid="1" user="generator"/>
  <node id="32" lat="43.0882530173" lon="-95.2759445465" version="1" timestamp="2026-09-02T12:00:00Z" changeset="1" uid="1" user="generator"/>
  <node id="33" lat="43.0878832789" lon="-95.2761203243" version="1" timestamp="2026-09-02T12:00:00Z" changeset="1" uid="1" user="generator"/>
  <node id="34" lat="43.0875102825" lon="-95.2762808401" version="1" timestamp="2026-09-02T12:00:00Z" changeset="1" uid="1" user="generator"/>
  <node id="35" lat="43.0871341271" lon="-95.2764216471" version="1" timestamp="2026-09-02T12:00:00Z" changeset="1" uid="1" user="generator"/>
  <node id="36" lat="43.0867550018" lon="-95.2765387173" version="1" timestamp="2026-09-02T12:00:00Z" changeset="1" uid="1" user="generator"/>
  <node id="37" lat="43.0863732394" lon="-95.2766285155" version="1" timestamp="2026-09-02T12:00:00Z" changeset="1" uid="1" user="generator"/>
  <node id="38" lat="43.0859893350" lon="-95.2766881099" version="1" timestamp="2026-09-02T12:00:00Z" changeset="1" uid="1" user="generator"/>
  <node id="39" lat="43.0856039366" lon="-95.2767152834" version="1" timestamp="2026-09-02T12:00:00Z" changeset="1" uid="1" user="generator"/>
  <node id="40" lat="43.0852178452" lon="-95.2767086810" version="1" timestamp="2026-09-02T12:00:00Z" changeset="1" uid="1" user="generator"/>
  <node id="41" lat="43.0848319338" lon="-95.2766678222" version="1" timestamp="2026-09-02T12:00:00Z" changeset="1" uid="1" user="generator"/>
  <node id="42" lat="43.0844470214" lon="-95.2765931998" version="1" timestamp="2026-09-02T12:00:00Z" changeset="1" uid="1" user="generator"/>
  <node id="43" lat="43.0840638281" lon="-95.2764861687" version="1" timestamp="2026-09-02T12:00:00Z" changeset="1" uid="1" user="generator"/>
  <node id="44" lat="43.0836829207" lon="-95.2763488847" version="1" timestamp="2026-09-02T12:00:00Z" changeset="1" uid="1" user="generator"/>
  <node id="45" lat="43.0833046863" lon="-95.2761841808" version="1" timestamp="2026-09-02T12:00:00Z" changeset="1" uid="1" user="generator"/>
  <node id="46" lat="43.0829293409" lon="-95.2759954814" version="1" timestamp="2026-09-02T12:00:00Z" changeset="1" uid="1" user="generator"/>
  <node id="47" lat="43.0825569926" lon="-95.2757867160" version="1" timestamp="2026-09-02T12:00:00Z" changeset="1" uid="1" user="generator"/>
  <node id="48" lat="43.0821876592" lon="-95.2755621959" version="1" timestamp="2026-09-02T12:00:00Z" changeset="1" uid="1" user="generator"/>
  <node id="49" lat="43.0818213588" lon="-95.2753266266" version="1" timestamp="2026-09-02T12:00:00Z" changeset="1" uid="1" user="generator"/>
  <node id="50" lat="43.0814581095" lon="-95.2750849845" version="1" timestamp="2026-09-02T12:00:00Z" changeset="1" uid="1" user="generator"/>
  <node id="51" lat="43.0810979831" lon="-95.2748425171" version="1" timestamp="2026-09-02T12:00:00Z" changeset="1" uid="1" user="generator"/>
  <node id="52" lat="43.0807410967" lon="-95.2746046443" version="1" timestamp="2026-09-02T12:00:00Z" changeset="1" uid="1" user="generator"/>
  <node id="53" lat="43.0803876754" lon="-95.2743768722" version="1" timestamp="2026-09-02T12:00:00Z" changeset="1" uid="1" user="generator"/>
  <node id="54" lat="43.0800380160" lon="-95.2741647071" version="1" timestamp="2026-09-02T12:00:00Z" changeset="1" uid="1" user="generator"/>
  <node id="55" lat="43.0796925057" lon="-95.2739735318" version="1" timestamp="2026-09-02T12:00:00Z" changeset="1" uid="1" user="generator"/>
  <node id="56" lat="43.0793515764" lon="-95.2738083967" version="1" timestamp="2026-09-02T12:00:00Z" changeset="1" uid="1" user="generator"/>
  <node id="57" lat="43.0790156150" lon="-95.2736740074" version="1" timestamp="2026-09-02T12:00:00Z" changeset="1" uid="1" user="generator"/>
  <node id="58" lat="43.0786848737" lon="-95.2735744287" version="1" timestamp="2026-09-02T12:00:00Z" changeset="1" uid="1" user="generator"/>
  <node id="59" lat="43.0783592354" lon="-95.2735131713" version="1" timestamp="2026-09-02T12:00:00Z" changeset="1" uid="1" user="generator"/>
  <node id="60" lat="43.0780380790" lon="-95.2734931792" version="1" timestamp="2026-09-02T12:00:00Z" changeset="1" uid="1" user="generator"/>
  <node id="61" lat="43.0777200907" lon="-95.2735171870" version="1" timestamp="2026-09-02T12:00:00Z" changeset="1" uid="1" user="generator"/>
  <node id="62" lat="43.0774033804" lon="-95.2735880155" version="1" timestamp="2026-09-02T12:00:00Z" changeset="1" uid="1" user="generator"/>
  <node id="63" lat="43.0770857881" lon="-95.2737089412" version="1" timestamp="2026-09-02T12:00:00Z" changeset="1" uid="1" user="generator"/>
  <node id="64" lat="43.0767653428" lon="-95.2738836227" version="1" timestamp="2026-09-02T12:00:00Z" changeset="1" uid="1" user="generator"/>
  <node id="65" lat="43.0764406674" lon="-95.2741157430" version="1" timestamp="2026-09-02T12:00:00Z" changeset="1" uid="1" user="generator"/>
  <node id="66" lat="43.0761110961" lon="-95.2744084925" version="1" timestamp="2026-09-02T12:00:00Z" changeset="1" uid="1" user="generator"/>
  <node id="67" lat="43.0757766018" lon="-95.2747641500" version="1" timestamp="2026-09-02T12:00:00Z" changeset="1" uid="1" user="generator"/>
  <node id="68" lat="43.0754375894" lon="-95.2751838241" version="1" timestamp="2026-09-02T12:00:00Z" changeset="1" uid="1" user="generator"/>
  <node id="69" lat="43.0750946441" lon="-95.2756674409" version="1" timestamp="2026-09-02T12:00:00Z" changeset="1" uid="1" user="generator"/>
  <node id="70" lat="43.0747483957" lon="-95.2762138302" version="1" timestamp="2026-09-02T12:00:00Z" changeset="1" uid="1" user="generator"/>
  <node id="71" lat="43.0743994474" lon="-95.2768208610" version="1" timestamp="2026-09-02T12:00:00Z" changeset="1" uid="1" user="generator"/>
  <node id="72" lat="43.0740483030" lon="-95.2774855030" version="1" timestamp="2026-09-02T12:00:00Z" changeset="1" uid="1" user="generator"/>
  <node id="73" lat="43.0736953767" lon="-95.2782039994" version="1" timestamp="2026-09-02T12:00:00Z" changeset="1" uid="1" user="generator"/>
  <node id="74" lat="43.0733410013" lon="-95.2789718909" version="1" timestamp="2026-09-02T12:00:00Z" changeset="1" uid="1" user="generator"/>
  <node id="75" lat="43.0729854380" lon="-95.2797841395" version="1" timestamp="2026-09-02T12:00:00Z" changeset="1" uid="1" user="generator"/>
  <node id="76" lat="43.0726288846" lon="-95.2806351774" version="1" timestamp="2026-09-02T12:00:00Z" changeset="1" uid="1" user="generator"/>
  <node id="77" lat="43.0722714943" lon="-95.2815189689" version="1" timestamp="2026-09-02T12:00:00Z" changeset="1" uid="1" user="generator"/>
  <node id="78" lat="43.0719133659" lon="-95.2824290840" version="1" timestamp="2026-09-02T12:00:00Z" changeset="1" uid="1" user="generator"/>
  <node id="79" lat="43.0715545896" lon="-95.2833588093" version="1" timestamp="2026-09-02T12:00:00Z" changeset="1" uid="1" user="generator"/>
  <node id="80" lat="43.0711952012" lon="-95.2843011606" version="1" timestamp="2026-09-02T12:00:00Z" changeset="1" uid="1" user="generator"/>
  <node id="81" lat="43.0708352278" lon="-95.2852489933" version="1" timestamp="2026-09-02T12:00:00Z" changeset="1" uid="1" user="generator"/>
  <node id="82" lat="43.0704746695" lon="-95.2861951139" version="1" timestamp="2026-09-02T12:00:00Z" changeset="1" uid="1" user="generator"/>
  <node id="83" lat="43.0701134901" lon="-95.2871323162" version="1" timestamp="2026-09-02T12:00:00Z" changeset="1" uid="1" user="generator"/>
  <node id="84" lat="43.0697516268" lon="-95.2880534929" version="1" timestamp="2026-09-02T12:00:00Z" changeset="1" uid="1" user="generator"/>
  <node id="85" lat="43.0693889984" lon="-95.2889517087" version="1" timestamp="2026-09-02T12:00:00Z" changeset="1" uid="1" user="generator"/>
  <node id="86" lat="43.0690254700" lon="-95.2898202998" version="1" timestamp="2026-09-02T12:00:00Z" changeset="1" uid="1" user="generator"/>
  <node id="87" lat="43.0686608527" lon="-95.2906529224" version="1" timestamp="2026-09-02T12:00:00Z" changeset="1" uid="1" user="generator"/>
  <node id="88" lat="43.0682949033" lon="-95.2914436515" version="1" timestamp="2026-09-02T12:00:00Z" changeset="1" uid="1" user="generator"/>
  <node id="89" lat="43.0679272709" lon="-95.2921870671" version="1" timestamp="2026-09-02T12:00:00Z" changeset="1" uid="1" user="generator"/>
  <node id="90" lat="43.0675574966" lon="-95.2928782298" version="1" timestamp="2026-09-02T12:00:00Z" changeset="1" uid="1" user="generator"/>
  <node id="91" lat="43.0671849862" lon="-95.2935127544" version="1" timestamp="2026-09-02T12:00:00Z" changeset="1" uid="1" user="generator"/>
  <node id="92" lat="43.0668089568" lon="-95.2940867853" version="1" timestamp="2026-09-02T12:00:00Z" changeset="1" uid="1" user="generator"/>
  <node id="93" lat="43.0664284184" lon="-95.2945968734" version="1" timestamp="2026-09-02T12:00:00Z" changeset="1" uid="1" user="generator"/>
  <node id="94" lat="43.0660422370" lon="-95.2950398285" version="1" timestamp="2026-09-02T12:00:00Z" changeset="1" uid="1" user="generator"/>
  <node id="95" lat="43.0656492876" lon="-95.2954125095" version="1" timestamp="2026-09-02T12:00:00Z" changeset="1" uid="1" user="generator"/>
  <node id="96" lat="43.0652487692" lon="-95.2957115534" version="1" timestamp="2026-09-02T12:00:00Z" changeset="1" uid="1" user="generator"/>
  <node id="97" lat="43.0648407448" lon="-95.2959334375" version="1" timestamp="2026-09-02T12:00:00Z" changeset="1" uid="1" user="generator"/>
  <node id="98" lat="43.0644266994" lon="-95.2960750328" version="1" timestamp="2026-09-02T12:00:00Z" changeset="1" uid="1" user="generator"/>
  <node id="99" lat="43.0640096750" lon="-95.2961347628" version="1" timestamp="2026-09-02T12:00:00Z" changeset="1" uid="1" user="generator"/>
  <node id="100" lat="43.0635935506" lon="-95.2961137606" version="1" timestamp="2026-09-02T12:00:00Z" changeset="1" uid="1" user="generator"/>
  <node id="101" lat="43.0631819262" lon="-95.2960160666" version="1" timestamp="2026-09-02T12:00:00Z" changeset="1" uid="1" user="generator"/>
  <node id="102" lat="43.0627770518" lon="-95.2958478151" version="1" timestamp="2026-09-02T12:00:00Z" changeset="1" uid="1" user="generator"/>
  <node id="103" lat="43.0623797014" lon="-95.2956160028" version="1" timestamp="2026-09-02T12:00:00Z" changeset="1" uid="1" user="generator"/>
  <node id="104" lat="43.0619895420" lon="-95.2953275523" version="1" timestamp="2026-09-02T12:00:00Z" changeset="1" uid="1" user="generator"/>
  <node id="105" lat="43.0616056826" lon="-95.2949890045" version="1" timestamp="2026-09-02T12:00:00Z" changeset="1" uid="1" user="generator"/>
  <node id="106" lat="43.0612270612" lon="-95.2946065923" version="1" timestamp="2026-09-02T12:00:00Z" changeset="1" uid="1" user="generator"/>
  <node id="107" lat="43.0608527239" lon="-95.2941863762" version="1" timestamp="2026-09-02T12:00:00Z" changeset="1" uid="1" user="generator"/>
  <node id="108" lat="43.0604818605" lon="-95.2937343674" version="1" timestamp="2026-09-02T12:00:00Z" changeset="1" uid="1" user="generator"/>
  <node id="109" lat="43.0601138321" lon="-95.2932566263" version="1" timestamp="2026-09-02T12:00:00Z" changeset="1" uid="1" user="generator"/>
  <node id="110" lat="43.0597481707" lon="-95.2927592380" version="1" timestamp="2026-09-02T12:00:00Z" changeset="1" uid="1" user="generator"/>
  <node id="111" lat="43.0593845254" lon="-95.2922483368" version="1" timestamp="2026-09-02T12:00:00Z" changeset="1" uid="1" user="generator"/>
  <node id="112" lat="43.0590226620" lon="-95.2917299956" version="1" timestamp="2026-09-02T12:00:00Z" changeset="1" uid="1" user="generator"/>
  <node id="113" lat="43.0586624367" lon="-95.2912102131" version="1" timestamp="2026-09-02T12:00:00Z" changeset="1" uid="1" user="generator"/>
  <node id="114" lat="43.0583037773" lon="-95.2906947666" version="1" timestamp="2026-09-02T12:00:00Z" changeset="1" uid="1" user="generator"/>
  <node id="115" lat="43.0579466569" lon="-95.2901892238" version="1" timestamp="2026-09-02T12:00:00Z" changeset="1" uid="1" user="generator"/>
  <node id="116" lat="43.0575911116" lon="-95.2896987951" version="1" timestamp="2026-09-02T12:00:00Z" changeset="1" uid="1" user="generator"/>
  <node id="117" lat="43.0572372402" lon="-95.2892282724" version="1" timestamp="2026-09-02T12:00:00Z" changeset="1" uid="1" user="generator"/>
  <node id="118" lat="43.0568851509" lon="-95.2887819545" version="1" timestamp="2026-09-02T12:00:00Z" changeset="1" uid="1" user="generator"/>
  <node id="119" lat="43.0565349785" lon="-95.2883635861" version="1" timestamp="2026-09-02T12:00:00Z" changeset="1" uid="1" user="generator"/>
  <node id="120" lat="43.0561868852" lon="-95.2879762837" version="1" timestamp="2026-09-02T12:00:00Z" changeset="1" uid="1" user="generator"/>
  <node id="121" lat="43.0558409878" lon="-95.2876224369" version="1" timestamp="2026-09-02T12:00:00Z" changeset="1" uid="1" user="generator"/>
  <node id="122" lat="43.0554973765" lon="-95.2873037458" version="1" timestamp="2026-09-02T12:00:00Z" changeset="1" uid="1" user="generator"/>
  <node id="123" lat="43.0551560152" lon="-95.2870210971" version="1" timestamp="2026-09-02T12:00:00Z" changeset="1" uid="1" user="generator"/>
  <node id="124" lat="43.0548167598" lon="-95.2867746632" version="1" timestamp="2026-09-02T12:00:00Z" changeset="1" uid="1" user="generator"/>
  <node id="125" lat="43.0544792595" lon="-95.2865638777" version="1" timestamp="2026-09-02T12:00:00Z" changeset="1" uid="1" user="generator"/>
  <node id="126" lat="43.0541429831" lon="-95.2863875703" version="1" timestamp="2026-09-02T12:00:00Z" changeset="1" uid="1" user="generator"/>
  <node id="127" lat="43.0538072108" lon="-95.2862440410" version="1" timestamp="2026-09-02T12:00:00Z" changeset="1" uid="1" user="generator"/>
  <node id="128" lat="43.0534710965" lon="-95.2861311958" version="1" timestamp="2026-09-02T12:00:00Z" changeset="1" uid="1" user="generator"/>
  <node id="129" lat="43.0531337941" lon="-95.2860465835" version="1" timestamp="2026-09-02T12:00:00Z" changeset="1" uid="1" user="generator"/>
  <node id="130" lat="43.0527944668" lon="-95.2859874325" version="1" timestamp="2026-09-02T12:00:00Z" changeset="1" uid="1" user="generator"/>
  <node id="131" lat="43.0524524125" lon="-95.2859506386" version="1" timestamp="2026-09-02T12:00:00Z" changeset="1" uid="1" user="generator"/>
  <node id="132" lat="43.0521070911" lon="-95.2859327529" version="1" timestamp="2026-09-02T12:00:00Z" changeset="1" uid="1" user="generator"/>
  <node id="133" lat="43.0517580888" lon="-95.2859299075" version="1" timestamp="2026-09-02T12:00:00Z" changeset="1" uid="1" user="generator"/>
  <node id="134" lat="43.0514051444" lon="-95.2859378403" version="1" timestamp="2026-09-02T12:00:00Z" changeset="1" uid="1" user="generator"/>
  <node id="135" lat="43.0510480870" lon="-95.2859519444" version="1" timestamp="2026-09-02T12:00:00Z" changeset="1" uid="1" user="generator"/>
  <node id="136" lat="43.0506867907" lon="-95.2859672310" version="1" timestamp="2026-09-02T12:00:00Z" changeset="1" uid="1" user="generator"/>
  <node id="137" lat="43.0503212193" lon="-95.2859784404" version="1" timestamp="2026-09-02T12:00:00Z" changeset="1" uid="1" user="generator"/>
  <node id="138" lat="43.0499513730" lon="-95.2859801156" version="1" timestamp="2026-09-02T12:00:00Z" changeset="1" uid="1" user="generator"/>
  <node id="139" lat="43.0495773596" lon="-95.2859666767" version="1" timestamp="2026-09-02T12:00:00Z" changeset="1" uid="1" user="generator"/>
  <node id="140" lat="43.0491994132" lon="-95.2859325189" version="1" timestamp="2026-09-02T12:00:00Z" changeset="1" uid="1" user="generator"/>
  <node id="141" lat="43.0488179478" lon="-95.2858721730" version="1" timestamp="2026-09-02T12:00:00Z" changeset="1" uid="1" user="generator"/>
  <node id="142" lat="43.0484336024" lon="-95.2857804902" version="1" timestamp="2026-09-02T12:00:00Z" changeset="1" uid="1" user="generator"/>
  <node id="143" lat="43.0480472410" lon="-95.2856528018" version="1" timestamp="2026-09-02T12:00:00Z" changeset="1" uid="1" user="generator"/>
  <node id="144" lat="43.0476598807" lon="-95.2854851539" version="1" timestamp="2026-09-02T12:00:00Z" changeset="1" uid="1" user="generator"/>
  <node id="145" lat="43.0472725653" lon="-95.2852743930" version="1" timestamp="2026-09-02T12:00:00Z" changeset="1" uid="1" user="generator"/>
  <node id="146" lat="43.0468862939" lon="-95.2850182650" version="1" timestamp="2026-09-02T12:00:00Z" changeset="1" uid="1" user="generator"/>
  <node id="147" lat="43.0465018495" lon="-95.2847153162" version="1" timestamp="2026-09-02T12:00:00Z" changeset="1" uid="1" user="generator"/>
  <node id="148" lat="43.0461197451" lon="-95.2843648939" version="1" timestamp="2026-09-02T12:00:00Z" changeset="1" uid="1" user="generator"/>
  <node id="149" lat="43.0457402327" lon="-95.2839669364" version="1" timestamp="2026-09-02T12:00:00Z" changeset="1" uid="1" user="generator"/>
  <node id="150" lat="43.0453633394" lon="-95.2835219612" version="1" timestamp="2026-09-02T12:00:00Z" changeset="1" uid="1" user="generator"/>
  <node id="151" lat="43.0449889480" lon="-95.2830310398" version="1" timestamp="2026-09-02T12:00:00Z" changeset="1" uid="1" user="generator"/>
  <node id="152" lat="43.0446168426" lon="-95.2824957490" version="1" timestamp="2026-09-02T12:00:00Z" changeset="1" uid="1" user="generator"/>
  <node id="153" lat="43.0442467622" lon="-95.2819182075" version="1" timestamp="2026-09-02T12:00:00Z" changeset="1" uid="1" user="generator"/>
  <node id="154" lat="43.0438784639" lon="-95.2813011252" version="1" timestamp="2026-09-02T12:00:00Z" changeset="1" uid="1" user="generator"/>
  <node id="155" lat="43.0435117135" lon="-95.2806477664" version="1" timestamp="2026-09-02T12:00:00Z" changeset="1" uid="1" user="generator"/>
  <node id="156" lat="43.0431462951" lon="-95.2799619867" version="1" timestamp="2026-09-02T12:00:00Z" changeset="1" uid="1" user="generator"/>
  <node id="157" lat="43.0427820558" lon="-95.2792481589" version="1" timestamp="2026-09-02T12:00:00Z" changeset="1" uid="1" user="generator"/>
  <node id="158" lat="43.0424188514" lon="-95.2785112348" version="1" timestamp="2026-09-02T12:00:00Z" changeset="1" uid="1" user="generator"/>
  <node id="159" lat="43.0420565831" lon="-95.2777566098" version="1" timestamp="2026-09-02T12:00:00Z" changeset="1" uid="1" user="generator"/>
  <node id="160" lat="43.0416951967" lon="-95.2769901102" version="1" timestamp="2026-09-02T12:00:00Z" changeset="1" uid="1" user="generator"/>
  <node id="161" lat="43.0413346563" lon="-95.2762179444" version="1" timestamp="2026-09-02T12:00:00Z" changeset="1" uid="1" user="generator"/>
  <node id="162" lat="43.0409749620" lon="-95.2754466285" version="1" timestamp="2026-09-02T12:00:00Z" changeset="1" uid="1" user="generator"/>
  <node id="163" lat="43.0406161496" lon="-95.2746828758" version="1" timestamp="2026-09-02T12:00:00Z" changeset="1" uid="1" user="generator"/>
  <node id="164" lat="43.0402582913" lon="-95.2739335722" version="1" timestamp="2026-09-02T12:00:00Z" changeset="1" uid="1" user="generator"/>
  <node id="165" lat="43.0399015399" lon="-95.2732056896" version="1" timestamp="2026-09-02T12:00:00Z" changeset="1" uid="1" user="generator"/>
  <node id="166" lat="43.0395460575" lon="-95.2725061752" version="1" timestamp="2026-09-02T12:00:00Z" changeset="1" uid="1" user="generator"/>
  <node id="167" lat="43.0391921412" lon="-95.2718418904" version="1" timestamp="2026-09-02T12:00:00Z" changeset="1" uid="1" user="generator"/>
  <node id="168" lat="43.0388401508" lon="-95.2712195237" version="1" timestamp="2026-09-02T12:00:00Z" changeset="1" uid="1" user="generator"/>
  <node id="169" lat="43.0384906085" lon="-95.2706455051" version="1" timestamp="2026-09-02T12:00:00Z" changeset="1" uid="1" user="generator"/>
  <node id="170" lat="43.0381442161" lon="-95.2701258212" version="1" timestamp="2026-09-02T12:00:00Z" changeset="1" uid="1" user="generator"/>
  <node id="171" lat="43.0378019098" lon="-95.2696659535" version="1" timestamp="2026-09-02T12:00:00Z" changeset="1" uid="1" user="generator"/>
  <node id="172" lat="43.0374648685" lon="-95.2692705336" version="1" timestamp="2026-09-02T12:00:00Z" changeset="1" uid="1" user="generator"/>
  <node id="173" lat="43.0371344601" lon="-95.2689431213" version="1" timestamp="2026-09-02T12:00:00Z" changeset="1" uid="1" user="generator"/>
  <node id="174" lat="43.0368120888" lon="-95.2686856875" version="1" timestamp="2026-09-02T12:00:00Z" changeset="1" uid="1" user="generator"/>
  <node id="175" lat="43.0364986455" lon="-95.2684983554" version="1" timestamp="2026-09-02T12:00:00Z" changeset="1" uid="1" user="generator"/>
  <node id="176" lat="43.0361937612" lon="-95.2683793882" version="1" timestamp="2026-09-02T12:00:00Z" changeset="1" uid="1" user="generator"/>
  <node id="177" lat="43.0358950599" lon="-95.2683261622" version="1" timestamp="2026-09-02T12:00:00Z" changeset="1" uid="1" user="generator"/>
  <node id="178" lat="43.0355982126" lon="-95.2683369527" version="1" timestamp="2026-09-02T12:00:00Z" changeset="1" uid="1" user="generator"/>
  <node id="179" lat="43.0352981883" lon="-95.2684122896" version="1" timestamp="2026-09-02T12:00:00Z" changeset="1" uid="1" user="generator"/>
  <node id="180" lat="43.0349910990" lon="-95.2685547226" version="1" timestamp="2026-09-02T12:00:00Z" changeset="1" uid="1" user="generator"/>
  <node id="181" lat="43.0346751627" lon="-95.2687671710" version="1" timestamp="2026-09-02T12:00:00Z" changeset="1" uid="1" user="generator"/>
  <node id="182" lat="43.0343504244" lon="-95.2690512979" version="1" timestamp="2026-09-02T12:00:00Z" changeset="1" uid="1" user="generator"/>
  <node id="183" lat="43.0340180090" lon="-95.2694067952" version="1" timestamp="2026-09-02T12:00:00Z" changeset="1" uid="1" user="generator"/>
  <node id="184" lat="43.0336793387" lon="-95.2698315197" version="1" timestamp="2026-09-02T12:00:00Z" changeset="1" uid="1" user="generator"/>
  <node id="185" lat="43.0333357633" lon="-95.2703218621" version="1" timestamp="2026-09-02T12:00:00Z" changeset="1" uid="1" user="generator"/>
  <node id="186" lat="43.0329884170" lon="-95.2708731171" version="1" timestamp="2026-09-02T12:00:00Z" changeset="1" uid="1" user="generator"/>
  <node id="187" lat="43.0326381456" lon="-95.2714798645" version="1" timestamp="2026-09-02T12:00:00Z" changeset="1" uid="1" user="generator"/>
  <node id="188" lat="43.0322856153" lon="-95.2721361057" version="1" timestamp="2026-09-02T12:00:00Z" changeset="1" uid="1" user="generator"/>
  <node id="189" lat="43.0319313029" lon="-95.2728354353" version="1" timestamp="2026-09-02T12:00:00Z" changeset="1" uid="1" user="generator"/>
  <node id="190" lat="43.0315755596" lon="-95.2735711645" version="1" timestamp="2026-09-02T12:00:00Z" changeset="1" uid="1" user="generator"/>
  <node id="191" lat="43.0312186282" lon="-95.2743363953" version="1" timestamp="2026-09-02T12:00:00Z" changeset="1" uid="1" user="generator"/>
  <node id="192" lat="43.0308606979" lon="-95.2751241064" version="1" timestamp="2026-09-02T12:00:00Z" changeset="1" uid="1" user="generator"/>
  <node id="193" lat="43.0305018765" lon="-95.2759272643" version="1" timestamp="2026-09-02T12:00:00Z" changeset="1" uid="1" user="generator"/>
  <node id="194" lat="43.0301422541" lon="-95.2767388601" version="1" timestamp="2026-09-02T12:00:00Z" changeset="1" uid="1" user="generator"/>
  <node id="195" lat="43.0297818488" lon="-95.2775520202" version="1" timestamp="2026-09-02T12:00:00Z" changeset="1" uid="1" user="generator"/>
  <node id="196" lat="43.0294206694" lon="-95.2783600807" version="1" timestamp="2026-09-02T12:00:00Z" changeset="1" uid="1" user="generator"/>
  <node id="197" lat="43.0290586981" lon="-95.2791566361" version="1" timestamp="2026-09-02T12:00:00Z" changeset="1" uid="1" user="generator"/>
  <node id="198" lat="43.0286958537" lon="-95.2799356385" version="1" timestamp="2026-09-02T12:00:00Z" changeset="1" uid="1" user="generator"/>
  <node id="199" lat="43.0283320643" lon="-95.2806914460" version="1" timestamp="2026-09-02T12:00:00Z" changeset="1" uid="1" user="generator"/>
  <node id="200" lat="43.0279672040" lon="-95.2814188975" version="1" timestamp="2026-09-02T12:00:00Z" changeset="1" uid="1" user="generator"/>
  <node id="201" lat="43.0276010926" lon="-95.2821133368" version="1" timestamp="2026-09-02T12:00:00Z" changeset="1" uid="1" user="generator"/>
  <node id="202" lat="43.0272335412" lon="-95.2827706620" version="1" timestamp="2026-09-02T12:00:00Z" changeset="1" uid="1" user="generator"/>
  <node id="203" lat="43.0268643069" lon="-95.2833873501" version="1" timestamp="2026-09-02T12:00:00Z" changeset="1" uid="1" user="generator"/>
  <node id="204" lat="43.0264931195" lon="-95.2839604571" version="1" timestamp="2026-09-02T12:00:00Z" changeset="1" uid="1" user="generator"/>
  <node id="205" lat="43.0261196731" lon="-95.2844876304" version="1" timestamp="2026-09-02T12:00:00Z" changeset="1" uid="1" user="generator"/>
  <node id="206" lat="43.0257436977" lon="-95.2849670344" version="1" timestamp="2026-09-02T12:00:00Z" changeset="1" uid="1" user="generator"/>
  <node id="207" lat="43.0253649504" lon="-95.2853974129" version="1" timestamp="2026-09-02T12:00:00Z" changeset="1" uid="1" user="generator"/>
  <node id="208" lat="43.0249833410" lon="-95.2857779773" version="1" timestamp="2026-09-02T12:00:00Z" changeset="1" uid="1" user="generator"/>
  <node id="209" lat="43.0245989596" lon="-95.2861084568" version="1" timestamp="2026-09-02T12:00:00Z" changeset="1" uid="1" user="generator"/>
  <node id="210" lat="43.0242121662" lon="-95.2863891593" version="1" timestamp="2026-09-02T12:00:00Z" changeset="1" uid="1" user="generator"/>
  <node id="211" lat="43.0238236538" lon="-95.2866211071" version="1" timestamp="2026-09-02T12:00:00Z" changeset="1" uid="1" user="generator"/>
  <node id="212" lat="43.0234343584" lon="-95.2868060865" version="1" timestamp="2026-09-02T12:00:00Z" changeset="1" uid="1" user="generator"/>
  <node id="213" lat="43.0231359631" lon="-95.2869468195" version="1" timestamp="2026-09-02T12:00:00Z" changeset="1" uid="1" user="generator"/>
  <node id="214" lat="43.0231359631" lon="-95.2870469279" version="1" timestamp="2026-09-02T12:00:00Z" changeset="1" uid="1" user="generator"/>
  <node id="215" lat="43.0231359631" lon="-95.2871108583" version="1" timestamp="2026-09-02T12:00:00Z" changeset="1" uid="1" user="generator"/>
  <node id="216" lat="43.0231359631" lon="-95.2871436981" version="1" timestamp="2026-09-02T12:00:00Z" changeset="1" uid="1" user="generator"/>
  <node id="217" lat="43.0231359631" lon="-95.2871509287" version="1" timestamp="2026-09-02T12:00:00Z" changeset="1" uid="1" user="generator"/>
  <node id="218" lat="43.0231359631" lon="-95.2871382535" version="1" timestamp="2026-09-02T12:00:00Z" changeset="1" uid="1" user="generator"/>
  <node id="219" lat="43.0231359631" lon="-95.2871114003" version="1" timestamp="2026-09-02T12:00:00Z" changeset="1" uid="1" user="generator"/>
  <node id="220" lat="43.0231359631" lon="-95.2870761708" version="1" timestamp="2026-09-02T12:00:00Z" changeset="1" uid="1" user="generator"/>
  <node id="221" lat="43.0231359631" lon="-95.2859703228" version="1" timestamp="2026-09-02T12:00:00Z" changeset="1" uid="1" user="generator"/>
  <node id="222" lat="43.0231359631" lon="-95.2860049117" version="1" timestamp="2026-09-02T12:00:00Z" changeset="1" uid="1" user="generator"/>
  <node id="223" lat="43.0231359631" lon="-95.2860304716" version="1" timestamp="2026-09-02T12:00:00Z" changeset="1" uid="1" user="generator"/>
  <node id="224" lat="43.0231359631" lon="-95.2860423215" version="1" timestamp="2026-09-02T12:00:00Z" changeset="1" uid="1" user="generator"/>
  <node id="225" lat="43.0231359631" lon="-95.2860358915" version="1" timestamp="2026-09-02T12:00:00Z" changeset="1" uid="1" user="generator"/>
  <node id="226" lat="43.0231359631" lon="-95.2860068949" version="1" timestamp="2026-09-02T12:00:00Z" changeset="1" uid="1" user="generator"/>
  <node id="227" lat="43.0231359631" lon="-95.2859513777" version="1" timestamp="2026-09-02T12:00:00Z" changeset="1" uid="1" user="generator"/>
  <node id="228" lat="43.0231359631" lon="-95.2858655706" version="1" timestamp="2026-09-02T12:00:00Z" changeset="1" uid="1" user="generator"/>
  <node id="229" lat="43.0231975682" lon="-95.2857458889" version="1" timestamp="2026-09-02T12:00:00Z" changeset="1" uid="1" user="generator"/>
  <node id="230" lat="43.0235282735" lon="-95.2855888222" version="1" timestamp="2026-09-02T12:00:00Z" changeset="1" uid="1" user="generator"/>
  <node id="231" lat="43.0238597619" lon="-95.2853909705" version="1" timestamp="2026-09-02T12:00:00Z" changeset="1" uid="1" user="generator"/>
  <node id="232" lat="43.0241929692" lon="-95.2851491437" version="1" timestamp="2026-09-02T12:00:00Z" changeset="1" uid="1" user="generator"/>
  <node id="233" lat="43.0245285885" lon="-95.2848605577" version="1" timestamp="2026-09-02T12:00:00Z" changeset="1" uid="1" user="generator"/>
  <node id="234" lat="43.0248669799" lon="-95.2845230569" version="1" timestamp="2026-09-02T12:00:00Z" changeset="1" uid="1" user="generator"/>
  <node id="235" lat="43.0252082332" lon="-95.2841352002" version="1" timestamp="2026-09-02T12:00:00Z" changeset="1" uid="1" user="generator"/>
  <node id="236" lat="43.0255522586" lon="-95.2836964702" version="1" timestamp="2026-09-02T12:00:00Z" changeset="1" uid="1" user="generator"/>
  <node id="237" lat="43.0258988129" lon="-95.2832071748" version="1" timestamp="2026-09-02T12:00:00Z" changeset="1" uid="1" user="generator"/>
  <node id="238" lat="43.0262476262" lon="-95.2826685705" version="1" timestamp="2026-09-02T12:00:00Z" changeset="1" uid="1" user="generator"/>
  <node id="239" lat="43.0265983926" lon="-95.2820826650" version="1" timestamp="2026-09-02T12:00:00Z" changeset="1" uid="1" user="generator"/>
  <node id="240" lat="43.0269508420" lon="-95.2814522916" version="1" timestamp="2026-09-02T12:00:00Z" changeset="1" uid="1" user="generator"/>
  <node id="241" lat="43.0273047313" lon="-95.2807809855" version="1" timestamp="2026-09-02T12:00:00Z" changeset="1" uid="1" user="generator"/>
  <node id="242" lat="43.0276598717" lon="-95.2800728979" version="1" timestamp="2026-09-02T12:00:00Z" changeset="1" uid="1" user="generator"/>
  <node id="243" lat="43.0280160830" lon="-95.2793327958" version="1" timestamp="2026-09-02T12:00:00Z" changeset="1" uid="1" user="generator"/>
  <node id="244" lat="43.0283732394" lon="-95.2785659513" version="1" timestamp="2026-09-02T12:00:00Z" changeset="1" uid="1" user="generator"/>
  <node id="245" lat="43.0287312687" lon="-95.2777780800" version="1" timestamp="2026-09-02T12:00:00Z" changeset="1" uid="1" user="generator"/>
  <node id="246" lat="43.0290900901" lon="-95.2769752794" version="1" timestamp="2026-09-02T12:00:00Z" changeset="1" uid="1" user="generator"/>
  <node id="247" lat="43.0294496854" lon="-95.2761639300" version="1" timestamp="2026-09-02T12:00:00Z" changeset="1" uid="1" user="generator"/>
  <node id="248" lat="43.0298100638" lon="-95.2753506590" version="1" timestamp="2026-09-02T12:00:00Z" changeset="1" uid="1" user="generator"/>
  <node id="249" lat="43.0301712432" lon="-95.2745422167" version="1" timestamp="2026-09-02T12:00:00Z" changeset="1" uid="1" user="generator"/>
  <node id="250" lat="43.0305333135" lon="-95.2737454148" version="1" timestamp="2026-09-02T12:00:00Z" changeset="1" uid="1" user="generator"/>
  <node id="251" lat="43.0308963829" lon="-95.2729670407" version="1" timestamp="2026-09-02T12:00:00Z" changeset="1" uid="1" user="generator"/>
  <node id="252" lat="43.0312606403" lon="-95.2722137584" version="1" timestamp="2026-09-02T12:00:00Z" changeset="1" uid="1" user="generator"/>
  <node id="253" lat="43.0316263286" lon="-95.2714920470" version="1" timestamp="2026-09-02T12:00:00Z" changeset="1" uid="1" user="generator"/>
  <node id="254" lat="43.0319937990" lon="-95.2708080780" version="1" timestamp="2026-09-02T12:00:00Z" changeset="1" uid="1" user="generator"/>
  <node id="255" lat="43.0323635284" lon="-95.2701677271" version="1" timestamp="2026-09-02T12:00:00Z" changeset="1" uid="1" user="generator"/>
  <node id="256" lat="43.0327361827" lon="-95.2695764756" version="1" timestamp="2026-09-02T12:00:00Z" changeset="1" uid="1" user="generator"/>
  <node id="257" lat="43.0331126081" lon="-95.2690394480" version="1" timestamp="2026-09-02T12:00:00Z" changeset="1" uid="1" user="generator"/>
  <node id="258" lat="43.0334939385" lon="-95.2685614851" version="1" timestamp="2026-09-02T12:00:00Z" changeset="1" uid="1" user="generator"/>
  <node id="259" lat="43.0338815239" lon="-95.2681473295" version="1" timestamp="2026-09-02T12:00:00Z" changeset="1" uid="1" user="generator"/>
  <node id="260" lat="43.0342767863" lon="-95.2678018960" version="1" timestamp="2026-09-02T12:00:00Z" changeset="1" uid="1" user="generator"/>
  <node id="261" lat="43.0346808507" lon="-95.2675306414" version="1" timestamp="2026-09-02T12:00:00Z" changeset="1" uid="1" user="generator"/>
  <node id="262" lat="43.0350937621" lon="-95.2673395524" version="1" timestamp="2026-09-02T12:00:00Z" changeset="1" uid="1" user="generator"/>
  <node id="263" lat="43.0355137385" lon="-95.2672343813" version="1" timestamp="2026-09-02T12:00:00Z" changeset="1" uid="1" user="generator"/>
  <node id="264" lat="43.0359368919" lon="-95.2672190208" version="1" timestamp="2026-09-02T12:00:00Z" changeset="1" uid="1" user="generator"/>
  <node id="265" lat="43.0363581914" lon="-95.2672938526" version="1" timestamp="2026-09-02T12:00:00Z" changeset="1" uid="1" user="generator"/>
  <node id="266" lat="43.0367733078" lon="-95.2674554154" version="1" timestamp="2026-09-02T12:00:00Z" changeset="1" uid="1" user="generator"/>
  <node id="267" lat="43.0371798652" lon="-95.2676979321" version="1" timestamp="2026-09-02T12:00:00Z" changeset="1" uid="1" user="generator"/>
  <node id="268" lat="43.0375774946" lon="-95.2680150219" version="1" timestamp="2026-09-02T12:00:00Z" changeset="1" uid="1" user="generator"/>
  <node id="269" lat="43.0379670870" lon="-95.2684007353" version="1" timestamp="2026-09-02T12:00:00Z" changeset="1" uid="1" user="generator"/>
  <node id="270" lat="43.0383500464" lon="-95.2688497262" version="1" timestamp="2026-09-02T12:00:00Z" changeset="1" uid="1" user="generator"/>
  <node id="271" lat="43.0387277407" lon="-95.2693569197" version="1" timestamp="2026-09-02T12:00:00Z" changeset="1" uid="1" user="generator"/>
  <node id="272" lat="43.0391013491" lon="-95.2699172776" version="1" timestamp="2026-09-02T12:00:00Z" changeset="1" uid="1" user="generator"/>
  <node id="273" lat="43.0394718075" lon="-95.2705255402" version="1" timestamp="2026-09-02T12:00:00Z" changeset="1" uid="1" user="generator"/>
  <node id="274" lat="43.0398398178" lon="-95.2711761397" version="1" timestamp="2026-09-02T12:00:00Z" changeset="1" uid="1" user="generator"/>
  <node id="275" lat="43.0402059022" lon="-95.2718631759" version="1" timestamp="2026-09-02T12:00:00Z" changeset="1" uid="1" user="generator"/>
  <node id="276" lat="43.0405704206" lon="-95.2725804404" version="1" timestamp="2026-09-02T12:00:00Z" changeset="1" uid="1" user="generator"/>
  <node id="277" lat="43.0409336699" lon="-95.2733215280" version="1" timestamp="2026-09-02T12:00:00Z" changeset="1" uid="1" user="generator"/>
  <node id="278" lat="43.0412958123" lon="-95.2740798114" version="1" timestamp="2026-09-02T12:00:00Z" changeset="1" uid="1" user="generator"/>
  <node id="279" lat="43.0416570007" lon="-95.2748486021" version="1" timestamp="2026-09-02T12:00:00Z" changeset="1" uid="1" user="generator"/>
  <node id="280" lat="43.0420173070" lon="-95.2756212361" version="1" timestamp="2026-09-02T12:00:00Z" changeset="1" uid="1" user="generator"/>
  <node id="281" lat="43.0423767674" lon="-95.2763910738" version="1" timestamp="2026-09-02T12:00:00Z" changeset="1" uid="1" user="generator"/>
  <node id="282" lat="43.0427353817" lon="-95.2771516977" version="1" timestamp="2026-09-02T12:00:00Z" changeset="1" uid="1" user="generator"/>
  <node id="283" lat="43.0430931141" lon="-95.2778969241" version="1" timestamp="2026-09-02T12:00:00Z" changeset="1" uid="1" user="generator"/>
  <node id="284" lat="43.0434499104" lon="-95.2786208650" version="1" timestamp="2026-09-02T12:00:00Z" changeset="1" uid="1" user="generator"/>
  <node id="285" lat="43.0438056718" lon="-95.2793180881" version="1" timestamp="2026-09-02T12:00:00Z" changeset="1" uid="1" user="generator"/>
  <node id="286" lat="43.0441602542" lon="-95.2799835924" version="1" timestamp="2026-09-02T12:00:00Z" changeset="1" uid="1" user="generator"/>
  <node id="287" lat="43.0445135045" lon="-95.2806129311" version="1" timestamp="2026-09-02T12:00:00Z" changeset="1" uid="1" user="generator"/>
  <node id="288" lat="43.0448652069" lon="-95.2812022610" version="1" timestamp="2026-09-02T12:00:00Z" changeset="1" uid="1" user="generator"/>
  <node id="289" lat="43.0452151272" lon="-95.2817484162" version="1" timestamp="2026-09-02T12:00:00Z" changeset="1" uid="1" user="generator"/>
  <node id="290" lat="43.0455630226" lon="-95.2822489456" version="1" timestamp="2026-09-02T12:00:00Z" changeset="1" uid="1" user="generator"/>
  <node id="291" lat="43.0459086319" lon="-95.2827021863" version="1" timestamp="2026-09-02T12:00:00Z" changeset="1" uid="1" user="generator"/>
  <node id="292" lat="43.0462517393" lon="-95.2831073374" version="1" timestamp="2026-09-02T12:00:00Z" changeset="1" uid="1" user="generator"/>
  <node id="293" lat="43.0465922276" lon="-95.2834644238" version="1" timestamp="2026-09-02T12:00:00Z" changeset="1" uid="1" user="generator"/>
  <node id="294" lat="43.0469301239" lon="-95.2837743322" version="1" timestamp="2026-09-02T12:00:00Z" changeset="1" uid="1" user="generator"/>
  <node id="295" lat="43.0472656803" lon="-95.2840387626" version="1" timestamp="2026-09-02T12:00:00Z" changeset="1" uid="1" user="generator"/>
  <node id="296" lat="43.0475994096" lon="-95.2842600308" version="1" timestamp="2026-09-02T12:00:00Z" changeset="1" uid="1" user="generator"/>
  <node id="297" lat="43.0479320949" lon="-95.2844410191" version="1" timestamp="2026-09-02T12:00:00Z" changeset="1" uid="1" user="generator"/>
  <node id="298" lat="43.0482647353" lon="-95.2845848933" version="1" timestamp="2026-09-02T12:00:00Z" changeset="1" uid="1" user="generator"/>
  <node id="299" lat="43.0485983746" lon="-95.2846950531" version="1" timestamp="2026-09-02T12:00:00Z" changeset="1" uid="1" user="generator"/>
  <node id="300" lat="43.0489340299" lon="-95.2847749969" version="1" timestamp="2026-09-02T12:00:00Z" changeset="1" uid="1" user="generator"/>
  <node id="301" lat="43.0492725653" lon="-95.2848284200" version="1" timestamp="2026-09-02T12:00:00Z" changeset="1" uid="1" user="generator"/>
  <node id="302" lat="43.0496146196" lon="-95.2848592273" version="1" timestamp="2026-09-02T12:00:00Z" changeset="1" uid="1" user="generator"/>
  <node id="303" lat="43.0499606070" lon="-95.2848715700" version="1" timestamp="2026-09-02T12:00:00Z" changeset="1" uid="1" user="generator"/>
  <node id="304" lat="43.0503107613" lon="-95.2848699194" version="1" timestamp="2026-09-02T12:00:00Z" changeset="1" uid="1" user="generator"/>
  <node id="305" lat="43.0506651907" lon="-95.2848590056" version="1" timestamp="2026-09-02T12:00:00Z" changeset="1" uid="1" user="generator"/>
  <node id="306" lat="43.0510238950" lon="-95.2848438175" version="1" timestamp="2026-09-02T12:00:00Z" changeset="1" uid="1" user="generator"/>
  <node id="307" lat="43.0513868384" lon="-95.2848295040" version="1" timestamp="2026-09-02T12:00:00Z" changeset="1" uid="1" user="generator"/>
  <node id="308" lat="43.0517538948" lon="-95.2848213002" version="1" timestamp="2026-09-02T12:00:00Z" changeset="1" uid="1" user="generator"/>
  <node id="309" lat="43.0521248931" lon="-95.2848243920" version="1" timestamp="2026-09-02T12:00:00Z" changeset="1" uid="1" user="generator"/>
  <node id="310" lat="43.0524995725" lon="-95.2848439037" version="1" timestamp="2026-09-02T12:00:00Z" changeset="1" uid="1" user="generator"/>
  <node id="311" lat="43.0528775189" lon="-95.2848846517" version="1" timestamp="2026-09-02T12:00:00Z" changeset="1" uid="1" user="generator"/>
  <node id="312" lat="43.0532581923" lon="-95.2849511196" version="1" timestamp="2026-09-02T12:00:00Z" changeset="1" uid="1" user="generator"/>
  <node id="313" lat="43.0536408906" lon="-95.2850472123" version="1" timestamp="2026-09-02T12:00:00Z" changeset="1" uid="1" user="generator"/>
  <node id="314" lat="43.0540247770" lon="-95.2851761693" version="1" timestamp="2026-09-02T12:00:00Z" changeset="1" uid="1" user="generator"/>
  <node id="315" lat="43.0544090054" lon="-95.2853404421" version="1" timestamp="2026-09-02T12:00:00Z" changeset="1" uid="1" user="generator"/>
  <node id="316" lat="43.0547927298" lon="-95.2855416319" version="1" timestamp="2026-09-02T12:00:00Z" changeset="1" uid="1" user="generator"/>
  <node id="317" lat="43.0551752302" lon="-95.2857805148" version="1" timestamp="2026-09-02T12:00:00Z" changeset="1" uid="1" user="generator"/>
  <node id="318" lat="43.0555559756" lon="-95.2860570538" version="1" timestamp="2026-09-02T12:00:00Z" changeset="1" uid="1" user="generator"/>
  <node id="319" lat="43.0559346149" lon="-95.2863705221" version="1" timestamp="2026-09-02T12:00:00Z" changeset="1" uid="1" user="generator"/>
  <node id="320" lat="43.0563110043" lon="-95.2867195525" version="1" timestamp="2026-09-02T12:00:00Z" changeset="1" uid="1" user="generator"/>
  <node id="321" lat="43.0566851077" lon="-95.2871021864" version="1" timestamp="2026-09-02T12:00:00Z" changeset="1" uid="1" user="generator"/>
  <node id="322" lat="43.0570570151" lon="-95.2875159109" version="1" timestamp="2026-09-02T12:00:00Z" changeset="1" uid="1" user="generator"/>
  <node id="323" lat="43.0574268434" lon="-95.2879577204" version="1" timestamp="2026-09-02T12:00:00Z" changeset="1" uid="1" user="generator"/>
  <node id="324" lat="43.0577947548" lon="-95.2884240305" version="1" timestamp="2026-09-02T12:00:00Z" changeset="1" uid="1" user="generator"/>
  <node id="325" lat="43.0581608842" lon="-95.2889108130" version="1" timestamp="2026-09-02T12:00:00Z" changeset="1" uid="1" user="generator"/>
  <node id="326" lat="43.0585253395" lon="-95.2894135227" version="1" timestamp="2026-09-02T12:00:00Z" changeset="1" uid="1" user="generator"/>
  <node id="327" lat="43.0588882199" lon="-95.2899271954" version="1" timestamp="2026-09-02T12:00:00Z" changeset="1" uid="1" user="generator"/>
  <node id="328" lat="43.0592495612" lon="-95.2904464605" version="1" timestamp="2026-09-02T12:00:00Z" changeset="1" uid="1" user="generator"/>
  <node id="329" lat="43.0596093366" lon="-95.2909656024" version="1" timestamp="2026-09-02T12:00:00Z" changeset="1" uid="1" user="generator"/>
  <node id="330" lat="43.0599674740" lon="-95.2914786222" version="1" timestamp="2026-09-02T12:00:00Z" changeset="1" uid="1" user="generator"/>
  <node id="331" lat="43.0603238293" lon="-95.2919793241" version="1" timestamp="2026-09-02T12:00:00Z" changeset="1" uid="1" user="generator"/>
  <node id="332" lat="43.0606781687" lon="-95.2924613519" version="1" timestamp="2026-09-02T12:00:00Z" changeset="1" uid="1" user="generator"/>
  <node id="333" lat="43.0610301410" lon="-95.2929183249" version="1" timestamp="2026-09-02T12:00:00Z" changeset="1" uid="1" user="generator"/>
  <node id="334" lat="43.0613792784" lon="-95.2933439486" version="1" timestamp="2026-09-02T12:00:00Z" changeset="1" uid="1" user="generator"/>
  <node id="335" lat="43.0617249417" lon="-95.2937321255" version="1" timestamp="2026-09-02T12:00:00Z" changeset="1" uid="1" user="generator"/>
  <node id="336" lat="43.0620663211" lon="-95.2940771033" version="1" timestamp="2026-09-02T12:00:00Z" changeset="1" uid="1" user="generator"/>
  <node id="337" lat="43.0624024624" lon="-95.2943737945" version="1" timestamp="2026-09-02T12:00:00Z" changeset="1" uid="1" user="generator"/>
  <node id="338" lat="43.0627323037" lon="-95.2946179372" version="1" timestamp="2026-09-02T12:00:00Z" changeset="1" uid="1" user="generator"/>
  <node id="339" lat="43.0630549541" lon="-95.2948064888" version="1" timestamp="2026-09-02T12:00:00Z" changeset="1" uid="1" user="generator"/>
  <node id="340" lat="43.0633700804" lon="-95.2949377616" version="1" timestamp="2026-09-02T12:00:00Z" changeset="1" uid="1" user="generator"/>
  <node id="341" lat="43.0636784567" lon="-95.2950112508" version="1" timestamp="2026-09-02T12:00:00Z" changeset="1" uid="1" user="generator"/>
  <node id="342" lat="43.0639823330" lon="-95.2950267838" version="1" timestamp="2026-09-02T12:00:00Z" changeset="1" uid="1" user="generator"/>
  <node id="343" lat="43.0642853093" lon="-95.2949834244" version="1" timestamp="2026-09-02T12:00:00Z" changeset="1" uid="1" user="generator"/>
  <node id="344" lat="43.0645912646" lon="-95.2948787092" version="1" timestamp="2026-09-02T12:00:00Z" changeset="1" uid="1" user="generator"/>
  <node id="345" lat="43.0649032409" lon="-95.2947088563" version="1" timestamp="2026-09-02T12:00:00Z" changeset="1" uid="1" user="generator"/>
  <node id="346" lat="43.0652227232" lon="-95.2944700720" version="1" timestamp="2026-09-02T12:00:00Z" changeset="1" uid="1" user="generator"/>
  <node id="347" lat="43.0655497745" lon="-95.2941596339" version="1" timestamp="2026-09-02T12:00:00Z" changeset="1" uid="1" user="generator"/>
  <node id="348" lat="43.0658835939" lon="-95.2937764950" version="1" timestamp="2026-09-02T12:00:00Z" changeset="1" uid="1" user="generator"/>
  <node id="349" lat="43.0662230562" lon="-95.2933212711" version="1" timestamp="2026-09-02T12:00:00Z" changeset="1" uid="1" user="generator"/>
  <node id="350" lat="43.0665670276" lon="-95.2927960441" version="1" timestamp="2026-09-02T12:00:00Z" changeset="1" uid="1" user="generator"/>
  <node id="351" lat="43.0669145179" lon="-95.2922040043" version="1" timestamp="2026-09-02T12:00:00Z" changeset="1" uid="1" user="generator"/>
  <node id="352" lat="43.0672647443" lon="-95.2915492536" version="1" timestamp="2026-09-02T12:00:00Z" changeset="1" uid="1" user="generator"/>
  <node id="353" lat="43.0676171126" lon="-95.2908366207" version="1" timestamp="2026-09-02T12:00:00Z" changeset="1" uid="1" user="generator"/>
  <node id="354" lat="43.0679711640" lon="-95.2900715500" version="1" timestamp="2026-09-02T12:00:00Z" changeset="1" uid="1" user="generator"/>
  <node id="355" lat="43.0683265473" lon="-95.2892599542" version="1" timestamp="2026-09-02T12:00:00Z" changeset="1" uid="1" user="generator"/>
  <node id="356" lat="43.0686830197" lon="-95.2884082018" version="1" timestamp="2026-09-02T12:00:00Z" changeset="1" uid="1" user="generator"/>
  <node id="357" lat="43.0690403920" lon="-95.2875229814" version="1" timestamp="2026-09-02T12:00:00Z" changeset="1" uid="1" user="generator"/>
  <node id="358" lat="43.0693985294" lon="-95.2866112527" version="1" timestamp="2026-09-02T12:00:00Z" changeset="1" uid="1" user="generator"/>
  <node id="359" lat="43.0697573508" lon="-95.2856801724" version="1" timestamp="2026-09-02T12:00:00Z" changeset="1" uid="1" user="generator"/>
  <node id="360" lat="43.0701167931" lon="-95.2847369959" version="1" timestamp="2026-09-02T12:00:00Z" changeset="1" uid="1" user="generator"/>
  <node id="361" lat="43.0704768205" lon="-95.2837890153" version="1" timestamp="2026-09-02T12:00:00Z" changeset="1" uid="1" user="generator"/>
  <node id="362" lat="43.0708374328" lon="-95.2828434490" version="1" timestamp="2026-09-02T12:00:00Z" changeset="1" uid="1" user="generator"/>
  <node id="363" lat="43.0711986572" lon="-95.2819074046" version="1" timestamp="2026-09-02T12:00:00Z" changeset="1" uid="1" user="generator"/>
  <node id="364" lat="43.0715605296" lon="-95.2809877554" version="1" timestamp="2026-09-02T12:00:00Z" changeset="1" uid="1" user="generator"/>
  <node id="365" lat="43.0719231399" lon="-95.2800910916" version="1" timestamp="2026-09-02T12:00:00Z" changeset="1" uid="1" user="generator"/>
  <node id="366" lat="43.0722865873" lon="-95.2792236337" version="1" timestamp="2026-09-02T12:00:00Z" changeset="1" uid="1" user="generator"/>
  <node id="367" lat="43.0726510247" lon="-95.2783911467" version="1" timestamp="2026-09-02T12:00:00Z" changeset="1" uid="1" user="generator"/>
  <node id="368" lat="43.0730166500" lon="-95.2775989271" version="1" timestamp="2026-09-02T12:00:00Z" changeset="1" uid="1" user="generator"/>
  <node id="369" lat="43.0733837244" lon="-95.2768517052" version="1" timestamp="2026-09-02T12:00:00Z" changeset="1" uid="1" user="generator"/>
  <node id="370" lat="43.0737525808" lon="-95.2761536198" version="1" timestamp="2026-09-02T12:00:00Z" changeset="1" uid="1" user="generator"/>
  <node id="371" lat="43.0741236331" lon="-95.2755082431" version="1" timestamp="2026-09-02T12:00:00Z" changeset="1" uid="1" user="generator"/>
  <node id="372" lat="43.0744973855" lon="-95.2749185560" version="1" timestamp="2026-09-02T12:00:00Z" changeset="1" uid="1" user="generator"/>
  <node id="373" lat="43.0748744409" lon="-95.2743869730" version="1" timestamp="2026-09-02T12:00:00Z" changeset="1" uid="1" user="generator"/>
  <node id="374" lat="43.0752554293" lon="-95.2739154894" version="1" timestamp="2026-09-02T12:00:00Z" changeset="1" uid="1" user="generator"/>
  <node id="375" lat="43.0756409356" lon="-95.2735057313" version="1" timestamp="2026-09-02T12:00:00Z" changeset="1" uid="1" user="generator"/>
  <node id="376" lat="43.0760313650" lon="-95.2731590659" version="1" timestamp="2026-09-02T12:00:00Z" changeset="1" uid="1" user="generator"/>
  <node id="377" lat="43.0764266904" lon="-95.2728765404" version="1" timestamp="2026-09-02T12:00:00Z" changeset="1" uid="1" user="generator"/>
  <node id="378" lat="43.0768262458" lon="-95.2726587706" version="1" timestamp="2026-09-02T12:00:00Z" changeset="1" uid="1" user="generator"/>
  <node id="379" lat="43.0772286542" lon="-95.2725054978" version="1" timestamp="2026-09-02T12:00:00Z" changeset="1" uid="1" user="generator"/>
  <node id="380" lat="43.0776319446" lon="-95.2724151453" version="1" timestamp="2026-09-02T12:00:00Z" changeset="1" uid="1" user="generator"/>
  <node id="381" lat="43.0780339570" lon="-95.2723845720" version="1" timestamp="2026-09-02T12:00:00Z" changeset="1" uid="1" user="generator"/>
  <node id="382" lat="43.0784328014" lon="-95.2724091341" version="1" timestamp="2026-09-02T12:00:00Z" changeset="1" uid="1" user="generator"/>
  <node id="383" lat="43.0788271638" lon="-95.2724830544" version="1" timestamp="2026-09-02T12:00:00Z" changeset="1" uid="1" user="generator"/>
  <node id="384" lat="43.0792164232" lon="-95.2725999891" version="1" timestamp="2026-09-02T12:00:00Z" changeset="1" uid="1" user="generator"/>
  <node id="385" lat="43.0796004626" lon="-95.2727534097" version="1" timestamp="2026-09-02T12:00:00Z" changeset="1" uid="1" user="generator"/>
  <node id="386" lat="43.0799795340" lon="-95.2729368370" version="1" timestamp="2026-09-02T12:00:00Z" changeset="1" uid="1" user="generator"/>
  <node id="387" lat="43.0803540244" lon="-95.2731439394" version="1" timestamp="2026-09-02T12:00:00Z" changeset="1" uid="1" user="generator"/>
  <node id="388" lat="43.0807243657" lon="-95.2733685704" version="1" timestamp="2026-09-02T12:00:00Z" changeset="1" uid="1" user="generator"/>
  <node id="389" lat="43.0810909451" lon="-95.2736047680" version="1" timestamp="2026-09-02T12:00:00Z" changeset="1" uid="1" user="generator"/>
  <node id="390" lat="43.0814540595" lon="-95.2738467673" version="1" timestamp="2026-09-02T12:00:00Z" changeset="1" uid="1" user="generator"/>
  <node id="391" lat="43.0818139338" lon="-95.2740890499" version="1" timestamp="2026-09-02T12:00:00Z" changeset="1" uid="1" user="generator"/>
  <node id="392" lat="43.0821706852" lon="-95.2743263931" version="1" timestamp="2026-09-02T12:00:00Z" changeset="1" uid="1" user="generator"/>
  <node id="393" lat="43.0825243855" lon="-95.2745539187" version="1" timestamp="2026-09-02T12:00:00Z" changeset="1" uid="1" user="generator"/>
  <node id="394" lat="43.0828750529" lon="-95.2747671432" version="1" timestamp="2026-09-02T12:00:00Z" changeset="1" uid="1" user="generator"/>
  <node id="395" lat="43.0832227052" lon="-95.2749621248" version="1" timestamp="2026-09-02T12:00:00Z" changeset="1" uid="1" user="generator"/>
  <node id="396" lat="43.0835673606" lon="-95.2751354636" version="1" timestamp="2026-09-02T12:00:00Z" changeset="1" uid="1" user="generator"/>
  <node id="397" lat="43.0839091269" lon="-95.2752843635" version="1" timestamp="2026-09-02T12:00:00Z" changeset="1" uid="1" user="generator"/>
  <node id="398" lat="43.0842482202" lon="-95.2754066566" version="1" timestamp="2026-09-02T12:00:00Z" changeset="1" uid="1" user="generator"/>
  <node id="399" lat="43.0845850276" lon="-95.2755008030" version="1" timestamp="2026-09-02T12:00:00Z" changeset="1" uid="1" user="generator"/>
  <node id="400" lat="43.0849201159" lon="-95.2755657928" version="1" timestamp="2026-09-02T12:00:00Z" changeset="1" uid="1" user="generator"/>
  <node id="401" lat="43.0852542053" lon="-95.2756011824" version="1" timestamp="2026-09-02T12:00:00Z" changeset="1" uid="1" user="generator"/>
  <node id="402" lat="43.0855881146" lon="-95.2756068733" version="1" timestamp="2026-09-02T12:00:00Z" changeset="1" uid="1" user="generator"/>
  <node id="403" lat="43.0859227169" lon="-95.2755832474" version="1" timestamp="2026-09-02T12:00:00Z" changeset="1" uid="1" user="generator"/>
  <node id="404" lat="43.0862588133" lon="-95.2755310191" version="1" timestamp="2026-09-02T12:00:00Z" changeset="1" uid="1" user="generator"/>
  <node id="405" lat="43.0865970516" lon="-95.2754513832" version="1" timestamp="2026-09-02T12:00:00Z" changeset="1" uid="1" user="generator"/>
  <node id="406" lat="43.0869379269" lon="-95.2753460397" version="1" timestamp="2026-09-02T12:00:00Z" changeset="1" uid="1" user="generator"/>
  <node id="407" lat="43.0872817723" lon="-95.2752172428" version="1" timestamp="2026-09-02T12:00:00Z" changeset="1" uid="1" user="generator"/>
  <node id="408" lat="43.0876287766" lon="-95.2750678378" version="1" timestamp="2026-09-02T12:00:00Z" changeset="1" uid="1" user="generator"/>
  <node id="409" lat="43.0879790390" lon="-95.2749012616" version="1" timestamp="2026-09-02T12:00:00Z" changeset="1" uid="1" user="generator"/>
  <node id="410" lat="43.0883326133" lon="-95.2747214928" version="1" timestamp="2026-09-02T12:00:00Z" changeset="1" uid="1" user="generator"/>
  <node id="411" lat="43.0886895627" lon="-95.2745329782" version="1" timestamp="2026-09-02T12:00:00Z" changeset="1" uid="1" user="generator"/>
  <node id="412" lat="43.0890499770" lon="-95.2743406203" version="1" timestamp="2026-09-02T12:00:00Z" changeset="1" uid="1" user="generator"/>
  <node id="413" lat="43.0894140094" lon="-95.2741496545" version="1" timestamp="2026-09-02T12:00:00Z" changeset="1" uid="1" user="generator"/>
  <node id="414" lat="43.0897818668" lon="-95.2739656236" version="1" timestamp="2026-09-02T12:00:00Z" changeset="1" uid="1" user="generator"/>
  <node id="415" lat="43.0901538462" lon="-95.2737943173" version="1" timestamp="2026-09-02T12:00:00Z" changeset="1" uid="1" user="generator"/>
  <node id="416" lat="43.0905302445" lon="-95.2736417343" version="1" timestamp="2026-09-02T12:00:00Z" changeset="1" uid="1" user="generator"/>
  <node id="417" lat="43.0909113589" lon="-95.2735140706" version="1" timestamp="2026-09-02T12:00:00Z" changeset="1" uid="1" user="generator"/>
  <node id="418" lat="43.0912973693" lon="-95.2734176576" version="1" timestamp="2026-09-02T12:00:00Z" changeset="1" uid="1" user="generator"/>
  <node id="419" lat="43.0916881857" lon="-95.2733588885" version="1" timestamp="2026-09-02T12:00:00Z" changeset="1" uid="1" user="generator"/>
  <node id="420" lat="43.0920832681" lon="-95.2733439837" version="1" timestamp="2026-09-02T12:00:00Z" changeset="1" uid="1" user="generator"/>
  <node id="421" lat="43.0924815905" lon="-95.2733787081" version="1" timestamp="2026-09-02T12:00:00Z" changeset="1" uid="1" user="generator"/>
  <node id="422" lat="43.0928815689" lon="-95.2734679520" version="1" timestamp="2026-09-02T12:00:00Z" changeset="1" uid="1" user="generator"/>
  <node id="423" lat="43.0932813673" lon="-95.2736153368" version="1" timestamp="2026-09-02T12:00:00Z" changeset="1" uid="1" user="generator"/>
  <node id="424" lat="43.0936791677" lon="-95.2738230921" version="1" timestamp="2026-09-02T12:00:00Z" changeset="1" uid="1" user="generator"/>
  <node id="425" lat="43.0940735841" lon="-95.2740922157" version="1" timestamp="2026-09-02T12:00:00Z" changeset="1" uid="1" user="generator"/>
  <node id="426" lat="43.0944637975" lon="-95.2744227198" version="1" timestamp="2026-09-02T12:00:00Z" changeset="1" uid="1" user="generator"/>
  <node id="427" lat="43.0948495558" lon="-95.2748140379" version="1" timestamp="2026-09-02T12:00:00Z" changeset="1" uid="1" user="generator"/>
  <node id="428" lat="43.0952310662" lon="-95.2752652091" version="1" timestamp="2026-09-02T12:00:00Z" changeset="1" uid="1" user="generator"/>
  <node id="429" lat="43.0956087696" lon="-95.2757749277" version="1" timestamp="2026-09-02T12:00:00Z" changeset="1" uid="1" user="generator"/>
  <node id="430" lat="43.0959831970" lon="-95.2763415308" version="1" timestamp="2026-09-02T12:00:00Z" changeset="1" uid="1" user="generator"/>
  <node id="431" lat="43.0963548794" lon="-95.2769628875" version="1" timestamp="2026-09-02T12:00:00Z" changeset="1" uid="1" user="generator"/>
  <node id="432" lat="43.0967243117" lon="-95.2776363492" version="1" timestamp="2026-09-02T12:00:00Z" changeset="1" uid="1" user="generator"/>
  <node id="433" lat="43.0968640369" lon="-95.2783587134" version="1" timestamp="2026-09-02T12:00:00Z" changeset="1" uid="1" user="generator"/>
  <node id="434" lat="43.0968640369" lon="-95.2791261245" version="1" timestamp="2026-09-02T12:00:00Z" changeset="1" uid="1" user="generator"/>
  <node id="435" lat="43.0968640369" lon="-95.2799342096" version="1" timestamp="2026-09-02T12:00:00Z" changeset="1" uid="1" user="generator"/>
  <node id="436" lat="43.0968640369" lon="-95.2807779553" version="1" timestamp="2026-09-02T12:00:00Z" changeset="1" uid="1" user="generator"/>
  <node id="437" lat="43.0968640369" lon="-95.2816518924" version="1" timestamp="2026-09-02T12:00:00Z" changeset="1" uid="1" user="generator"/>
  <node id="438" lat="43.0968640369" lon="-95.2825500467" version="1" timestamp="2026-09-02T12:00:00Z" changeset="1" uid="1" user="generator"/>
  <node id="439" lat="43.0968640369" lon="-95.2834660375" version="1" timestamp="2026-09-02T12:00:00Z" changeset="1" uid="1" user="generator"/>
  <node id="440" lat="43.0968640369" lon="-95.2843925478" version="1" timestamp="2026-09-02T12:00:00Z" changeset="1" uid="1" user="generator"/>
  <node id="441" lat="43.0775730036" lon="-95.2622306639" version="1" timestamp="2026-09-02T12:00:00Z" changeset="1" uid="1" user="generator"/>
  <node id="442" lat="43.0771986842" lon="-95.2623832346" version="1" timestamp="2026-09-02T12:00:00Z" changeset="1" uid="1" user="generator"/>
  <node id="443" lat="43.0768462978" lon="-95.2626262686" version="1" timestamp="2026-09-02T12:00:00Z" changeset="1" uid="1" user="generator"/>
  <node id="444" lat="43.0765191655" lon="-95.2629481994" version="1" timestamp="2026-09-02T12:00:00Z" changeset="1" uid="1" user="generator"/>
  <node id="445" lat="43.0762184662" lon="-95.2633348490" version="1" timestamp="2026-09-02T12:00:00Z" changeset="1" uid="1" user="generator"/>
  <node id="446" lat="43.0759434079" lon="-95.2637713618" version="1" timestamp="2026-09-02T12:00:00Z" changeset="1" uid="1" user="generator"/>
  <node id="447" lat="43.0756916597" lon="-95.2642438677" version="1" timestamp="2026-09-02T12:00:00Z" changeset="1" uid="1" user="generator"/>
  <node id="448" lat="43.0754600085" lon="-95.2647410097" version="1" timestamp="2026-09-02T12:00:00Z" changeset="1" uid="1" user="generator"/>
  <node id="449" lat="43.0752451782" lon="-95.2652548179" version="1" timestamp="2026-09-02T12:00:00Z" changeset="1" uid="1" user="generator"/>
  <node id="450" lat="43.0750445590" lon="-95.2657810796" version="1" timestamp="2026-09-02T12:00:00Z" changeset="1" uid="1" user="generator"/>
  <node id="451" lat="43.0748568279" lon="-95.2663190065" version="1" timestamp="2026-09-02T12:00:00Z" changeset="1" uid="1" user="generator"/>
  <node id="452" lat="43.0746823177" lon="-95.2668704338" version="1" timestamp="2026-09-02T12:00:00Z" changeset="1" uid="1" user="generator"/>
  <node id="453" lat="43.0745230805" lon="-95.2674386753" version="1" timestamp="2026-09-02T12:00:00Z" changeset="1" uid="1" user="generator"/>
  <node id="454" lat="43.0743826174" lon="-95.2680271675" version="1" timestamp="2026-09-02T12:00:00Z" changeset="1" uid="1" user="generator"/>
  <node id="455" lat="43.0742653473" lon="-95.2686383248" version="1" timestamp="2026-09-02T12:00:00Z" changeset="1" uid="1" user="generator"/>
  <node id="456" lat="43.0741758962" lon="-95.2692725537" version="1" timestamp="2026-09-02T12:00:00Z" changeset="1" uid="1" user="generator"/>
  <node id="457" lat="43.0741182601" lon="-95.2699278218" version="1" timestamp="2026-09-02T12:00:00Z" changeset="1" uid="1" user="generator"/>
  <node id="458" lat="43.0740951121" lon="-95.2705997315" version="1" timestamp="2026-09-02T12:00:00Z" changeset="1" uid="1" user="generator"/>
  <node id="459" lat="43.0741071811" lon="-95.2712820499" version="1" timestamp="2026-09-02T12:00:00Z" changeset="1" uid="1" user="generator"/>
  <node id="460" lat="43.0741530272" lon="-95.2719676448" version="1" timestamp="2026-09-02T12:00:00Z" changeset="1" uid="1" user="generator"/>
  <node id="461" lat="43.0742290322" lon="-95.2726496799" version="1" timestamp="2026-09-02T12:00:00Z" changeset="1" uid="1" user="generator"/>
  <node id="462" lat="43.0743298593" lon="-95.2733227721" version="1" timestamp="2026-09-02T12:00:00Z" changeset="1" uid="1" user="generator"/>
  <node id="463" lat="43.0744490644" lon="-95.2739839282" version="1" timestamp="2026-09-02T12:00:00Z" changeset="1" uid="1" user="generator"/>
  <node id="464" lat="43.0745799966" lon="-95.2746330988" version="1" timestamp="2026-09-02T12:00:00Z" changeset="1" uid="1" user="generator"/>
  <node id="465" lat="43.0747167337" lon="-95.2752731911" version="1" timestamp="2026-09-02T12:00:00Z" changeset="1" uid="1" user="generator"/>
  <node id="466" lat="43.0748549199" lon="-95.2759095757" version="1" timestamp="2026-09-02T12:00:00Z" changeset="1" uid="1" user="generator"/>
  <node id="467" lat="43.0749924670" lon="-95.2765489535" version="1" timestamp="2026-09-02T12:00:00Z" changeset="1" uid="1" user="generator"/>
  <node id="468" lat="43.0751298521" lon="-95.2771980257" version="1" timestamp="2026-09-02T12:00:00Z" changeset="1" uid="1" user="generator"/>
  <node id="469" lat="43.0752701083" lon="-95.2778618671" version="1" timestamp="2026-09-02T12:00:00Z" changeset="1" uid="1" user="generator"/>
  <node id="470" lat="43.0754184284" lon="-95.2785425102" version="1" timestamp="2026-09-02T12:00:00Z" changeset="1" uid="1" user="generator"/>
  <node id="471" lat="43.0755814636" lon="-95.2792377378" version="1" timestamp="2026-09-02T12:00:00Z" changeset="1" uid="1" user="generator"/>
  <node id="472" lat="43.0757663418" lon="-95.2799405410" version="1" timestamp="2026-09-02T12:00:00Z" changeset="1" uid="1" user="generator"/>
  <node id="473" lat="43.0759796600" lon="-95.2806391438" version="1" timestamp="2026-09-02T12:00:00Z" changeset="1" uid="1" user="generator"/>
  <node id="474" lat="43.0762264672" lon="-95.2813177422" version="1" timestamp="2026-09-02T12:00:00Z" changeset="1" uid="1" user="generator"/>
  <node id="475" lat="43.0765095085" lon="-95.2819579453" version="1" timestamp="2026-09-02T12:00:00Z" changeset="1" uid="1" user="generator"/>
  <node id="476" lat="43.0768287118" lon="-95.2825405742" version="1" timestamp="2026-09-02T12:00:00Z" changeset="1" uid="1" user="generator"/>
  <node id="477" lat="43.0771811162" lon="-95.2830477922" version="1" timestamp="2026-09-02T12:00:00Z" changeset="1" uid="1" user="generator"/>
  <node id="478" lat="43.0775611056" lon="-95.2834650766" version="1" timestamp="2026-09-02T12:00:00Z" changeset="1" uid="1" user="generator"/>
  <node id="479" lat="43.0779611020" lon="-95.2837829548" version="1" timestamp="2026-09-02T12:00:00Z" changeset="1" uid="1" user="generator"/>
  <node id="480" lat="43.0783723844" lon="-95.2839981502" version="1" timestamp="2026-09-02T12:00:00Z" changeset="1" uid="1" user="generator"/>
  <node id="481" lat="43.0787861598" lon="-95.2841139517" version="1" timestamp="2026-09-02T12:00:00Z" changeset="1" uid="1" user="generator"/>
  <node id="482" lat="43.0791945352" lon="-95.2841398441" version="1" timestamp="2026-09-02T12:00:00Z" changeset="1" uid="1" user="generator"/>
  <node id="483" lat="43.0795913636" lon="-95.2840903258" version="1" timestamp="2026-09-02T12:00:00Z" changeset="1" uid="1" user="generator"/>
  <node id="484" lat="43.0799727840" lon="-95.2839831962" version="1" timestamp="2026-09-02T12:00:00Z" changeset="1" uid="1" user="generator"/>
  <node id="485" lat="43.0803374553" lon="-95.2838374373" version="1" timestamp="2026-09-02T12:00:00Z" changeset="1" uid="1" user="generator"/>
  <node id="486" lat="43.0806864127" lon="-95.2836709350" version="1" timestamp="2026-09-02T12:00:00Z" changeset="1" uid="1" user="generator"/>
  <node id="487" lat="43.0810225540" lon="-95.2834985693" version="1" timestamp="2026-09-02T12:00:00Z" changeset="1" uid="1" user="generator"/>
  <node id="488" lat="43.0813498933" lon="-95.2833305518" version="1" timestamp="2026-09-02T12:00:00Z" changeset="1" uid="1" user="generator"/>
  <node id="489" lat="43.0816727057" lon="-95.2831716127" version="1" timestamp="2026-09-02T12:00:00Z" changeset="1" uid="1" user="generator"/>
  <node id="490" lat="43.0819946360" lon="-95.2830208035" version="1" timestamp="2026-09-02T12:00:00Z" changeset="1" uid="1" user="generator"/>
  <node id="491" lat="43.0823179613" lon="-95.2828720637" version="1" timestamp="2026-09-02T12:00:00Z" changeset="1" uid="1" user="generator"/>
  <node id="492" lat="43.0826431046" lon="-95.2827155266" version="1" timestamp="2026-09-02T12:00:00Z" changeset="1" uid="1" user="generator"/>
  <node id="493" lat="43.0829684730" lon="-95.2825390714" version="1" timestamp="2026-09-02T12:00:00Z" changeset="1" uid="1" user="generator"/>
  <node id="494" lat="43.0832905743" lon="-95.2823302321" version="1" timestamp="2026-09-02T12:00:00Z" changeset="1" uid="1" user="generator"/>
  <node id="495" lat="43.0836045126" lon="-95.2820779226" version="1" timestamp="2026-09-02T12:00:00Z" changeset="1" uid="1" user="generator"/>
  <node id="496" lat="43.0839046719" lon="-95.2817738898" version="1" timestamp="2026-09-02T12:00:00Z" changeset="1" uid="1" user="generator"/>
  <node id="497" lat="43.0841854902" lon="-95.2814135762" version="1" timestamp="2026-09-02T12:00:00Z" changeset="1" uid="1" user="generator"/>
  <node id="498" lat="43.0844422334" lon="-95.2809965258" version="1" timestamp="2026-09-02T12:00:00Z" changeset="1" uid="1" user="generator"/>
  <node id="499" lat="43.0846716257" lon="-95.2805259784" version="1" timestamp="2026-09-02T12:00:00Z" changeset="1" uid="1" user="generator"/>
  <node id="500" lat="43.0848722089" lon="-95.2800080929" version="1" timestamp="2026-09-02T12:00:00Z" changeset="1" uid="1" user="generator"/>
  <node id="501" lat="43.0850444330" lon="-95.2794507652" version="1" timestamp="2026-09-02T12:00:00Z" changeset="1" uid="1" user="generator"/>
  <node id="502" lat="43.0851903682" lon="-95.2788622730" version="1" timestamp="2026-09-02T12:00:00Z" changeset="1" uid="1" user="generator"/>
  <node id="503" lat="43.0853132273" lon="-95.2782500194" version="1" timestamp="2026-09-02T12:00:00Z" changeset="1" uid="1" user="generator"/>
  <node id="504" lat="43.0854165924" lon="-95.2776196830" version="1" timestamp="2026-09-02T12:00:00Z" changeset="1" uid="1" user="generator"/>
  <node id="505" lat="43.0855036405" lon="-95.2769746511" version="1" timestamp="2026-09-02T12:00:00Z" changeset="1" uid="1" user="generator"/>
  <node id="506" lat="43.0855764236" lon="-95.2763160942" version="1" timestamp="2026-09-02T12:00:00Z" changeset="1" uid="1" user="generator"/>
  <node id="507" lat="43.0856352566" lon="-95.2756434454" version="1" timestamp="2026-09-02T12:00:00Z" changeset="1" uid="1" user="generator"/>
  <node id="508" lat="43.0856784927" lon="-95.2749554115" version="1" timestamp="2026-09-02T12:00:00Z" changeset="1" uid="1" user="generator"/>
  <node id="509" lat="43.0857025497" lon="-95.2742510192" version="1" timestamp="2026-09-02T12:00:00Z" changeset="1" uid="1" user="generator"/>
  <node id="510" lat="43.0857022887" lon="-95.2735308353" version="1" timestamp="2026-09-02T12:00:00Z" changeset="1" uid="1" user="generator"/>
  <node id="511" lat="43.0856717067" lon="-95.2727978038" version="1" timestamp="2026-09-02T12:00:00Z" changeset="1" uid="1" user="generator"/>
  <node id="512" lat="43.0856047916" lon="-95.2720578741" version="1" timestamp="2026-09-02T12:00:00Z" changeset="1" uid="1" user="generator"/>
  <node id="513" lat="43.0854964765" lon="-95.2713199154" version="1" timestamp="2026-09-02T12:00:00Z" changeset="1" uid="1" user="generator"/>
  <node id="514" lat="43.0853434493" lon="-95.2705951492" version="1" timestamp="2026-09-02T12:00:00Z" changeset="1" uid="1" user="generator"/>
  <node id="515" lat="43.0851448731" lon="-95.2698961522" version="1" timestamp="2026-09-02T12:00:00Z" changeset="1" uid="1" user="generator"/>
  <node id="516" lat="43.0849026559" lon="-95.2692353287" version="1" timestamp="2026-09-02T12:00:00Z" changeset="1" uid="1" user="generator"/>
  <node id="517" lat="43.0846214596" lon="-95.2686233708" version="1" timestamp="2026-09-02T12:00:00Z" changeset="1" uid="1" user="generator"/>
  <node id="518" lat="43.0843082863" lon="-95.2680677799" version="1" timestamp="2026-09-02T12:00:00Z" changeset="1" uid="1" user="generator"/>
  <node id="519" lat="43.0839717580" lon="-95.2675716234" version="1" timestamp="2026-09-02T12:00:00Z" changeset="1" uid="1" user="generator"/>
  <node id="520" lat="43.0836211536" lon="-95.2671330042" version="1" timestamp="2026-09-02T12:00:00Z" changeset="1" uid="1" user="generator"/>
  <node id="521" lat="43.0832653383" lon="-95.2667450120" version="1" timestamp="2026-09-02T12:00:00Z" changeset="1" uid="1" user="generator"/>
  <node id="522" lat="43.0829118269" lon="-95.2663965359" version="1" timestamp="2026-09-02T12:00:00Z" changeset="1" uid="1" user="generator"/>
  <node id="523" lat="43.0825659116" lon="-95.2660735458" version="1" timestamp="2026-09-02T12:00:00Z" changeset="1" uid="1" user="generator"/>
  <node id="524" lat="43.0822302382" lon="-95.2657610136" version="1" timestamp="2026-09-02T12:00:00Z" changeset="1" uid="1" user="generator"/>
  <node id="525" lat="43.0819046179" lon="-95.2654449092" version="1" timestamp="2026-09-02T12:00:00Z" changeset="1" uid="1" user="generator"/>
  <node id="526" lat="43.0815863686" lon="-95.2651142450" version="1" timestamp="2026-09-02T12:00:00Z" changeset="1" uid="1" user="generator"/>
  <node id="527" lat="43.0812708823" lon="-95.2647627756" version="1" timestamp="2026-09-02T12:00:00Z" changeset="1" uid="1" user="generator"/>
  <node id="528" lat="43.0809525160" lon="-95.2643900577" version="1" timestamp="2026-09-02T12:00:00Z" changeset="1" uid="1" user="generator"/>
  <node id="529" lat="43.0806255906" lon="-95.2640019177" version="1" timestamp="2026-09-02T12:00:00Z" changeset="1" uid="1" user="generator"/>
  <node id="530" lat="43.0802853903" lon="-95.2636099837" version="1" timestamp="2026-09-02T12:00:00Z" changeset="1" uid="1" user="generator"/>
  <node id="531" lat="43.0799289629" lon="-95.2632305525" version="1" timestamp="2026-09-02T12:00:00Z" changeset="1" uid="1" user="generator"/>
  <node id="532" lat="43.0795556876" lon="-95.2628828401" version="1" timestamp="2026-09-02T12:00:00Z" changeset="1" uid="1" user="generator"/>
  <node id="533" lat="43.0791674542" lon="-95.2625868387" version="1" timestamp="2026-09-02T12:00:00Z" changeset="1" uid="1" user="generator"/>
  <node id="534" lat="43.0787685108" lon="-95.2623611115" version="1" timestamp="2026-09-02T12:00:00Z" changeset="1" uid="1" user="generator"/>
  <node id="535" lat="43.0783649684" lon="-95.2622207602" version="1" timestamp="2026-09-02T12:00:00Z" changeset="1" uid="1" user="generator"/>
  <node id="536" lat="43.0779640000" lon="-95.2621758735" version="1" timestamp="2026-09-02T12:00:00Z" changeset="1" uid="1" user="generator"/>
  <node id="537" lat="43.0795004185" lon="-95.3104396874" version="1" timestamp="2026-09-02T12:00:00Z" changeset="1" uid="1" user="generator"/>
  <node id="538" lat="43.0795004185" lon="-95.3086976642" version="1" timestamp="2026-09-02T12:00:00Z" changeset="1" uid="1" user="generator"/>
  <node id="539" lat="43.0782276192" lon="-95.3086976642" version="1" timestamp="2026-09-02T12:00:00Z" changeset="1" uid="1" user="generator"/>
  <node id="540" lat="43.0782276192" lon="-95.3104396874" version="1" timestamp="2026-09-02T12:00:00Z" changeset="1" uid="1" user="generator"/>
  <node id="541" lat="43.0507003897" lon="-95.3125635685" version="1" timestamp="2026-09-02T12:00:00Z" changeset="1" uid="1" user="generator"/>
  <node id="542" lat="43.0507003897" lon="-95.3108215453" version="1" timestamp="2026-09-02T12:00:00Z" changeset="1" uid="1" user="generator"/>
  <node id="543" lat="43.0494275904" lon="-95.3108215453" version="1" timestamp="2026-09-02T12:00:00Z" changeset="1" uid="1" user="generator"/>
  <node id="544" lat="43.0494275904" lon="-95.3125635685" version="1" timestamp="2026-09-02T12:00:00Z" changeset="1" uid="1" user="generator"/>
  <node id="545" lat="43.0669004059" lon="-95.2491784547" version="1" timestamp="2026-09-02T12:00:00Z" changeset="1" uid="1" user="generator"/>
  <node id="546" lat="43.0669004059" lon="-95.2474364315" version="1" timestamp="2026-09-02T12:00:00Z" changeset="1" uid="1" user="generator"/>
  <node id="547" lat="43.0656276066" lon="-95.2474364315" version="1" timestamp="2026-09-02T12:00:00Z" changeset="1" uid="1" user="generator"/>
  <node id="548" lat="43.0656276066" lon="-95.2491784547" version="1" timestamp="2026-09-02T12:00:00Z" changeset="1" uid="1" user="generator"/>
  <node id="549" lat="43.0381003771" lon="-95.2513023358" version="1" timestamp="2026-09-02T12:00:00Z" changeset="1" uid="1" user="generator"/>
  <node id="550" lat="43.0381003771" lon="-95.2495603126" version="1" timestamp="2026-09-02T12:00:00Z" changeset="1" uid="1" user="generator"/>
  <node id="551" lat="43.0368275778" lon="-95.2495603126" version="1" timestamp="2026-09-02T12:00:00Z" changeset="1" uid="1" user="generator"/>
  <node id="552" lat="43.0368275778" lon="-95.2513023358" version="1" timestamp="2026-09-02T12:00:00Z" changeset="1" uid="1" user="generator"/>
  <node id="553" lat="43.0885383175" lon="-95.2968351394" version="1" timestamp="2026-09-02T12:00:00Z" changeset="1" uid="1" user="generator"/>
  <node id="554" lat="43.0885383175" lon="-95.2950931039" version="1" timestamp="2026-09-02T12:00:00Z" changeset="1" uid="1" user="generator"/>
  <node id="555" lat="43.0872655273" lon="-95.2950931039" version="1" timestamp="2026-09-02T12:00:00Z" changeset="1" uid="1" user="generator"/>
  <node id="556" lat="43.0872655273" lon="-95.2968351394" version="1" timestamp="2026-09-02T12:00:00Z" changeset="1" uid="1" user="generator"/>
  <node id="557" lat="43.0870135270" lon="-95.2598811542" version="1" timestamp="2026-09-02T12:00:00Z" changeset="1" uid="1" user="generator"/>
  <node id="558" lat="43.0870135270" lon="-95.2581391187" version="1" timestamp="2026-09-02T12:00:00Z" changeset="1" uid="1" user="generator"/>
  <node id="559" lat="43.0857407367" lon="-95.2581391187" version="1" timestamp="2026-09-02T12:00:00Z" changeset="1" uid="1" user="generator"/>
  <node id="560" lat="43.0857407367" lon="-95.2598811542" version="1" timestamp="2026-09-02T12:00:00Z" changeset="1" uid="1" user="generator"/>
  <node id="561" lat="43.0725294165" lon="-95.3202393300" version="1" timestamp="2026-09-02T12:00:00Z" changeset="1" uid="1" user="generator"/>
  <node id="562" lat="43.0725294165" lon="-95.3184972945" version="1" timestamp="2026-09-02T12:00:00Z" changeset="1" uid="1" user="generator"/>
  <node id="563" lat="43.0712566263" lon="-95.3184972945" version="1" timestamp="2026-09-02T12:00:00Z" changeset="1" uid="1" user="generator"/>
  <node id="564" lat="43.0712566263" lon="-95.3202393300" version="1" timestamp="2026-09-02T12:00:00Z" changeset="1" uid="1" user="generator"/>
  <node id="565" lat="43.0595700966" lon="-95.2401723620" version="1" timestamp="2026-09-02T12:00:00Z" changeset="1" uid="1" user="generator"/>
  <node id="566" lat="43.0595700966" lon="-95.2384303265" version="1" timestamp="2026-09-02T12:00:00Z" changeset="1" uid="1" user="generator"/>
  <node id="567" lat="43.0582973063" lon="-95.2384303265" version="1" timestamp="2026-09-02T12:00:00Z" changeset="1" uid="1" user="generator"/>
  <node id="568" lat="43.0582973063" lon="-95.2401723620" version="1" timestamp="2026-09-02T12:00:00Z" changeset="1" uid="1" user="generator"/>
  <node id="569" lat="43.0435611956" lon="-95.2992987384" version="1" timestamp="2026-09-02T12:00:00Z" changeset="1" uid="1" user="generator"/>
  <node id="570" lat="43.0435611956" lon="-95.2975567029" version="1" timestamp="2026-09-02T12:00:00Z" changeset="1" uid="1" user="generator"/>
  <node id="571" lat="43.0422884053" lon="-95.2975567029" version="1" timestamp="2026-09-02T12:00:00Z" changeset="1" uid="1" user="generator"/>
  <node id="572" lat="43.0422884053" lon="-95.2992987384" version="1" timestamp="2026-09-02T12:00:00Z" changeset="1" uid="1" user="generator"/>
  <node id="573" lat="43.0306018756" lon="-95.2611129537" version="1" timestamp="2026-09-02T12:00:00Z" changeset="1" uid="1" user="generator"/>
  <node id="574" lat="43.0306018756" lon="-95.2593709182" version="1" timestamp="2026-09-02T12:00:00Z" changeset="1" uid="1" user="generator"/>
  <node id="575" lat="43.0293290853" lon="-95.2593709182" version="1" timestamp="2026-09-02T12:00:00Z" changeset="1" uid="1" user="generator"/>
  <node id="576" lat="43.0293290853" lon="-95.2611129537" version="1" timestamp="2026-09-02T12:00:00Z" changeset="1" uid="1" user="generator"/>
  <node id="577" lat="43.0672702343" lon="-95.3104396874" version="1" timestamp="2026-09-02T12:00:00Z" changeset="1" uid="1" user="generator"/>
  <node id="578" lat="43.0672702343" lon="-95.3076852975" version="1" timestamp="2026-09-02T12:00:00Z" changeset="1" uid="1" user="generator"/>
  <node id="579" lat="43.0652577783" lon="-95.3076852975" version="1" timestamp="2026-09-02T12:00:00Z" changeset="1" uid="1" user="generator"/>
  <node id="580" lat="43.0652577783" lon="-95.3104396874" version="1" timestamp="2026-09-02T12:00:00Z" changeset="1" uid="1" user="generator"/>
  <node id="581" lat="43.0537702208" lon="-95.2523147025" version="1" timestamp="2026-09-02T12:00:00Z" changeset="1" uid="1" user="generator"/>
  <node id="582" lat="43.0537702208" lon="-95.2495603126" version="1" timestamp="2026-09-02T12:00:00Z" changeset="1" uid="1" user="generator"/>
  <node id="583" lat="43.0517577648" lon="-95.2495603126" version="1" timestamp="2026-09-02T12:00:00Z" changeset="1" uid="1" user="generator"/>
  <node id="584" lat="43.0517577648" lon="-95.2523147025" version="1" timestamp="2026-09-02T12:00:00Z" changeset="1" uid="1" user="generator"/>
  <node id="585" lat="43.0912904573" lon="-95.3233545017" version="1" timestamp="2026-09-02T12:00:00Z" changeset="1" uid="1" user="generator"/>
  <node id="586" lat="43.0912904573" lon="-95.3178457218" version="1" timestamp="2026-09-02T12:00:00Z" changeset="1" uid="1" user="generator"/>
  <node id="587" lat="43.0872655273" lon="-95.3178457218" version="1" timestamp="2026-09-02T12:00:00Z" changeset="1" uid="1" user="generator"/>
  <node id="588" lat="43.0872655273" lon="-95.3233545017" version="1" timestamp="2026-09-02T12:00:00Z" changeset="1" uid="1" user="generator"/>
  <node id="589" lat="43.0580453060" lon="-95.3221227022" version="1" timestamp="2026-09-02T12:00:00Z" changeset="1" uid="1" user="generator"/>
  <node id="590" lat="43.0580453060" lon="-95.3166139223" version="1" timestamp="2026-09-02T12:00:00Z" changeset="1" uid="1" user="generator"/>
  <node id="591" lat="43.0540203760" lon="-95.3166139223" version="1" timestamp="2026-09-02T12:00:00Z" changeset="1" uid="1" user="generator"/>
  <node id="592" lat="43.0540203760" lon="-95.3221227022" version="1" timestamp="2026-09-02T12:00:00Z" changeset="1" uid="1" user="generator"/>
  <node id="593" lat="43.0333540154" lon="-95.3233545017" version="1" timestamp="2026-09-02T12:00:00Z" changeset="1" uid="1" user="generator"/>
  <node id="594" lat="43.0333540154" lon="-95.3178457218" version="1" timestamp="2026-09-02T12:00:00Z" changeset="1" uid="1" user="generator"/>
  <node id="595" lat="43.0293290853" lon="-95.3178457218" version="1" timestamp="2026-09-02T12:00:00Z" changeset="1" uid="1" user="generator"/>
  <node id="596" lat="43.0293290853" lon="-95.3233545017" version="1" timestamp="2026-09-02T12:00:00Z" changeset="1" uid="1" user="generator"/>
  <node id="597" lat="43.0725294165" lon="-95.2445193332" version="1" timestamp="2026-09-02T12:00:00Z" changeset="1" uid="1" user="generator"/>
  <node id="598" lat="43.0725294165" lon="-95.2390105534" version="1" timestamp="2026-09-02T12:00:00Z" changeset="1" uid="1" user="generator"/>
  <node id="599" lat="43.0685044865" lon="-95.2390105534" version="1" timestamp="2026-09-02T12:00:00Z" changeset="1" uid="1" user="generator"/>
  <node id="600" lat="43.0685044865" lon="-95.2445193332" version="1" timestamp="2026-09-02T12:00:00Z" changeset="1" uid="1" user="generator"/>
  <node id="601" lat="43.0478381258" lon="-95.2432875337" version="1" timestamp="2026-09-02T12:00:00Z" changeset="1" uid="1" user="generator"/>
  <node id="602" lat="43.0478381258" lon="-95.2377787539" version="1" timestamp="2026-09-02T12:00:00Z" changeset="1" uid="1" user="generator"/>
  <node id="603" lat="43.0438131958" lon="-95.2377787539" version="1" timestamp="2026-09-02T12:00:00Z" changeset="1" uid="1" user="generator"/>
  <node id="604" lat="43.0438131958" lon="-95.2432875337" version="1" timestamp="2026-09-02T12:00:00Z" changeset="1" uid="1" user="generator"/>
  <node id="605" lat="43.0333540154" lon="-95.2432875337" version="1" timestamp="2026-09-02T12:00:00Z" changeset="1" uid="1" user="generator"/>
  <node id="606" lat="43.0333540154" lon="-95.2377787539" version="1" timestamp="2026-09-02T12:00:00Z" changeset="1" uid="1" user="generator"/>
  <node id="607" lat="43.0293290853" lon="-95.2377787539" version="1" timestamp="2026-09-02T12:00:00Z" changeset="1" uid="1" user="generator"/>
  <node id="608" lat="43.0293290853" lon="-95.2432875337" version="1" timestamp="2026-09-02T12:00:00Z" changeset="1" uid="1" user="generator"/>
  <node id="609" lat="43.0792049662" lon="-95.2705666084" version="1" timestamp="2026-09-02T12:00:00Z" changeset="1" uid="1" user="generator"/>
  <node id="610" lat="43.0790585451" lon="-95.2706350472" version="1" timestamp="2026-09-02T12:00:00Z" changeset="1" uid="1" user="generator"/>
  <node id="611" lat="43.0789189099" lon="-95.2707303145" version="1" timestamp="2026-09-02T12:00:00Z" changeset="1" uid="1" user="generator"/>
  <node id="612" lat="43.0787874198" lon="-95.2708515236" version="1" timestamp="2026-09-02T12:00:00Z" changeset="1" uid="1" user="generator"/>
  <node id="613" lat="43.0786653347" lon="-95.2709974795" version="1" timestamp="2026-09-02T12:00:00Z" changeset="1" uid="1" user="generator"/>
  <node id="614" lat="43.0785538336" lon="-95.2711667904" version="1" timestamp="2026-09-02T12:00:00Z" changeset="1" uid="1" user="generator"/>
  <node id="615" lat="43.0784539785" lon="-95.2713578302" version="1" timestamp="2026-09-02T12:00:00Z" changeset="1" uid="1" user="generator"/>
  <node id="616" lat="43.0783667414" lon="-95.2715687389" version="1" timestamp="2026-09-02T12:00:00Z" changeset="1" uid="1" user="generator"/>
  <node id="617" lat="43.0782929683" lon="-95.2717974964" version="1" timestamp="2026-09-02T12:00:00Z" changeset="1" uid="1" user="generator"/>
  <node id="618" lat="43.0782333522" lon="-95.2720419100" version="1" timestamp="2026-09-02T12:00:00Z" changeset="1" uid="1" user="generator"/>
  <node id="619" lat="43.0781884872" lon="-95.2722996148" version="1" timestamp="2026-09-02T12:00:00Z" changeset="1" uid="1" user="generator"/>
  <node id="620" lat="43.0781587872" lon="-95.2725681224" version="1" timestamp="2026-09-02T12:00:00Z" changeset="1" uid="1" user="generator"/>
  <node id="621" lat="43.0781445491" lon="-95.2728448585" version="1" timestamp="2026-09-02T12:00:00Z" changeset="1" uid="1" user="generator"/>
  <node id="622" lat="43.0781459081" lon="-95.2731271623" version="1" timestamp="2026-09-02T12:00:00Z" changeset="1" uid="1" user="generator"/>
  <node id="623" lat="43.0781628552" lon="-95.2734122993" version="1" timestamp="2026-09-02T12:00:00Z" changeset="1" uid="1" user="generator"/>
  <node id="624" lat="43.0781952102" lon="-95.2736975348" version="1" timestamp="2026-09-02T12:00:00Z" changeset="1" uid="1" user="generator"/>
  <node id="625" lat="43.0782426852" lon="-95.2739801096" version="1" timestamp="2026-09-02T12:00:00Z" changeset="1" uid="1" user="generator"/>
  <node id="626" lat="43.0783048033" lon="-95.2742573261" version="1" timestamp="2026-09-02T12:00:00Z" changeset="1" uid="1" user="generator"/>
  <node id="627" lat="43.0783809794" lon="-95.2745264866" version="1" timestamp="2026-09-02T12:00:00Z" changeset="1" uid="1" user="generator"/>
  <node id="628" lat="43.0784704755" lon="-95.2747850167" version="1" timestamp="2026-09-02T12:00:00Z" changeset="1" uid="1" user="generator"/>
  <node id="629" lat="43.0785724276" lon="-95.2750304281" version="1" timestamp="2026-09-02T12:00:00Z" changeset="1" uid="1" user="generator"/>
  <node id="630" lat="43.0786858547" lon="-95.2752603434" version="1" timestamp="2026-09-02T12:00:00Z" changeset="1" uid="1" user="generator"/>
  <node id="631" lat="43.0788096678" lon="-95.2754725702" version="1" timestamp="2026-09-02T12:00:00Z" changeset="1" uid="1" user="generator"/>
  <node id="632" lat="43.0789426699" lon="-95.2756650389" version="1" timestamp="2026-09-02T12:00:00Z" changeset="1" uid="1" user="generator"/>
  <node id="633" lat="43.0790835831" lon="-95.2758359018" version="1" timestamp="2026-09-02T12:00:00Z" changeset="1" uid="1" user="generator"/>
  <node id="634" lat="43.0792310482" lon="-95.2759835329" version="1" timestamp="2026-09-02T12:00:00Z" changeset="1" uid="1" user="generator"/>
  <node id="635" lat="43.0793836434" lon="-95.2761064912" version="1" timestamp="2026-09-02T12:00:00Z" changeset="1" uid="1" user="generator"/>
  <node id="636" lat="43.0795399015" lon="-95.2762035939" version="1" timestamp="2026-09-02T12:00:00Z" changeset="1" uid="1" user="generator"/>
  <node id="637" lat="43.0796983287" lon="-95.2762739174" version="1" timestamp="2026-09-02T12:00:00Z" changeset="1" uid="1" user="generator"/>
  <node id="638" lat="43.0798573769" lon="-95.2763167717" version="1" timestamp="2026-09-02T12:00:00Z" changeset="1" uid="1" user="generator"/>
  <node id="639" lat="43.0800155340" lon="-95.2763317503" version="1" timestamp="2026-09-02T12:00:00Z" changeset="1" uid="1" user="generator"/>
  <node id="640" lat="43.0801712612" lon="-95.2763187056" version="1" timestamp="2026-09-02T12:00:00Z" changeset="1" uid="1" user="generator"/>
  <node id="641" lat="43.0803230733" lon="-95.2762777729" version="1" timestamp="2026-09-02T12:00:00Z" changeset="1" uid="1" user="generator"/>
  <node id="642" lat="43.0804694945" lon="-95.2762093341" version="1" timestamp="2026-09-02T12:00:00Z" changeset="1" uid="1" user="generator"/>
  <node id="643" lat="43.0806091296" lon="-95.2761140667" version="1" timestamp="2026-09-02T12:00:00Z" changeset="1" uid="1" user="generator"/>
  <node id="644" lat="43.0807406197" lon="-95.2759928577" version="1" timestamp="2026-09-02T12:00:00Z" changeset="1" uid="1" user="generator"/>
  <node id="645" lat="43.0808627049" lon="-95.2758469017" version="1" timestamp="2026-09-02T12:00:00Z" changeset="1" uid="1" user="generator"/>
  <node id="646" lat="43.0809742060" lon="-95.2756775909" version="1" timestamp="2026-09-02T12:00:00Z" changeset="1" uid="1" user="generator"/>
  <node id="647" lat="43.0810740611" lon="-95.2754865511" version="1" timestamp="2026-09-02T12:00:00Z" changeset="1" uid="1" user="generator"/>
  <node id="648" lat="43.0811612982" lon="-95.2752756424" version="1" timestamp="2026-09-02T12:00:00Z" changeset="1" uid="1" user="generator"/>
  <node id="649" lat="43.0812350712" lon="-95.2750468849" version="1" timestamp="2026-09-02T12:00:00Z" changeset="1" uid="1" user="generator"/>
  <node id="650" lat="43.0812946873" lon="-95.2748024713" version="1" timestamp="2026-09-02T12:00:00Z" changeset="1" uid="1" user="generator"/>
  <node id="651" lat="43.0813395523" lon="-95.2745447665" version="1" timestamp="2026-09-02T12:00:00Z" changeset="1" uid="1" user="generator"/>
  <node id="652" lat="43.0813692524" lon="-95.2742762588" version="1" timestamp="2026-09-02T12:00:00Z" changeset="1" uid="1" user="generator"/>
  <node id="653" lat="43.0813834904" lon="-95.2739995227" version="1" timestamp="2026-09-02T12:00:00Z" changeset="1" uid="1" user="generator"/>
  <node id="654" lat="43.0813821314" lon="-95.2737172189" version="1" timestamp="2026-09-02T12:00:00Z" changeset="1" uid="1" user="generator"/>
  <node id="655" lat="43.0813651844" lon="-95.2734320820" version="1" timestamp="2026-09-02T12:00:00Z" changeset="1" uid="1" user="generator"/>
  <node id="656" lat="43.0813328293" lon="-95.2731468465" version="1" timestamp="2026-09-02T12:00:00Z" changeset="1" uid="1" user="generator"/>
  <node id="657" lat="43.0812853543" lon="-95.2728642717" version="1" timestamp="2026-09-02T12:00:00Z" changeset="1" uid="1" user="generator"/>
  <node id="658" lat="43.0812232362" lon="-95.2725870552" version="1" timestamp="2026-09-02T12:00:00Z" changeset="1" uid="1" user="generator"/>
  <node id="659" lat="43.0811470601" lon="-95.2723178947" version="1" timestamp="2026-09-02T12:00:00Z" changeset="1" uid="1" user="generator"/>
  <node id="660" lat="43.0810575641" lon="-95.2720593646" version="1" timestamp="2026-09-02T12:00:00Z" changeset="1" uid="1" user="generator"/>
  <node id="661" lat="43.0809556120" lon="-95.2718139532" version="1" timestamp="2026-09-02T12:00:00Z" changeset="1" uid="1" user="generator"/>
  <node id="662" lat="43.0808421848" lon="-95.2715840378" version="1" timestamp="2026-09-02T12:00:00Z" changeset="1" uid="1" user="generator"/>
  <node id="663" lat="43.0807183717" lon="-95.2713718111" version="1" timestamp="2026-09-02T12:00:00Z" changeset="1" uid="1" user="generator"/>
  <node id="664" lat="43.0805853696" lon="-95.2711793424" version="1" timestamp="2026-09-02T12:00:00Z" changeset="1" uid="1" user="generator"/>
  <node id="665" lat="43.0804444564" lon="-95.2710084795" version="1" timestamp="2026-09-02T12:00:00Z" changeset="1" uid="1" user="generator"/>
  <node id="666" lat="43.0802969913" lon="-95.2708608483" version="1" timestamp="2026-09-02T12:00:00Z" changeset="1" uid="1" user="generator"/>
  <node id="667" lat="43.0801443961" lon="-95.2707378901" version="1" timestamp="2026-09-02T12:00:00Z" changeset="1" uid="1" user="generator"/>
  <node id="668" lat="43.0799881380" lon="-95.2706407873" version="1" timestamp="2026-09-02T12:00:00Z" changeset="1" uid="1" user="generator"/>
  <node id="669" lat="43.0798297108" lon="-95.2705704639" version="1" timestamp="2026-09-02T12:00:00Z" changeset="1" uid="1" user="generator"/>
  <node id="670" lat="43.0796706627" lon="-95.2705276096" version="1" timestamp="2026-09-02T12:00:00Z" changeset="1" uid="1" user="generator"/>
  <node id="671" lat="43.0795125055" lon="-95.2705126309" version="1" timestamp="2026-09-02T12:00:00Z" changeset="1" uid="1" user="generator"/>
  <node id="672" lat="43.0793567784" lon="-95.2705256757" version="1" timestamp="2026-09-02T12:00:00Z" changeset="1" uid="1" user="generator"/>
  <node id="673" lat="43.0891825292" lon="-95.3134637552" version="1" timestamp="2026-09-02T12:00:00Z" changeset="1" uid="1" user="generator"/>
  <node id="674" lat="43.0891825292" lon="-95.3122319557" version="1" timestamp="2026-09-02T12:00:00Z" changeset="1" uid="1" user="generator"/>
  <node id="675" lat="43.0882825283" lon="-95.3122319557" version="1" timestamp="2026-09-02T12:00:00Z" changeset="1" uid="1" user="generator"/>
  <node id="676" lat="43.0882825283" lon="-95.3134637552" version="1" timestamp="2026-09-02T12:00:00Z" changeset="1" uid="1" user="generator"/>
  <node id="677" lat="43.0891825292" lon="-95.3120348678" version="1" timestamp="2026-09-02T12:00:00Z" changeset="1" uid="1" user="generator"/>
  <node id="678" lat="43.0891825292" lon="-95.3108030683" version="1" timestamp="2026-09-02T12:00:00Z" changeset="1" uid="1" user="generator"/>
  <node id="679" lat="43.0882825283" lon="-95.3108030683" version="1" timestamp="2026-09-02T12:00:00Z" changeset="1" uid="1" user="generator"/>
  <node id="680" lat="43.0882825283" lon="-95.3120348678" version="1" timestamp="2026-09-02T12:00:00Z" changeset="1" uid="1" user="generator"/>
  <node id="681" lat="43.0891825292" lon="-95.3104581644" version="1" timestamp="2026-09-02T12:00:00Z" changeset="1" uid="1" user="generator"/>
  <node id="682" lat="43.0891825292" lon="-95.3092263649" version="1" timestamp="2026-09-02T12:00:00Z" changeset="1" uid="1" user="generator"/>
  <node id="683" lat="43.0882825283" lon="-95.3092263649" version="1" timestamp="2026-09-02T12:00:00Z" changeset="1" uid="1" user="generator"/>
  <node id="684" lat="43.0882825283" lon="-95.3104581644" version="1" timestamp="2026-09-02T12:00:00Z" changeset="1" uid="1" user="generator"/>
  <node id="685" lat="43.0891825292" lon="-95.3090292770" version="1" timestamp="2026-09-02T12:00:00Z" changeset="1" uid="1" user="generator"/>
  <node id="686" lat="43.0891825292" lon="-95.3077974775" version="1" timestamp="2026-09-02T12:00:00Z" changeset="1" uid="1" user="generator"/>
  <node id="687" lat="43.0882825283" lon="-95.3077974775" version="1" timestamp="2026-09-02T12:00:00Z" changeset="1" uid="1" user="generator"/>
  <node id="688" lat="43.0882825283" lon="-95.3090292770" version="1" timestamp="2026-09-02T12:00:00Z" changeset="1" uid="1" user="generator"/>
  <node id="689" lat="43.0881385281" lon="-95.3134637552" version="1" timestamp="2026-09-02T12:00:00Z" changeset="1" uid="1" user="generator"/>
  <node id="690" lat="43.0881385281" lon="-95.3122319557" version="1" timestamp="2026-09-02T12:00:00Z" changeset="1" uid="1" user="generator"/>
  <node id="691" lat="43.0872385272" lon="-95.3122319557" version="1" timestamp="2026-09-02T12:00:00Z" changeset="1" uid="1" user="generator"/>
  <node id="692" lat="43.0872385272" lon="-95.3134637552" version="1" timestamp="2026-09-02T12:00:00Z" changeset="1" uid="1" user="generator"/>
  <node id="693" lat="43.0881385281" lon="-95.3120348678" version="1" timestamp="2026-09-02T12:00:00Z" changeset="1" uid="1" user="generator"/>
  <node id="694" lat="43.0881385281" lon="-95.3108030683" version="1" timestamp="2026-09-02T12:00:00Z" changeset="1" uid="1" user="generator"/>
  <node id="695" lat="43.0872385272" lon="-95.3108030683" version="1" timestamp="2026-09-02T12:00:00Z" changeset="1" uid="1" user="generator"/>
  <node id="696" lat="43.0872385272" lon="-95.3120348678" version="1" timestamp="2026-09-02T12:00:00Z" changeset="1" uid="1" user="generator"/>
  <node id="697" lat="43.0881385281" lon="-95.3104581644" version="1" timestamp="2026-09-02T12:00:00Z" changeset="1" uid="1" user="generator"/>
  <node id="698" lat="43.0881385281" lon="-95.3092263649" version="1" timestamp="2026-09-02T12:00:00Z" changeset="1" uid="1" user="generator"/>
  <node id="699" lat="43.0872385272" lon="-95.3092263649" version="1" timestamp="2026-09-02T12:00:00Z" changeset="1" uid="1" user="generator"/>
  <node id="700" lat="43.0872385272" lon="-95.3104581644" version="1" timestamp="2026-09-02T12:00:00Z" changeset="1" uid="1" user="generator"/>
  <node id="701" lat="43.0881385281" lon="-95.3090292770" version="1" timestamp="2026-09-02T12:00:00Z" changeset="1" uid="1" user="generator"/>
  <node id="702" lat="43.0881385281" lon="-95.3077974775" version="1" timestamp="2026-09-02T12:00:00Z" changeset="1" uid="1" user="generator"/>
  <node id="703" lat="43.0872385272" lon="-95.3077974775" version="1" timestamp="2026-09-02T12:00:00Z" changeset="1" uid="1" user="generator"/>
  <node id="704" lat="43.0872385272" lon="-95.3090292770" version="1" timestamp="2026-09-02T12:00:00Z" changeset="1" uid="1" user="generator"/>
  <node id="705" lat="43.0870405270" lon="-95.3134637552" version="1" timestamp="2026-09-02T12:00:00Z" changeset="1" uid="1" user="generator"/>
  <node id="706" lat="43.0870405270" lon="-95.3122319557" version="1" timestamp="2026-09-02T12:00:00Z" changeset="1" uid="1" user="generator"/>
  <node id="707" lat="43.0861405261" lon="-95.3122319557" version="1" timestamp="2026-09-02T12:00:00Z" changeset="1" uid="1" user="generator"/>
  <node id="708" lat="43.0861405261" lon="-95.3134637552" version="1" timestamp="2026-09-02T12:00:00Z" changeset="1" uid="1" user="generator"/>
  <node id="709" lat="43.0870405270" lon="-95.3120348678" version="1" timestamp="2026-09-02T12:00:00Z" changeset="1" uid="1" user="generator"/>
  <node id="710" lat="43.0870405270" lon="-95.3108030683" version="1" timestamp="2026-09-02T12:00:00Z" changeset="1" uid="1" user="generator"/>
  <node id="711" lat="43.0861405261" lon="-95.3108030683" version="1" timestamp="2026-09-02T12:00:00Z" changeset="1" uid="1" user="generator"/>
  <node id="712" lat="43.0861405261" lon="-95.3120348678" version="1" timestamp="2026-09-02T12:00:00Z" changeset="1" uid="1" user="generator"/>
  <node id="713" lat="43.0870405270" lon="-95.3104581644" version="1" timestamp="2026-09-02T12:00:00Z" changeset="1" uid="1" user="generator"/>
  <node id="714" lat="43.0870405270" lon="-95.3092263649" version="1" timestamp="2026-09-02T12:00:00Z" changeset="1" uid="1" user="generator"/>
  <node id="715" lat="43.0861405261" lon="-95.3092263649" version="1" timestamp="2026-09-02T12:00:00Z" changeset="1" uid="1" user="generator"/>
  <node id="716" lat="43.0861405261" lon="-95.3104581644" version="1" timestamp="2026-09-02T12:00:00Z" changeset="1" uid="1" user="generator"/>
  <node id="717" lat="43.0870405270" lon="-95.3090292770" version="1" timestamp="2026-09-02T12:00:00Z" changeset="1" uid="1" user="generator"/>
  <node id="718" lat="43.0870405270" lon="-95.3077974775" version="1" timestamp="2026-09-02T12:00:00Z" changeset="1" uid="1" user="generator"/>
  <node id="719" lat="43.0861405261" lon="-95.3077974775" version="1" timestamp="2026-09-02T12:00:00Z" changeset="1" uid="1" user="generator"/>
  <node id="720" lat="43.0861405261" lon="-95.3090292770" version="1" timestamp="2026-09-02T12:00:00Z" changeset="1" uid="1" user="generator"/>
  <node id="721" lat="43.0859965260" lon="-95.3134637552" version="1" timestamp="2026-09-02T12:00:00Z" changeset="1" uid="1" user="generator"/>
  <node id="722" lat="43.0859965260" lon="-95.3122319557" version="1" timestamp="2026-09-02T12:00:00Z" changeset="1" uid="1" user="generator"/>
  <node id="723" lat="43.0850965251" lon="-95.3122319557" version="1" timestamp="2026-09-02T12:00:00Z" changeset="1" uid="1" user="generator"/>
  <node id="724" lat="43.0850965251" lon="-95.3134637552" version="1" timestamp="2026-09-02T12:00:00Z" changeset="1" uid="1" user="generator"/>
  <node id="725" lat="43.0859965260" lon="-95.3120348678" version="1" timestamp="2026-09-02T12:00:00Z" changeset="1" uid="1" user="generator"/>
  <node id="726" lat="43.0859965260" lon="-95.3108030683" version="1" timestamp="2026-09-02T12:00:00Z" changeset="1" uid="1" user="generator"/>
  <node id="727" lat="43.0850965251" lon="-95.3108030683" version="1" timestamp="2026-09-02T12:00:00Z" changeset="1" uid="1" user="generator"/>
  <node id="728" lat="43.0850965251" lon="-95.3120348678" version="1" timestamp="2026-09-02T12:00:00Z" changeset="1" uid="1" user="generator"/>
  <node id="729" lat="43.0859965260" lon="-95.3104581644" version="1" timestamp="2026-09-02T12:00:00Z" changeset="1" uid="1" user="generator"/>
  <node id="730" lat="43.0859965260" lon="-95.3092263649" version="1" timestamp="2026-09-02T12:00:00Z" changeset="1" uid="1" user="generator"/>
  <node id="731" lat="43.0850965251" lon="-95.3092263649" version="1" timestamp="2026-09-02T12:00:00Z" changeset="1" uid="1" user="generator"/>
  <node id="732" lat="43.0850965251" lon="-95.3104581644" version="1" timestamp="2026-09-02T12:00:00Z" changeset="1" uid="1" user="generator"/>
  <node id="733" lat="43.0859965260" lon="-95.3090292770" version="1" timestamp="2026-09-02T12:00:00Z" changeset="1" uid="1" user="generator"/>
  <node id="734" lat="43.0859965260" lon="-95.3077974775" version="1" timestamp="2026-09-02T12:00:00Z" changeset="1" uid="1" user="generator"/>
  <node id="735" lat="43.0850965251" lon="-95.3077974775" version="1" timestamp="2026-09-02T12:00:00Z" changeset="1" uid="1" user="generator"/>
  <node id="736" lat="43.0850965251" lon="-95.3090292770" version="1" timestamp="2026-09-02T12:00:00Z" changeset="1" uid="1" user="generator"/>
  <node id="737" lat="43.0891825292" lon="-95.2522025225" version="1" timestamp="2026-09-02T12:00:00Z" changeset="1" uid="1" user="generator"/>
  <node id="738" lat="43.0891825292" lon="-95.2509707230" version="1" timestamp="2026-09-02T12:00:00Z" changeset="1" uid="1" user="generator"/>
  <node id="739" lat="43.0882825283" lon="-95.2509707230" version="1" timestamp="2026-09-02T12:00:00Z" changeset="1" uid="1" user="generator"/>
  <node id="740" lat="43.0882825283" lon="-95.2522025225" version="1" timestamp="2026-09-02T12:00:00Z" changeset="1" uid="1" user="generator"/>
  <node id="741" lat="43.0891825292" lon="-95.2507736351" version="1" timestamp="2026-09-02T12:00:00Z" changeset="1" uid="1" user="generator"/>
  <node id="742" lat="43.0891825292" lon="-95.2495418356" version="1" timestamp="2026-09-02T12:00:00Z" changeset="1" uid="1" user="generator"/>
  <node id="743" lat="43.0882825283" lon="-95.2495418356" version="1" timestamp="2026-09-02T12:00:00Z" changeset="1" uid="1" user="generator"/>
  <node id="744" lat="43.0882825283" lon="-95.2507736351" version="1" timestamp="2026-09-02T12:00:00Z" changeset="1" uid="1" user="generator"/>
  <node id="745" lat="43.0891825292" lon="-95.2491969317" version="1" timestamp="2026-09-02T12:00:00Z" changeset="1" uid="1" user="generator"/>
  <node id="746" lat="43.0891825292" lon="-95.2479651322" version="1" timestamp="2026-09-02T12:00:00Z" changeset="1" uid="1" user="generator"/>
  <node id="747" lat="43.0882825283" lon="-95.2479651322" version="1" timestamp="2026-09-02T12:00:00Z" changeset="1" uid="1" user="generator"/>
  <node id="748" lat="43.0882825283" lon="-95.2491969317" version="1" timestamp="2026-09-02T12:00:00Z" changeset="1" uid="1" user="generator"/>
  <node id="749" lat="43.0891825292" lon="-95.2477680443" version="1" timestamp="2026-09-02T12:00:00Z" changeset="1" uid="1" user="generator"/>
  <node id="750" lat="43.0891825292" lon="-95.2465362448" version="1" timestamp="2026-09-02T12:00:00Z" changeset="1" uid="1" user="generator"/>
  <node id="751" lat="43.0882825283" lon="-95.2465362448" version="1" timestamp="2026-09-02T12:00:00Z" changeset="1" uid="1" user="generator"/>
  <node id="752" lat="43.0882825283" lon="-95.2477680443" version="1" timestamp="2026-09-02T12:00:00Z" changeset="1" uid="1" user="generator"/>
  <node id="753" lat="43.0881385281" lon="-95.2522025225" version="1" timestamp="2026-09-02T12:00:00Z" changeset="1" uid="1" user="generator"/>
  <node id="754" lat="43.0881385281" lon="-95.2509707230" version="1" timestamp="2026-09-02T12:00:00Z" changeset="1" uid="1" user="generator"/>
  <node id="755" lat="43.0872385272" lon="-95.2509707230" version="1" timestamp="2026-09-02T12:00:00Z" changeset="1" uid="1" user="generator"/>
  <node id="756" lat="43.0872385272" lon="-95.2522025225" version="1" timestamp="2026-09-02T12:00:00Z" changeset="1" uid="1" user="generator"/>
  <node id="757" lat="43.0881385281" lon="-95.2507736351" version="1" timestamp="2026-09-02T12:00:00Z" changeset="1" uid="1" user="generator"/>
  <node id="758" lat="43.0881385281" lon="-95.2495418356" version="1" timestamp="2026-09-02T12:00:00Z" changeset="1" uid="1" user="generator"/>
  <node id="759" lat="43.0872385272" lon="-95.2495418356" version="1" timestamp="2026-09-02T12:00:00Z" changeset="1" uid="1" user="generator"/>
  <node id="760" lat="43.0872385272" lon="-95.2507736351" version="1" timestamp="2026-09-02T12:00:00Z" changeset="1" uid="1" user="generator"/>
  <node id="761" lat="43.0881385281" lon="-95.2491969317" version="1" timestamp="2026-09-02T12:00:00Z" changeset="1" uid="1" user="generator"/>
  <node id="762" lat="43.0881385281" lon="-95.2479651322" version="1" timestamp="2026-09-02T12:00:00Z" changeset="1" uid="1" user="generator"/>
  <node id="763" lat="43.0872385272" lon="-95.2479651322" version="1" timestamp="2026-09-02T12:00:00Z" changeset="1" uid="1" user="generator"/>
  <node id="764" lat="43.0872385272" lon="-95.2491969317" version="1" timestamp="2026-09-02T12:00:00Z" changeset="1" uid="1" user="generator"/>
  <node id="765" lat="43.0881385281" lon="-95.2477680443" version="1" timestamp="2026-09-02T12:00:00Z" changeset="1" uid="1" user="generator"/>
  <node id="766" lat="43.0881385281" lon="-95.2465362448" version="1" timestamp="2026-09-02T12:00:00Z" changeset="1" uid="1" user="generator"/>
  <node id="767" lat="43.0872385272" lon="-95.2465362448" version="1" timestamp="2026-09-02T12:00:00Z" changeset="1" uid="1" user="generator"/>
  <node id="768" lat="43.0872385272" lon="-95.2477680443" version="1" timestamp="2026-09-02T12:00:00Z" changeset="1" uid="1" user="generator"/>
  <node id="769" lat="43.0870405270" lon="-95.2522025225" version="1" timestamp="2026-09-02T12:00:00Z" changeset="1" uid="1" user="generator"/>
  <node id="770" lat="43.0870405270" lon="-95.2509707230" version="1" timestamp="2026-09-02T12:00:00Z" changeset="1" uid="1" user="generator"/>
  <node id="771" lat="43.0861405261" lon="-95.2509707230" version="1" timestamp="2026-09-02T12:00:00Z" changeset="1" uid="1" user="generator"/>
  <node id="772" lat="43.0861405261" lon="-95.2522025225" version="1" timestamp="2026-09-02T12:00:00Z" changeset="1" uid="1" user="generator"/>
  <node id="773" lat="43.0870405270" lon="-95.2507736351" version="1" timestamp="2026-09-02T12:00:00Z" changeset="1" uid="1" user="generator"/>
  <node id="774" lat="43.0870405270" lon="-95.2495418356" version="1" timestamp="2026-09-02T12:00:00Z" changeset="1" uid="1" user="generator"/>
  <node id="775" lat="43.0861405261" lon="-95.2495418356" version="1" timestamp="2026-09-02T12:00:00Z" changeset="1" uid="1" user="generator"/>
  <node id="776" lat="43.0861405261" lon="-95.2507736351" version="1" timestamp="2026-09-02T12:00:00Z" changeset="1" uid="1" user="generator"/>
  <node id="777" lat="43.0870405270" lon="-95.2491969317" version="1" timestamp="2026-09-02T12:00:00Z" changeset="1" uid="1" user="generator"/>
  <node id="778" lat="43.0870405270" lon="-95.2479651322" version="1" timestamp="2026-09-02T12:00:00Z" changeset="1" uid="1" user="generator"/>
  <node id="779" lat="43.0861405261" lon="-95.2479651322" version="1" timestamp="2026-09-02T12:00:00Z" changeset="1" uid="1" user="generator"/>
  <node id="780" lat="43.0861405261" lon="-95.2491969317" version="1" timestamp="2026-09-02T12:00:00Z" changeset="1" uid="1" user="generator"/>
  <node id="781" lat="43.0870405270" lon="-95.2477680443" version="1" timestamp="2026-09-02T12:00:00Z" changeset="1" uid="1" user="generator"/>
  <node id="782" lat="43.0870405270" lon="-95.2465362448" version="1" timestamp="2026-09-02T12:00:00Z" changeset="1" uid="1" user="generator"/>
  <node id="783" lat="43.0861405261" lon="-95.2465362448" version="1" timestamp="2026-09-02T12:00:00Z" changeset="1" uid="1" user="generator"/>
  <node id="784" lat="43.0861405261" lon="-95.2477680443" version="1" timestamp="2026-09-02T12:00:00Z" changeset="1" uid="1" user="generator"/>
  <node id="785" lat="43.0859965260" lon="-95.2522025225" version="1" timestamp="2026-09-02T12:00:00Z" changeset="1" uid="1" user="generator"/>
  <node id="786" lat="43.0859965260" lon="-95.2509707230" version="1" timestamp="2026-09-02T12:00:00Z" changeset="1" uid="1" user="generator"/>
  <node id="787" lat="43.0850965251" lon="-95.2509707230" version="1" timestamp="2026-09-02T12:00:00Z" changeset="1" uid="1" user="generator"/>
  <node id="788" lat="43.0850965251" lon="-95.2522025225" version="1" timestamp="2026-09-02T12:00:00Z" changeset="1" uid="1" user="generator"/>
  <node id="789" lat="43.0859965260" lon="-95.2507736351" version="1" timestamp="2026-09-02T12:00:00Z" changeset="1" uid="1" user="generator"/>
  <node id="790" lat="43.0859965260" lon="-95.2495418356" version="1" timestamp="2026-09-02T12:00:00Z" changeset="1" uid="1" user="generator"/>
  <node id="791" lat="43.0850965251" lon="-95.2495418356" version="1" timestamp="2026-09-02T12:00:00Z" changeset="1" uid="1" user="generator"/>
  <node id="792" lat="43.0850965251" lon="-95.2507736351" version="1" timestamp="2026-09-02T12:00:00Z" changeset="1" uid="1" user="generator"/>
  <node id="793" lat="43.0859965260" lon="-95.2491969317" version="1" timestamp="2026-09-02T12:00:00Z" changeset="1" uid="1" user="generator"/>
  <node id="794" lat="43.0859965260" lon="-95.2479651322" version="1" timestamp="2026-09-02T12:00:00Z" changeset="1" uid="1" user="generator"/>
  <node id="795" lat="43.0850965251" lon="-95.2479651322" version="1" timestamp="2026-09-02T12:00:00Z" changeset="1" uid="1" user="generator"/>
  <node id="796" lat="43.0850965251" lon="-95.2491969317" version="1" timestamp="2026-09-02T12:00:00Z" changeset="1" uid="1" user="generator"/>
  <node id="797" lat="43.0859965260" lon="-95.2477680443" version="1" timestamp="2026-09-02T12:00:00Z" changeset="1" uid="1" user="generator"/>
  <node id="798" lat="43.0859965260" lon="-95.2465362448" version="1" timestamp="2026-09-02T12:00:00Z" changeset="1" uid="1" user="generator"/>
  <node id="799" lat="43.0850965251" lon="-95.2465362448" version="1" timestamp="2026-09-02T12:00:00Z" changeset="1" uid="1" user="generator"/>
  <node id="800" lat="43.0850965251" lon="-95.2477680443" version="1" timestamp="2026-09-02T12:00:00Z" changeset="1" uid="1" user="generator"/>
  <node id="801" lat="43.0312460872" lon="-95.3134637552" version="1" timestamp="2026-09-02T12:00:00Z" changeset="1" uid="1" user="generator"/>
  <node id="802" lat="43.0312460872" lon="-95.3122319557" version="1" timestamp="2026-09-02T12:00:00Z" changeset="1" uid="1" user="generator"/>
  <node id="803" lat="43.0303460863" lon="-95.3122319557" version="1" timestamp="2026-09-02T12:00:00Z" changeset="1" uid="1" user="generator"/>
  <node id="804" lat="43.0303460863" lon="-95.3134637552" version="1" timestamp="2026-09-02T12:00:00Z" changeset="1" uid="1" user="generator"/>
  <node id="805" lat="43.0312460872" lon="-95.3120348678" version="1" timestamp="2026-09-02T12:00:00Z" changeset="1" uid="1" user="generator"/>
  <node id="806" lat="43.0312460872" lon="-95.3108030683" version="1" timestamp="2026-09-02T12:00:00Z" changeset="1" uid="1" user="generator"/>
  <node id="807" lat="43.0303460863" lon="-95.3108030683" version="1" timestamp="2026-09-02T12:00:00Z" changeset="1" uid="1" user="generator"/>
  <node id="808" lat="43.0303460863" lon="-95.3120348678" version="1" timestamp="2026-09-02T12:00:00Z" changeset="1" uid="1" user="generator"/>
  <node id="809" lat="43.0312460872" lon="-95.3104581644" version="1" timestamp="2026-09-02T12:00:00Z" changeset="1" uid="1" user="generator"/>
  <node id="810" lat="43.0312460872" lon="-95.3092263649" version="1" timestamp="2026-09-02T12:00:00Z" changeset="1" uid="1" user="generator"/>
  <node id="811" lat="43.0303460863" lon="-95.3092263649" version="1" timestamp="2026-09-02T12:00:00Z" changeset="1" uid="1" user="generator"/>
  <node id="812" lat="43.0303460863" lon="-95.3104581644" version="1" timestamp="2026-09-02T12:00:00Z" changeset="1" uid="1" user="generator"/>
  <node id="813" lat="43.0312460872" lon="-95.3090292770" version="1" timestamp="2026-09-02T12:00:00Z" changeset="1" uid="1" user="generator"/>
  <node id="814" lat="43.0312460872" lon="-95.3077974775" version="1" timestamp="2026-09-02T12:00:00Z" changeset="1" uid="1" user="generator"/>
  <node id="815" lat="43.0303460863" lon="-95.3077974775" version="1" timestamp="2026-09-02T12:00:00Z" changeset="1" uid="1" user="generator"/>
  <node id="816" lat="43.0303460863" lon="-95.3090292770" version="1" timestamp="2026-09-02T12:00:00Z" changeset="1" uid="1" user="generator"/>
  <node id="817" lat="43.0302020862" lon="-95.3134637552" version="1" timestamp="2026-09-02T12:00:00Z" changeset="1" uid="1" user="generator"/>
  <node id="818" lat="43.0302020862" lon="-95.3122319557" version="1" timestamp="2026-09-02T12:00:00Z" changeset="1" uid="1" user="generator"/>
  <node id="819" lat="43.0293020853" lon="-95.3122319557" version="1" timestamp="2026-09-02T12:00:00Z" changeset="1" uid="1" user="generator"/>
  <node id="820" lat="43.0293020853" lon="-95.3134637552" version="1" timestamp="2026-09-02T12:00:00Z" changeset="1" uid="1" user="generator"/>
  <node id="821" lat="43.0302020862" lon="-95.3120348678" version="1" timestamp="2026-09-02T12:00:00Z" changeset="1" uid="1" user="generator"/>
  <node id="822" lat="43.0302020862" lon="-95.3108030683" version="1" timestamp="2026-09-02T12:00:00Z" changeset="1" uid="1" user="generator"/>
  <node id="823" lat="43.0293020853" lon="-95.3108030683" version="1" timestamp="2026-09-02T12:00:00Z" changeset="1" uid="1" user="generator"/>
  <node id="824" lat="43.0293020853" lon="-95.3120348678" version="1" timestamp="2026-09-02T12:00:00Z" changeset="1" uid="1" user="generator"/>
  <node id="825" lat="43.0302020862" lon="-95.3104581644" version="1" timestamp="2026-09-02T12:00:00Z" changeset="1" uid="1" user="generator"/>
  <node id="826" lat="43.0302020862" lon="-95.3092263649" version="1" timestamp="2026-09-02T12:00:00Z" changeset="1" uid="1" user="generator"/>
  <node id="827" lat="43.0293020853" lon="-95.3092263649" version="1" timestamp="2026-09-02T12:00:00Z" changeset="1" uid="1" user="generator"/>
  <node id="828" lat="43.0293020853" lon="-95.3104581644" version="1" timestamp="2026-09-02T12:00:00Z" changeset="1" uid="1" user="generator"/>
  <node id="829" lat="43.0302020862" lon="-95.3090292770" version="1" timestamp="2026-09-02T12:00:00Z" changeset="1" uid="1" user="generator"/>
  <node id="830" lat="43.0302020862" lon="-95.3077974775" version="1" timestamp="2026-09-02T12:00:00Z" changeset="1" uid="1" user="generator"/>
  <node id="831" lat="43.0293020853" lon="-95.3077974775" version="1" timestamp="2026-09-02T12:00:00Z" changeset="1" uid="1" user="generator"/>
  <node id="832" lat="43.0293020853" lon="-95.3090292770" version="1" timestamp="2026-09-02T12:00:00Z" changeset="1" uid="1" user="generator"/>
  <node id="833" lat="43.0291040851" lon="-95.3134637552" version="1" timestamp="2026-09-02T12:00:00Z" changeset="1" uid="1" user="generator"/>
  <node id="834" lat="43.0291040851" lon="-95.3122319557" version="1" timestamp="2026-09-02T12:00:00Z" changeset="1" uid="1" user="generator"/>
  <node id="835" lat="43.0282040842" lon="-95.3122319557" version="1" timestamp="2026-09-02T12:00:00Z" changeset="1" uid="1" user="generator"/>
  <node id="836" lat="43.0282040842" lon="-95.3134637552" version="1" timestamp="2026-09-02T12:00:00Z" changeset="1" uid="1" user="generator"/>
  <node id="837" lat="43.0291040851" lon="-95.3120348678" version="1" timestamp="2026-09-02T12:00:00Z" changeset="1" uid="1" user="generator"/>
  <node id="838" lat="43.0291040851" lon="-95.3108030683" version="1" timestamp="2026-09-02T12:00:00Z" changeset="1" uid="1" user="generator"/>
  <node id="839" lat="43.0282040842" lon="-95.3108030683" version="1" timestamp="2026-09-02T12:00:00Z" changeset="1" uid="1" user="generator"/>
  <node id="840" lat="43.0282040842" lon="-95.3120348678" version="1" timestamp="2026-09-02T12:00:00Z" changeset="1" uid="1" user="generator"/>
  <node id="841" lat="43.0291040851" lon="-95.3104581644" version="1" timestamp="2026-09-02T12:00:00Z" changeset="1" uid="1" user="generator"/>
  <node id="842" lat="43.0291040851" lon="-95.3092263649" version="1" timestamp="2026-09-02T12:00:00Z" changeset="1" uid="1" user="generator"/>
  <node id="843" lat="43.0282040842" lon="-95.3092263649" version="1" timestamp="2026-09-02T12:00:00Z" changeset="1" uid="1" user="generator"/>
  <node id="844" lat="43.0282040842" lon="-95.3104581644" version="1" timestamp="2026-09-02T12:00:00Z" changeset="1" uid="1" user="generator"/>
  <node id="845" lat="43.0291040851" lon="-95.3090292770" version="1" timestamp="2026-09-02T12:00:00Z" changeset="1" uid="1" user="generator"/>
  <node id="846" lat="43.0291040851" lon="-95.3077974775" version="1" timestamp="2026-09-02T12:00:00Z" changeset="1" uid="1" user="generator"/>
  <node id="847" lat="43.0282040842" lon="-95.3077974775" version="1" timestamp="2026-09-02T12:00:00Z" changeset="1" uid="1" user="generator"/>
  <node id="848" lat="43.0282040842" lon="-95.3090292770" version="1" timestamp="2026-09-02T12:00:00Z" changeset="1" uid="1" user="generator"/>
  <node id="849" lat="43.0280600841" lon="-95.3134637552" version="1" timestamp="2026-09-02T12:00:00Z" changeset="1" uid="1" user="generator"/>
  <node id="850" lat="43.0280600841" lon="-95.3122319557" version="1" timestamp="2026-09-02T12:00:00Z" changeset="1" uid="1" user="generator"/>
  <node id="851" lat="43.0271600832" lon="-95.3122319557" version="1" timestamp="2026-09-02T12:00:00Z" changeset="1" uid="1" user="generator"/>
  <node id="852" lat="43.0271600832" lon="-95.3134637552" version="1" timestamp="2026-09-02T12:00:00Z" changeset="1" uid="1" user="generator"/>
  <node id="853" lat="43.0280600841" lon="-95.3120348678" version="1" timestamp="2026-09-02T12:00:00Z" changeset="1" uid="1" user="generator"/>
  <node id="854" lat="43.0280600841" lon="-95.3108030683" version="1" timestamp="2026-09-02T12:00:00Z" changeset="1" uid="1" user="generator"/>
  <node id="855" lat="43.0271600832" lon="-95.3108030683" version="1" timestamp="2026-09-02T12:00:00Z" changeset="1" uid="1" user="generator"/>
  <node id="856" lat="43.0271600832" lon="-95.3120348678" version="1" timestamp="2026-09-02T12:00:00Z" changeset="1" uid="1" user="generator"/>
  <node id="857" lat="43.0280600841" lon="-95.3104581644" version="1" timestamp="2026-09-02T12:00:00Z" changeset="1" uid="1" user="generator"/>
  <node id="858" lat="43.0280600841" lon="-95.3092263649" version="1" timestamp="2026-09-02T12:00:00Z" changeset="1" uid="1" user="generator"/>
  <node id="859" lat="43.0271600832" lon="-95.3092263649" version="1" timestamp="2026-09-02T12:00:00Z" changeset="1" uid="1" user="generator"/>
  <node id="860" lat="43.0271600832" lon="-95.3104581644" version="1" timestamp="2026-09-02T12:00:00Z" changeset="1" uid="1" user="generator"/>
  <node id="861" lat="43.0280600841" lon="-95.3090292770" version="1" timestamp="2026-09-02T12:00:00Z" changeset="1" uid="1" user="generator"/>
  <node id="862" lat="43.0280600841" lon="-95.3077974775" version="1" timestamp="2026-09-02T12:00:00Z" changeset="1" uid="1" user="generator"/>
  <node id="863" lat="43.0271600832" lon="-95.3077974775" version="1" timestamp="2026-09-02T12:00:00Z" changeset="1" uid="1" user="generator"/>
  <node id="864" lat="43.0271600832" lon="-95.3090292770" version="1" timestamp="2026-09-02T12:00:00Z" changeset="1" uid="1" user="generator"/>
  <node id="865" lat="43.0312460872" lon="-95.2522025225" version="1" timestamp="2026-09-02T12:00:00Z" changeset="1" uid="1" user="generator"/>
  <node id="866" lat="43.0312460872" lon="-95.2509707230" version="1" timestamp="2026-09-02T12:00:00Z" changeset="1" uid="1" user="generator"/>
  <node id="867" lat="43.0303460863" lon="-95.2509707230" version="1" timestamp="2026-09-02T12:00:00Z" changeset="1" uid="1" user="generator"/>
  <node id="868" lat="43.0303460863" lon="-95.2522025225" version="1" timestamp="2026-09-02T12:00:00Z" changeset="1" uid="1" user="generator"/>
  <node id="869" lat="43.0312460872" lon="-95.2507736351" version="1" timestamp="2026-09-02T12:00:00Z" changeset="1" uid="1" user="generator"/>
  <node id="870" lat="43.0312460872" lon="-95.2495418356" version="1" timestamp="2026-09-02T12:00:00Z" changeset="1" uid="1" user="generator"/>
  <node id="871" lat="43.0303460863" lon="-95.2495418356" version="1" timestamp="2026-09-02T12:00:00Z" changeset="1" uid="1" user="generator"/>
  <node id="872" lat="43.0303460863" lon="-95.2507736351" version="1" timestamp="2026-09-02T12:00:00Z" changeset="1" uid="1" user="generator"/>
  <node id="873" lat="43.0312460872" lon="-95.2491969317" version="1" timestamp="2026-09-02T12:00:00Z" changeset="1" uid="1" user="generator"/>
  <node id="874" lat="43.0312460872" lon="-95.2479651322" version="1" timestamp="2026-09-02T12:00:00Z" changeset="1" uid="1" user="generator"/>
  <node id="875" lat="43.0303460863" lon="-95.2479651322" version="1" timestamp="2026-09-02T12:00:00Z" changeset="1" uid="1" user="generator"/>
  <node id="876" lat="43.0303460863" lon="-95.2491969317" version="1" timestamp="2026-09-02T12:00:00Z" changeset="1" uid="1" user="generator"/>
  <node id="877" lat="43.0312460872" lon="-95.2477680443" version="1" timestamp="2026-09-02T12:00:00Z" changeset="1" uid="1" user="generator"/>
  <node id="878" lat="43.0312460872" lon="-95.2465362448" version="1" timestamp="2026-09-02T12:00:00Z" changeset="1" uid="1" user="generator"/>
  <node id="879" lat="43.0303460863" lon="-95.2465362448" version="1" timestamp="2026-09-02T12:00:00Z" changeset="1" uid="1" user="generator"/>
  <node id="880" lat="43.0303460863" lon="-95.2477680443" version="1" timestamp="2026-09-02T12:00:00Z" changeset="1" uid="1" user="generator"/>
  <node id="881" lat="43.0302020862" lon="-95.2522025225" version="1" timestamp="2026-09-02T12:00:00Z" changeset="1" uid="1" user="generator"/>
  <node id="882" lat="43.0302020862" lon="-95.2509707230" version="1" timestamp="2026-09-02T12:00:00Z" changeset="1" uid="1" user="generator"/>
  <node id="883" lat="43.0293020853" lon="-95.2509707230" version="1" timestamp="2026-09-02T12:00:00Z" changeset="1" uid="1" user="generator"/>
  <node id="884" lat="43.0293020853" lon="-95.2522025225" version="1" timestamp="2026-09-02T12:00:00Z" changeset="1" uid="1" user="generator"/>
  <node id="885" lat="43.0302020862" lon="-95.2507736351" version="1" timestamp="2026-09-02T12:00:00Z" changeset="1" uid="1" user="generator"/>
  <node id="886" lat="43.0302020862" lon="-95.2495418356" version="1" timestamp="2026-09-02T12:00:00Z" changeset="1" uid="1" user="generator"/>
  <node id="887" lat="43.0293020853" lon="-95.2495418356" version="1" timestamp="2026-09-02T12:00:00Z" changeset="1" uid="1" user="generator"/>
  <node id="888" lat="43.0293020853" lon="-95.2507736351" version="1" timestamp="2026-09-02T12:00:00Z" changeset="1" uid="1" user="generator"/>
  <node id="889" lat="43.0302020862" lon="-95.2491969317" version="1" timestamp="2026-09-02T12:00:00Z" changeset="1" uid="1" user="generator"/>
  <node id="890" lat="43.0302020862" lon="-95.2479651322" version="1" timestamp="2026-09-02T12:00:00Z" changeset="1" uid="1" user="generator"/>
  <node id="891" lat="43.0293020853" lon="-95.2479651322" version="1" timestamp="2026-09-02T12:00:00Z" changeset="1" uid="1" user="generator"/>
  <node id="892" lat="43.0293020853" lon="-95.2491969317" version="1" timestamp="2026-09-02T12:00:00Z" changeset="1" uid="1" user="generator"/>
  <node id="893" lat="43.0302020862" lon="-95.2477680443" version="1" timestamp="2026-09-02T12:00:00Z" changeset="1" uid="1" user="generator"/>
  <node id="894" lat="43.0302020862" lon="-95.2465362448" version="1" timestamp="2026-09-02T12:00:00Z" changeset="1" uid="1" user="generator"/>
  <node id="895" lat="43.0293020853" lon="-95.2465362448" version="1" timestamp="2026-09-02T12:00:00Z" changeset="1" uid="1" user="generator"/>
  <node id="896" lat="43.0293020853" lon="-95.2477680443" version="1" timestamp="2026-09-02T12:00:00Z" changeset="1" uid="1" user="generator"/>
  <node id="897" lat="43.0291040851" lon="-95.2522025225" version="1" timestamp="2026-09-02T12:00:00Z" changeset="1" uid="1" user="generator"/>
  <node id="898" lat="43.0291040851" lon="-95.2509707230" version="1" timestamp="2026-09-02T12:00:00Z" changeset="1" uid="1" user="generator"/>
  <node id="899" lat="43.0282040842" lon="-95.2509707230" version="1" timestamp="2026-09-02T12:00:00Z" changeset="1" uid="1" user="generator"/>
  <node id="900" lat="43.0282040842" lon="-95.2522025225" version="1" timestamp="2026-09-02T12:00:00Z" changeset="1" uid="1" user="generator"/>
  <node id="901" lat="43.0291040851" lon="-95.2507736351" version="1" timestamp="2026-09-02T12:00:00Z" changeset="1" uid="1" user="generator"/>
  <node id="902" lat="43.0291040851" lon="-95.2495418356" version="1" timestamp="2026-09-02T12:00:00Z" changeset="1" uid="1" user="generator"/>
  <node id="903" lat="43.0282040842" lon="-95.2495418356" version="1" timestamp="2026-09-02T12:00:00Z" changeset="1" uid="1" user="generator"/>
  <node id="904" lat="43.0282040842" lon="-95.2507736351" version="1" timestamp="2026-09-02T12:00:00Z" changeset="1" uid="1" user="generator"/>
  <node id="905" lat="43.0291040851" lon="-95.2491969317" version="1" timestamp="2026-09-02T12:00:00Z" changeset="1" uid="1" user="generator"/>
  <node id="906" lat="43.0291040851" lon="-95.2479651322" version="1" timestamp="2026-09-02T12:00:00Z" changeset="1" uid="1" user="generator"/>
  <node id="907" lat="43.0282040842" lon="-95.2479651322" version="1" timestamp="2026-09-02T12:00:00Z" changeset="1" uid="1" user="generator"/>
  <node id="908" lat="43.0282040842" lon="-95.2491969317" version="1" timestamp="2026-09-02T12:00:00Z" changeset="1" uid="1" user="generator"/>
  <node id="909" lat="43.0291040851" lon="-95.2477680443" version="1" timestamp="2026-09-02T12:00:00Z" changeset="1" uid="1" user="generator"/>
  <node id="910" lat="43.0291040851" lon="-95.2465362448" version="1" timestamp="2026-09-02T12:00:00Z" changeset="1" uid="1" user="generator"/>
  <node id="911" lat="43.0282040842" lon="-95.2465362448" version="1" timestamp="2026-09-02T12:00:00Z" changeset="1" uid="1" user="generator"/>
  <node id="912" lat="43.0282040842" lon="-95.2477680443" version="1" timestamp="2026-09-02T12:00:00Z" changeset="1" uid="1" user="generator"/>
  <node id="913" lat="43.0280600841" lon="-95.2522025225" version="1" timestamp="2026-09-02T12:00:00Z" changeset="1" uid="1" user="generator"/>
  <node id="914" lat="43.0280600841" lon="-95.2509707230" version="1" timestamp="2026-09-02T12:00:00Z" changeset="1" uid="1" user="generator"/>
  <node id="915" lat="43.0271600832" lon="-95.2509707230" version="1" timestamp="2026-09-02T12:00:00Z" changeset="1" uid="1" user="generator"/>
  <node id="916" lat="43.0271600832" lon="-95.2522025225" version="1" timestamp="2026-09-02T12:00:00Z" changeset="1" uid="1" user="generator"/>
  <node id="917" lat="43.0280600841" lon="-95.2507736351" version="1" timestamp="2026-09-02T12:00:00Z" changeset="1" uid="1" user="generator"/>
  <node id="918" lat="43.0280600841" lon="-95.2495418356" version="1" timestamp="2026-09-02T12:00:00Z" changeset="1" uid="1" user="generator"/>
  <node id="919" lat="43.0271600832" lon="-95.2495418356" version="1" timestamp="2026-09-02T12:00:00Z" changeset="1" uid="1" user="generator"/>
  <node id="920" lat="43.0271600832" lon="-95.2507736351" version="1" timestamp="2026-09-02T12:00:00Z" changeset="1" uid="1" user="generator"/>
  <node id="921" lat="43.0280600841" lon="-95.2491969317" version="1" timestamp="2026-09-02T12:00:00Z" changeset="1" uid="1" user="generator"/>
  <node id="922" lat="43.0280600841" lon="-95.2479651322" version="1" timestamp="2026-09-02T12:00:00Z" changeset="1" uid="1" user="generator"/>
  <node id="923" lat="43.0271600832" lon="-95.2479651322" version="1" timestamp="2026-09-02T12:00:00Z" changeset="1" uid="1" user="generator"/>
  <node id="924" lat="43.0271600832" lon="-95.2491969317" version="1" timestamp="2026-09-02T12:00:00Z" changeset="1" uid="1" user="generator"/>
  <node id="925" lat="43.0280600841" lon="-95.2477680443" version="1" timestamp="2026-09-02T12:00:00Z" changeset="1" uid="1" user="generator"/>
  <node id="926" lat="43.0280600841" lon="-95.2465362448" version="1" timestamp="2026-09-02T12:00:00Z" changeset="1" uid="1" user="generator"/>
  <node id="927" lat="43.0271600832" lon="-95.2465362448" version="1" timestamp="2026-09-02T12:00:00Z" changeset="1" uid="1" user="generator"/>
  <node id="928" lat="43.0271600832" lon="-95.2477680443" version="1" timestamp="2026-09-02T12:00:00Z" changeset="1" uid="1" user="generator"/>
  <node id="929" lat="43.0691100611" lon="-95.3147168402" version="1" timestamp="2026-09-02T12:00:00Z" changeset="1" uid="1" user="generator"/>
  <node id="930" lat="43.0691100611" lon="-95.3108215453" version="1" timestamp="2026-09-02T12:00:00Z" changeset="1" uid="1" user="generator"/>
  <node id="931" lat="43.0634179514" lon="-95.3108215453" version="1" timestamp="2026-09-02T12:00:00Z" changeset="1" uid="1" user="generator"/>
  <node id="932" lat="43.0634179514" lon="-95.3147168402" version="1" timestamp="2026-09-02T12:00:00Z" changeset="1" uid="1" user="generator"/>
  <node id="933" lat="43.0538100458" lon="-95.2491784547" version="1" timestamp="2026-09-02T12:00:00Z" changeset="1" uid="1" user="generator"/>
  <node id="934" lat="43.0538100458" lon="-95.2452831598" version="1" timestamp="2026-09-02T12:00:00Z" changeset="1" uid="1" user="generator"/>
  <node id="935" lat="43.0481179361" lon="-95.2452831598" version="1" timestamp="2026-09-02T12:00:00Z" changeset="1" uid="1" user="generator"/>
  <node id="936" lat="43.0481179361" lon="-95.2491784547" version="1" timestamp="2026-09-02T12:00:00Z" changeset="1" uid="1" user="generator"/>
  <node id="937" lat="43.0870135270" lon="-95.3023230156" version="1" timestamp="2026-09-02T12:00:00Z" changeset="1" uid="1" user="generator"/>
  <node id="938" lat="43.0870135270" lon="-95.2945324257" version="1" timestamp="2026-09-02T12:00:00Z" changeset="1" uid="1" user="generator"/>
  <node id="939" lat="43.0841674722" lon="-95.2945324257" version="1" timestamp="2026-09-02T12:00:00Z" changeset="1" uid="1" user="generator"/>
  <node id="940" lat="43.0841674722" lon="-95.3023230156" version="1" timestamp="2026-09-02T12:00:00Z" changeset="1" uid="1" user="generator"/>
  <node id="941" lat="43.0435611956" lon="-95.2604418323" version="1" timestamp="2026-09-02T12:00:00Z" changeset="1" uid="1" user="generator"/>
  <node id="942" lat="43.0435611956" lon="-95.2526512424" version="1" timestamp="2026-09-02T12:00:00Z" changeset="1" uid="1" user="generator"/>
  <node id="943" lat="43.0407151407" lon="-95.2526512424" version="1" timestamp="2026-09-02T12:00:00Z" changeset="1" uid="1" user="generator"/>
  <node id="944" lat="43.0407151407" lon="-95.2604418323" version="1" timestamp="2026-09-02T12:00:00Z" changeset="1" uid="1" user="generator"/>
  <node id="945" lat="43.0321751402" lon="-95.3010912161" version="1" timestamp="2026-09-02T12:00:00Z" changeset="1" uid="1" user="generator"/>
  <node id="946" lat="43.0321751402" lon="-95.2933006262" version="1" timestamp="2026-09-02T12:00:00Z" changeset="1" uid="1" user="generator"/>
  <node id="947" lat="43.0293290853" lon="-95.2933006262" version="1" timestamp="2026-09-02T12:00:00Z" changeset="1" uid="1" user="generator"/>
  <node id="948" lat="43.0293290853" lon="-95.3010912161" version="1" timestamp="2026-09-02T12:00:00Z" changeset="1" uid="1" user="generator"/>
  <node id="949" lat="43.0870135270" lon="-95.3211584618" version="1" timestamp="2026-09-02T12:00:00Z" changeset="1" uid="1" user="generator"/>
  <node id="950" lat="43.0870135270" lon="-95.3199266623" version="1" timestamp="2026-09-02T12:00:00Z" changeset="1" uid="1" user="generator"/>
  <node id="951" lat="43.0727814168" lon="-95.3199266623" version="1" timestamp="2026-09-02T12:00:00Z" changeset="1" uid="1" user="generator"/>
  <node id="952" lat="43.0727814168" lon="-95.3211584618" version="1" timestamp="2026-09-02T12:00:00Z" changeset="1" uid="1" user="generator"/>
  <node id="953" lat="43.0580453060" lon="-95.3104396874" version="1" timestamp="2026-09-02T12:00:00Z" changeset="1" uid="1" user="generator"/>
  <node id="954" lat="43.0580453060" lon="-95.3092078879" version="1" timestamp="2026-09-02T12:00:00Z" changeset="1" uid="1" user="generator"/>
  <node id="955" lat="43.0438131958" lon="-95.3092078879" version="1" timestamp="2026-09-02T12:00:00Z" changeset="1" uid="1" user="generator"/>
  <node id="956" lat="43.0438131958" lon="-95.3104396874" version="1" timestamp="2026-09-02T12:00:00Z" changeset="1" uid="1" user="generator"/>
  <node id="957" lat="43.0580453060" lon="-95.2598972291" version="1" timestamp="2026-09-02T12:00:00Z" changeset="1" uid="1" user="generator"/>
  <node id="958" lat="43.0580453060" lon="-95.2586654296" version="1" timestamp="2026-09-02T12:00:00Z" changeset="1" uid="1" user="generator"/>
  <node id="959" lat="43.0438131958" lon="-95.2586654296" version="1" timestamp="2026-09-02T12:00:00Z" changeset="1" uid="1" user="generator"/>
  <node id="960" lat="43.0438131958" lon="-95.2598972291" version="1" timestamp="2026-09-02T12:00:00Z" changeset="1" uid="1" user="generator"/>
  <node id="961" lat="43.0725294165" lon="-95.2507921121" version="1" timestamp="2026-09-02T12:00:00Z" changeset="1" uid="1" user="generator"/>
  <node id="962" lat="43.0725294165" lon="-95.2495603126" version="1" timestamp="2026-09-02T12:00:00Z" changeset="1" uid="1" user="generator"/>
  <node id="963" lat="43.0582973063" lon="-95.2495603126" version="1" timestamp="2026-09-02T12:00:00Z" changeset="1" uid="1" user="generator"/>
  <node id="964" lat="43.0582973063" lon="-95.2507921121" version="1" timestamp="2026-09-02T12:00:00Z" changeset="1" uid="1" user="generator"/>
  <node id="965" lat="43.0870135270" lon="-95.2400733377" version="1" timestamp="2026-09-02T12:00:00Z" changeset="1" uid="1" user="generator"/>
  <node id="966" lat="43.0870135270" lon="-95.2388415382" version="1" timestamp="2026-09-02T12:00:00Z" changeset="1" uid="1" user="generator"/>
  <node id="967" lat="43.0727814168" lon="-95.2388415382" version="1" timestamp="2026-09-02T12:00:00Z" changeset="1" uid="1" user="generator"/>
  <node id="968" lat="43.0727814168" lon="-95.2400733377" version="1" timestamp="2026-09-02T12:00:00Z" changeset="1" uid="1" user="generator"/>
  <node id="969" lat="43.0948315828" lon="-95.3292227083" version="1" timestamp="2026-09-02T12:00:00Z" changeset="1" uid="1" user="generator"/>
  <node id="970" lat="43.0948315828" lon="-95.3108215453" version="1" timestamp="2026-09-02T12:00:00Z" changeset="1" uid="1" user="generator"/>
  <node id="971" lat="43.0939315819" lon="-95.3108215453" version="1" timestamp="2026-09-02T12:00:00Z" changeset="1" uid="1" user="generator"/>
  <node id="972" lat="43.0939315819" lon="-95.3292227083" version="1" timestamp="2026-09-02T12:00:00Z" changeset="1" uid="1" user="generator"/>
  <node id="973" lat="43.0948315828" lon="-95.2491784547" version="1" timestamp="2026-09-02T12:00:00Z" changeset="1" uid="1" user="generator"/>
  <node id="974" lat="43.0948315828" lon="-95.2307772917" version="1" timestamp="2026-09-02T12:00:00Z" changeset="1" uid="1" user="generator"/>
  <node id="975" lat="43.0939315819" lon="-95.2307772917" version="1" timestamp="2026-09-02T12:00:00Z" changeset="1" uid="1" user="generator"/>
  <node id="976" lat="43.0939315819" lon="-95.2491784547" version="1" timestamp="2026-09-02T12:00:00Z" changeset="1" uid="1" user="generator"/>
  <node id="977" lat="43.0435611956" lon="-95.3292227083" version="1" timestamp="2026-09-02T12:00:00Z" changeset="1" uid="1" user="generator"/>
  <node id="978" lat="43.0435611956" lon="-95.3108215453" version="1" timestamp="2026-09-02T12:00:00Z" changeset="1" uid="1" user="generator"/>
  <node id="979" lat="43.0426611947" lon="-95.3108215453" version="1" timestamp="2026-09-02T12:00:00Z" changeset="1" uid="1" user="generator"/>
  <node id="980" lat="43.0426611947" lon="-95.3292227083" version="1" timestamp="2026-09-02T12:00:00Z" changeset="1" uid="1" user="generator"/>
  <node id="981" lat="43.0435611956" lon="-95.2491784547" version="1" timestamp="2026-09-02T12:00:00Z" changeset="1" uid="1" user="generator"/>
  <node id="982" lat="43.0435611956" lon="-95.2307772917" version="1" timestamp="2026-09-02T12:00:00Z" changeset="1" uid="1" user="generator"/>
  <node id="983" lat="43.0426611947" lon="-95.2307772917" version="1" timestamp="2026-09-02T12:00:00Z" changeset="1" uid="1" user="generator"/>
  <node id="984" lat="43.0426611947" lon="-95.2491784547" version="1" timestamp="2026-09-02T12:00:00Z" changeset="1" uid="1" user="generator"/>
  <node id="985" lat="43.0368951409" lon="-95.3292227083" version="1" timestamp="2026-09-02T12:00:00Z" changeset="1" uid="1" user="generator"/>
  <node id="986" lat="43.0368951409" lon="-95.3108215453" version="1" timestamp="2026-09-02T12:00:00Z" changeset="1" uid="1" user="generator"/>
  <node id="987" lat="43.0359951400" lon="-95.3108215453" version="1" timestamp="2026-09-02T12:00:00Z" changeset="1" uid="1" user="generator"/>
  <node id="988" lat="43.0359951400" lon="-95.3292227083" version="1" timestamp="2026-09-02T12:00:00Z" changeset="1" uid="1" user="generator"/>
  <node id="989" lat="43.0368951409" lon="-95.2491784547" version="1" timestamp="2026-09-02T12:00:00Z" changeset="1" uid="1" user="generator"/>
  <node id="990" lat="43.0368951409" lon="-95.2307772917" version="1" timestamp="2026-09-02T12:00:00Z" changeset="1" uid="1" user="generator"/>
  <node id="991" lat="43.0359951400" lon="-95.2307772917" version="1" timestamp="2026-09-02T12:00:00Z" changeset="1" uid="1" user="generator"/>
  <node id="992" lat="43.0359951400" lon="-95.2491784547" version="1" timestamp="2026-09-02T12:00:00Z" changeset="1" uid="1" user="generator"/>
  <node id="993" lat="43.0952812053" lon="-95.2750798848" version="1" timestamp="2026-09-02T12:00:00Z" changeset="1" uid="1" user="generator"/>
  <node id="994" lat="43.0951450081" lon="-95.2749188024" version="1" timestamp="2026-09-02T12:00:00Z" changeset="1" uid="1" user="generator"/>
  <node id="995" lat="43.0950001620" lon="-95.2747477054" version="1" timestamp="2026-09-02T12:00:00Z" changeset="1" uid="1" user="generator"/>
  <node id="996" lat="43.0948434538" lon="-95.2745774708" version="1" timestamp="2026-09-02T12:00:00Z" changeset="1" uid="1" user="generator"/>
  <node id="997" lat="43.0946904807" lon="-95.2744221408" version="1" timestamp="2026-09-02T12:00:00Z" changeset="1" uid="1" user="generator"/>
  <node id="998" lat="43.0945268065" lon="-95.2742588535" version="1" timestamp="2026-09-02T12:00:00Z" changeset="1" uid="1" user="generator"/>
  <node id="999" lat="43.0943561484" lon="-95.2741136367" version="1" timestamp="2026-09-02T12:00:00Z" changeset="1" uid="1" user="generator"/>
  <node id="1000" lat="43.0941877852" lon="-95.2739714870" version="1" timestamp="2026-09-02T12:00:00Z" changeset="1" uid="1" user="generator"/>
  <node id="1001" lat="43.0940071820" lon="-95.2738398323" version="1" timestamp="2026-09-02T12:00:00Z" changeset="1" uid="1" user="generator"/>
  <node id="1002" lat="43.0938283698" lon="-95.2737179703" version="1" timestamp="2026-09-02T12:00:00Z" changeset="1" uid="1" user="generator"/>
  <node id="1003" lat="43.0936396216" lon="-95.2736041890" version="1" timestamp="2026-09-02T12:00:00Z" changeset="1" uid="1" user="generator"/>
  <node id="1004" lat="43.0934499464" lon="-95.2735049922" version="1" timestamp="2026-09-02T12:00:00Z" changeset="1" uid="1" user="generator"/>
  <node id="1005" lat="43.0932538273" lon="-95.2734134941" version="1" timestamp="2026-09-02T12:00:00Z" changeset="1" uid="1" user="generator"/>
  <node id="1006" lat="43.0930555121" lon="-95.2733400542" version="1" timestamp="2026-09-02T12:00:00Z" changeset="1" uid="1" user="generator"/>
  <node id="1007" lat="43.0928539029" lon="-95.2732743377" version="1" timestamp="2026-09-02T12:00:00Z" changeset="1" uid="1" user="generator"/>
  <node id="1008" lat="43.0926501877" lon="-95.2732284778" version="1" timestamp="2026-09-02T12:00:00Z" changeset="1" uid="1" user="generator"/>
  <node id="1009" lat="43.0924457704" lon="-95.2731902797" version="1" timestamp="2026-09-02T12:00:00Z" changeset="1" uid="1" user="generator"/>
  <node id="1010" lat="43.0922403092" lon="-95.2731719629" version="1" timestamp="2026-09-02T12:00:00Z" changeset="1" uid="1" user="generator"/>
  <node id="1011" lat="43.0920359820" lon="-95.2731608028" version="1" timestamp="2026-09-02T12:00:00Z" changeset="1" uid="1" user="generator"/>
  <node id="1012" lat="43.0918320688" lon="-95.2731681443" version="1" timestamp="2026-09-02T12:00:00Z" changeset="1" uid="1" user="generator"/>
  <node id="1013" lat="43.0916303066" lon="-95.2731816202" version="1" timestamp="2026-09-02T12:00:00Z" changeset="1" uid="1" user="generator"/>
  <node id="1014" lat="43.0914303264" lon="-95.2732114174" version="1" timestamp="2026-09-02T12:00:00Z" changeset="1" uid="1" user="generator"/>
  <node id="1015" lat="43.0912328302" lon="-95.2732459078" version="1" timestamp="2026-09-02T12:00:00Z" changeset="1" uid="1" user="generator"/>
  <node id="1016" lat="43.0910380880" lon="-95.2732943175" version="1" timestamp="2026-09-02T12:00:00Z" changeset="1" uid="1" user="generator"/>
  <node id="1017" lat="43.0908457218" lon="-95.2733458067" version="1" timestamp="2026-09-02T12:00:00Z" changeset="1" uid="1" user="generator"/>
  <node id="1018" lat="43.0906565867" lon="-95.2734089981" version="1" timestamp="2026-09-02T12:00:00Z" changeset="1" uid="1" user="generator"/>
  <node id="1019" lat="43.0904695575" lon="-95.2734736306" version="1" timestamp="2026-09-02T12:00:00Z" changeset="1" uid="1" user="generator"/>
  <node id="1020" lat="43.0902857593" lon="-95.2735480066" version="1" timestamp="2026-09-02T12:00:00Z" changeset="1" uid="1" user="generator"/>
  <node id="1021" lat="43.0901038331" lon="-95.2736224196" version="1" timestamp="2026-09-02T12:00:00Z" changeset="1" uid="1" user="generator"/>
  <node id="1022" lat="43.0899243279" lon="-95.2737049995" version="1" timestamp="2026-09-02T12:00:00Z" changeset="1" uid="1" user="generator"/>
  <node id="1023" lat="43.0897475227" lon="-95.2737864953" version="1" timestamp="2026-09-02T12:00:00Z" changeset="1" uid="1" user="generator"/>
  <node id="1024" lat="43.0895718156" lon="-95.2738739531" version="1" timestamp="2026-09-02T12:00:00Z" changeset="1" uid="1" user="generator"/>
  <node id="1025" lat="43.0893991774" lon="-95.2739603515" version="1" timestamp="2026-09-02T12:00:00Z" changeset="1" uid="1" user="generator"/>
  <node id="1026" lat="43.0892269892" lon="-95.2740498787" version="1" timestamp="2026-09-02T12:00:00Z" changeset="1" uid="1" user="generator"/>
  <node id="1027" lat="43.0890571951" lon="-95.2741389501" version="1" timestamp="2026-09-02T12:00:00Z" changeset="1" uid="1" user="generator"/>
  <node id="1028" lat="43.0888879229" lon="-95.2742287976" version="1" timestamp="2026-09-02T12:00:00Z" changeset="1" uid="1" user="generator"/>
  <node id="1029" lat="43.0887202077" lon="-95.2743183001" version="1" timestamp="2026-09-02T12:00:00Z" changeset="1" uid="1" user="generator"/>
  <node id="1030" lat="43.0885532846" lon="-95.2744069035" version="1" timestamp="2026-09-02T12:00:00Z" changeset="1" uid="1" user="generator"/>
  <node id="1031" lat="43.0883869914" lon="-95.2744947185" version="1" timestamp="2026-09-02T12:00:00Z" changeset="1" uid="1" user="generator"/>
  <node id="1032" lat="43.0882219312" lon="-95.2745806488" version="1" timestamp="2026-09-02T12:00:00Z" changeset="1" uid="1" user="generator"/>
  <node id="1033" lat="43.0880551701" lon="-95.2746654212" version="1" timestamp="2026-09-02T12:00:00Z" changeset="1" uid="1" user="generator"/>
  <node id="1034" lat="43.0879141489" lon="-95.2741458113" version="1" timestamp="2026-09-02T12:00:00Z" changeset="1" uid="1" user="generator"/>
  <node id="1035" lat="43.0880794251" lon="-95.2740617902" version="1" timestamp="2026-09-02T12:00:00Z" changeset="1" uid="1" user="generator"/>
  <node id="1036" lat="43.0882421002" lon="-95.2739770917" version="1" timestamp="2026-09-02T12:00:00Z" changeset="1" uid="1" user="generator"/>
  <node id="1037" lat="43.0884071784" lon="-95.2738899172" version="1" timestamp="2026-09-02T12:00:00Z" changeset="1" uid="1" user="generator"/>
  <node id="1038" lat="43.0885734266" lon="-95.2738016834" version="1" timestamp="2026-09-02T12:00:00Z" changeset="1" uid="1" user="generator"/>
  <node id="1039" lat="43.0887411327" lon="-95.2737121686" version="1" timestamp="2026-09-02T12:00:00Z" changeset="1" uid="1" user="generator"/>
  <node id="1040" lat="43.0889115029" lon="-95.2736217545" version="1" timestamp="2026-09-02T12:00:00Z" changeset="1" uid="1" user="generator"/>
  <node id="1041" lat="43.0890825841" lon="-95.2735320056" version="1" timestamp="2026-09-02T12:00:00Z" changeset="1" uid="1" user="generator"/>
  <node id="1042" lat="43.0892577153" lon="-95.2734409509" version="1" timestamp="2026-09-02T12:00:00Z" changeset="1" uid="1" user="generator"/>
  <node id="1043" lat="43.0894330444" lon="-95.2733531975" version="1" timestamp="2026-09-02T12:00:00Z" changeset="1" uid="1" user="generator"/>
  <node id="1044" lat="43.0896136746" lon="-95.2732633378" version="1" timestamp="2026-09-02T12:00:00Z" changeset="1" uid="1" user="generator"/>
  <node id="1045" lat="43.0897951328" lon="-95.2731796493" version="1" timestamp="2026-09-02T12:00:00Z" changeset="1" uid="1" user="generator"/>
  <node id="1046" lat="43.0899813160" lon="-95.2730940762" version="1" timestamp="2026-09-02T12:00:00Z" changeset="1" uid="1" user="generator"/>
  <node id="1047" lat="43.0901703342" lon="-95.2730166946" version="1" timestamp="2026-09-02T12:00:00Z" changeset="1" uid="1" user="generator"/>
  <node id="1048" lat="43.0903625384" lon="-95.2729390296" version="1" timestamp="2026-09-02T12:00:00Z" changeset="1" uid="1" user="generator"/>
  <node id="1049" lat="43.0905589546" lon="-95.2728710343" version="1" timestamp="2026-09-02T12:00:00Z" changeset="1" uid="1" user="generator"/>
  <node id="1050" lat="43.0907588088" lon="-95.2728044185" version="1" timestamp="2026-09-02T12:00:00Z" changeset="1" uid="1" user="generator"/>
  <node id="1051" lat="43.0909629830" lon="-95.2727496281" version="1" timestamp="2026-09-02T12:00:00Z" changeset="1" uid="1" user="generator"/>
  <node id="1052" lat="43.0911709732" lon="-95.2726981019" version="1" timestamp="2026-09-02T12:00:00Z" changeset="1" uid="1" user="generator"/>
  <node id="1053" lat="43.0913827254" lon="-95.2726609509" version="1" timestamp="2026-09-02T12:00:00Z" changeset="1" uid="1" user="generator"/>
  <node id="1054" lat="43.0915985006" lon="-95.2726290226" version="1" timestamp="2026-09-02T12:00:00Z" changeset="1" uid="1" user="generator"/>
  <node id="1055" lat="43.0918168138" lon="-95.2726142287" version="1" timestamp="2026-09-02T12:00:00Z" changeset="1" uid="1" user="generator"/>
  <node id="1056" lat="43.0920387180" lon="-95.2726065053" version="1" timestamp="2026-09-02T12:00:00Z" changeset="1" uid="1" user="generator"/>
  <node id="1057" lat="43.0922615043" lon="-95.2726184168" version="1" timestamp="2026-09-02T12:00:00Z" changeset="1" uid="1" user="generator"/>
  <node id="1058" lat="43.0924863425" lon="-95.2726387661" version="1" timestamp="2026-09-02T12:00:00Z" changeset="1" uid="1" user="generator"/>
  <node id="1059" lat="43.0927104607" lon="-95.2726803394" version="1" timestamp="2026-09-02T12:00:00Z" changeset="1" uid="1" user="generator"/>
  <node id="1060" lat="43.0929337059" lon="-95.2727309047" version="1" timestamp="2026-09-02T12:00:00Z" changeset="1" uid="1" user="generator"/>
  <node id="1061" lat="43.0931553942" lon="-95.2728028665" version="1" timestamp="2026-09-02T12:00:00Z" changeset="1" uid="1" user="generator"/>
  <node id="1062" lat="43.0933720784" lon="-95.2728833276" version="1" timestamp="2026-09-02T12:00:00Z" changeset="1" uid="1" user="generator"/>
  <node id="1063" lat="43.0935877096" lon="-95.2729837316" version="1" timestamp="2026-09-02T12:00:00Z" changeset="1" uid="1" user="generator"/>
  <node id="1064" lat="43.0937934948" lon="-95.2730914401" version="1" timestamp="2026-09-02T12:00:00Z" changeset="1" uid="1" user="generator"/>
  <node id="1065" lat="43.0940004230" lon="-95.2732161722" version="1" timestamp="2026-09-02T12:00:00Z" changeset="1" uid="1" user="generator"/>
  <node id="1066" lat="43.0941925282" lon="-95.2733469770" version="1" timestamp="2026-09-02T12:00:00Z" changeset="1" uid="1" user="generator"/>
  <node id="1067" lat="43.0943894484" lon="-95.2734907772" version="1" timestamp="2026-09-02T12:00:00Z" changeset="1" uid="1" user="generator"/>
  <node id="1068" lat="43.0945692956" lon="-95.2736423009" version="1" timestamp="2026-09-02T12:00:00Z" changeset="1" uid="1" user="generator"/>
  <node id="1069" lat="43.0947531568" lon="-95.2737991952" version="1" timestamp="2026-09-02T12:00:00Z" changeset="1" uid="1" user="generator"/>
  <node id="1070" lat="43.0949306819" lon="-95.2739758476" version="1" timestamp="2026-09-02T12:00:00Z" changeset="1" uid="1" user="generator"/>
  <node id="1071" lat="43.0950899371" lon="-95.2741376198" version="1" timestamp="2026-09-02T12:00:00Z" changeset="1" uid="1" user="generator"/>
  <node id="1072" lat="43.0952584803" lon="-95.2743207761" version="1" timestamp="2026-09-02T12:00:00Z" changeset="1" uid="1" user="generator"/>
  <node id="1073" lat="43.0954098154" lon="-95.2744993870" version="1" timestamp="2026-09-02T12:00:00Z" changeset="1" uid="1" user="generator"/>
  <node id="1074" lat="43.0955460125" lon="-95.2746604694" version="1" timestamp="2026-09-02T12:00:00Z" changeset="1" uid="1" user="generator"/>
  <node id="1075" lat="43.0945750466" lon="-95.2761982972" version="1" timestamp="2026-09-02T12:00:00Z" changeset="1" uid="1" user="generator"/>
  <node id="1076" lat="43.0944388584" lon="-95.2760372148" version="1" timestamp="2026-09-02T12:00:00Z" changeset="1" uid="1" user="generator"/>
  <node id="1077" lat="43.0943113193" lon="-95.2758861592" version="1" timestamp="2026-09-02T12:00:00Z" changeset="1" uid="1" user="generator"/>
  <node id="1078" lat="43.0941861922" lon="-95.2757503779" version="1" timestamp="2026-09-02T12:00:00Z" changeset="1" uid="1" user="generator"/>
  <node id="1079" lat="43.0940499590" lon="-95.2756122809" version="1" timestamp="2026-09-02T12:00:00Z" changeset="1" uid="1" user="generator"/>
  <node id="1080" lat="43.0939232119" lon="-95.2754846049" version="1" timestamp="2026-09-02T12:00:00Z" changeset="1" uid="1" user="generator"/>
  <node id="1081" lat="43.0937877528" lon="-95.2753705156" version="1" timestamp="2026-09-02T12:00:00Z" changeset="1" uid="1" user="generator"/>
  <node id="1082" lat="43.0936500077" lon="-95.2752533591" version="1" timestamp="2026-09-02T12:00:00Z" changeset="1" uid="1" user="generator"/>
  <node id="1083" lat="43.0935129285" lon="-95.2751541131" version="1" timestamp="2026-09-02T12:00:00Z" changeset="1" uid="1" user="generator"/>
  <node id="1084" lat="43.0933695674" lon="-95.2750561111" version="1" timestamp="2026-09-02T12:00:00Z" changeset="1" uid="1" user="generator"/>
  <node id="1085" lat="43.0932292662" lon="-95.2749714865" version="1" timestamp="2026-09-02T12:00:00Z" changeset="1" uid="1" user="generator"/>
  <node id="1086" lat="43.0930825931" lon="-95.2748950163" version="1" timestamp="2026-09-02T12:00:00Z" changeset="1" uid="1" user="generator"/>
  <node id="1087" lat="43.0929384939" lon="-95.2748272427" version="1" timestamp="2026-09-02T12:00:00Z" changeset="1" uid="1" user="generator"/>
  <node id="1088" lat="43.0927891838" lon="-95.2747725632" version="1" timestamp="2026-09-02T12:00:00Z" changeset="1" uid="1" user="generator"/>
  <node id="1089" lat="43.0926410796" lon="-95.2747235129" version="1" timestamp="2026-09-02T12:00:00Z" changeset="1" uid="1" user="generator"/>
  <node id="1090" lat="43.0924894655" lon="-95.2746901804" version="1" timestamp="2026-09-02T12:00:00Z" changeset="1" uid="1" user="generator"/>
  <node id="1091" lat="43.0923375903" lon="-95.2746610114" version="1" timestamp="2026-09-02T12:00:00Z" changeset="1" uid="1" user="generator"/>
  <node id="1092" lat="43.0921837802" lon="-95.2746480898" version="1" timestamp="2026-09-02T12:00:00Z" changeset="1" uid="1" user="generator"/>
  <node id="1093" lat="43.0920286830" lon="-95.2746389252" version="1" timestamp="2026-09-02T12:00:00Z" changeset="1" uid="1" user="generator"/>
  <node id="1094" lat="43.0918727399" lon="-95.2746452567" version="1" timestamp="2026-09-02T12:00:00Z" changeset="1" uid="1" user="generator"/>
  <node id="1095" lat="43.0917151317" lon="-95.2746552096" version="1" timestamp="2026-09-02T12:00:00Z" changeset="1" uid="1" user="generator"/>
  <node id="1096" lat="43.0915572716" lon="-95.2746793283" version="1" timestamp="2026-09-02T12:00:00Z" changeset="1" uid="1" user="generator"/>
  <node id="1097" lat="43.0913977824" lon="-95.2747067235" version="1" timestamp="2026-09-02T12:00:00Z" changeset="1" uid="1" user="generator"/>
  <node id="1098" lat="43.0912383742" lon="-95.2747468432" version="1" timestamp="2026-09-02T12:00:00Z" changeset="1" uid="1" user="generator"/>
  <node id="1099" lat="43.0910774901" lon="-95.2747895374" version="1" timestamp="2026-09-02T12:00:00Z" changeset="1" uid="1" user="generator"/>
  <node id="1100" lat="43.0909169479" lon="-95.2748435518" version="1" timestamp="2026-09-02T12:00:00Z" changeset="1" uid="1" user="generator"/>
  <node id="1101" lat="43.0907549388" lon="-95.2748992537" version="1" timestamp="2026-09-02T12:00:00Z" changeset="1" uid="1" user="generator"/>
  <node id="1102" lat="43.0905935686" lon="-95.2749648594" version="1" timestamp="2026-09-02T12:00:00Z" changeset="1" uid="1" user="generator"/>
  <node id="1103" lat="43.0904305334" lon="-95.2750313273" version="1" timestamp="2026-09-02T12:00:00Z" changeset="1" uid="1" user="generator"/>
  <node id="1104" lat="43.0902688483" lon="-95.2751059251" version="1" timestamp="2026-09-02T12:00:00Z" changeset="1" uid="1" user="generator"/>
  <node id="1105" lat="43.0901044541" lon="-95.2751815945" version="1" timestamp="2026-09-02T12:00:00Z" changeset="1" uid="1" user="generator"/>
  <node id="1106" lat="43.0899418779" lon="-95.2752626223" version="1" timestamp="2026-09-02T12:00:00Z" changeset="1" uid="1" user="generator"/>
  <node id="1107" lat="43.0897763948" lon="-95.2753454115" version="1" timestamp="2026-09-02T12:00:00Z" changeset="1" uid="1" user="generator"/>
  <node id="1108" lat="43.0896120726" lon="-95.2754308861" version="1" timestamp="2026-09-02T12:00:00Z" changeset="1" uid="1" user="generator"/>
  <node id="1109" lat="43.0894457074" lon="-95.2755181591" version="1" timestamp="2026-09-02T12:00:00Z" changeset="1" uid="1" user="generator"/>
  <node id="1110" lat="43.0892793333" lon="-95.2756064545" version="1" timestamp="2026-09-02T12:00:00Z" changeset="1" uid="1" user="generator"/>
  <node id="1111" lat="43.0891116451" lon="-95.2756959570" version="1" timestamp="2026-09-02T12:00:00Z" changeset="1" uid="1" user="generator"/>
  <node id="1112" lat="43.0889429219" lon="-95.2757855088" version="1" timestamp="2026-09-02T12:00:00Z" changeset="1" uid="1" user="generator"/>
  <node id="1113" lat="43.0887733528" lon="-95.2758750607" version="1" timestamp="2026-09-02T12:00:00Z" changeset="1" uid="1" user="generator"/>
  <node id="1114" lat="43.0886019386" lon="-95.2759642922" version="1" timestamp="2026-09-02T12:00:00Z" changeset="1" uid="1" user="generator"/>
  <node id="1115" lat="43.0884312264" lon="-95.2760510848" version="1" timestamp="2026-09-02T12:00:00Z" changeset="1" uid="1" user="generator"/>
  <node id="1116" lat="43.0885722476" lon="-95.2765707071" version="1" timestamp="2026-09-02T12:00:00Z" changeset="1" uid="1" user="generator"/>
  <node id="1117" lat="43.0887444357" lon="-95.2764831508" version="1" timestamp="2026-09-02T12:00:00Z" changeset="1" uid="1" user="generator"/>
  <node id="1118" lat="43.0889182349" lon="-95.2763926875" version="1" timestamp="2026-09-02T12:00:00Z" changeset="1" uid="1" user="generator"/>
  <node id="1119" lat="43.0890890281" lon="-95.2763024951" version="1" timestamp="2026-09-02T12:00:00Z" changeset="1" uid="1" user="generator"/>
  <node id="1120" lat="43.0892584353" lon="-95.2762125861" version="1" timestamp="2026-09-02T12:00:00Z" changeset="1" uid="1" user="generator"/>
  <node id="1121" lat="43.0894261144" lon="-95.2761230835" version="1" timestamp="2026-09-02T12:00:00Z" changeset="1" uid="1" user="generator"/>
  <node id="1122" lat="43.0895913996" lon="-95.2760353671" version="1" timestamp="2026-09-02T12:00:00Z" changeset="1" uid="1" user="generator"/>
  <node id="1123" lat="43.0897564778" lon="-95.2759487592" version="1" timestamp="2026-09-02T12:00:00Z" changeset="1" uid="1" user="generator"/>
  <node id="1124" lat="43.0899178569" lon="-95.2758648121" version="1" timestamp="2026-09-02T12:00:00Z" changeset="1" uid="1" user="generator"/>
  <node id="1125" lat="43.0900806491" lon="-95.2757833778" version="1" timestamp="2026-09-02T12:00:00Z" changeset="1" uid="1" user="generator"/>
  <node id="1126" lat="43.0902383112" lon="-95.2757047644" version="1" timestamp="2026-09-02T12:00:00Z" changeset="1" uid="1" user="generator"/>
  <node id="1127" lat="43.0903980434" lon="-95.2756312752" version="1" timestamp="2026-09-02T12:00:00Z" changeset="1" uid="1" user="generator"/>
  <node id="1128" lat="43.0905530506" lon="-95.2755596584" version="1" timestamp="2026-09-02T12:00:00Z" changeset="1" uid="1" user="generator"/>
  <node id="1129" lat="43.0907089937" lon="-95.2754961838" version="1" timestamp="2026-09-02T12:00:00Z" changeset="1" uid="1" user="generator"/>
  <node id="1130" lat="43.0908619579" lon="-95.2754338670" version="1" timestamp="2026-09-02T12:00:00Z" changeset="1" uid="1" user="generator"/>
  <node id="1131" lat="43.0910145800" lon="-95.2753815156" version="1" timestamp="2026-09-02T12:00:00Z" changeset="1" uid="1" user="generator"/>
  <node id="1132" lat="43.0911644032" lon="-95.2753309256" version="1" timestamp="2026-09-02T12:00:00Z" changeset="1" uid="1" user="generator"/>
  <node id="1133" lat="43.0913134883" lon="-95.2752915326" version="1" timestamp="2026-09-02T12:00:00Z" changeset="1" uid="1" user="generator"/>
  <node id="1134" lat="43.0914596395" lon="-95.2752545294" version="1" timestamp="2026-09-02T12:00:00Z" changeset="1" uid="1" user="generator"/>
  <node id="1135" lat="43.0916048726" lon="-95.2752297948" version="1" timestamp="2026-09-02T12:00:00Z" changeset="1" uid="1" user="generator"/>
  <node id="1136" lat="43.0917469377" lon="-95.2752078072" version="1" timestamp="2026-09-02T12:00:00Z" changeset="1" uid="1" user="generator"/>
  <node id="1137" lat="43.0918879859" lon="-95.2751991723" version="1" timestamp="2026-09-02T12:00:00Z" changeset="1" uid="1" user="generator"/>
  <node id="1138" lat="43.0920259560" lon="-95.2751932227" version="1" timestamp="2026-09-02T12:00:00Z" changeset="1" uid="1" user="generator"/>
  <node id="1139" lat="43.0921625762" lon="-95.2752016482" version="1" timestamp="2026-09-02T12:00:00Z" changeset="1" uid="1" user="generator"/>
  <node id="1140" lat="43.0922970273" lon="-95.2752125250" version="1" timestamp="2026-09-02T12:00:00Z" changeset="1" uid="1" user="generator"/>
  <node id="1141" lat="43.0924292014" lon="-95.2752383189" version="1" timestamp="2026-09-02T12:00:00Z" changeset="1" uid="1" user="generator"/>
  <node id="1142" lat="43.0925612676" lon="-95.2752669582" version="1" timestamp="2026-09-02T12:00:00Z" changeset="1" uid="1" user="generator"/>
  <node id="1143" lat="43.0926893107" lon="-95.2753097509" version="1" timestamp="2026-09-02T12:00:00Z" changeset="1" uid="1" user="generator"/>
  <node id="1144" lat="43.0928202428" lon="-95.2753573969" version="1" timestamp="2026-09-02T12:00:00Z" changeset="1" uid="1" user="generator"/>
  <node id="1145" lat="43.0929448299" lon="-95.2754162769" version="1" timestamp="2026-09-02T12:00:00Z" changeset="1" uid="1" user="generator"/>
  <node id="1146" lat="43.0930753931" lon="-95.2754842353" version="1" timestamp="2026-09-02T12:00:00Z" changeset="1" uid="1" user="generator"/>
  <node id="1147" lat="43.0931975142" lon="-95.2755579216" version="1" timestamp="2026-09-02T12:00:00Z" changeset="1" uid="1" user="generator"/>
  <node id="1148" lat="43.0933275823" lon="-95.2756469684" version="1" timestamp="2026-09-02T12:00:00Z" changeset="1" uid="1" user="generator"/>
  <node id="1149" lat="43.0934483444" lon="-95.2757340689" version="1" timestamp="2026-09-02T12:00:00Z" changeset="1" uid="1" user="generator"/>
  <node id="1150" lat="43.0935746146" lon="-95.2758418514" version="1" timestamp="2026-09-02T12:00:00Z" changeset="1" uid="1" user="generator"/>
  <node id="1151" lat="43.0936968617" lon="-95.2759442632" version="1" timestamp="2026-09-02T12:00:00Z" changeset="1" uid="1" user="generator"/>
  <node id="1152" lat="43.0938097578" lon="-95.2760585742" version="1" timestamp="2026-09-02T12:00:00Z" changeset="1" uid="1" user="generator"/>
  <node id="1153" lat="43.0939397179" lon="-95.2761902166" version="1" timestamp="2026-09-02T12:00:00Z" changeset="1" uid="1" user="generator"/>
  <node id="1154" lat="43.0940530011" lon="-95.2763130763" version="1" timestamp="2026-09-02T12:00:00Z" changeset="1" uid="1" user="generator"/>
  <node id="1155" lat="43.0941740512" lon="-95.2764566302" version="1" timestamp="2026-09-02T12:00:00Z" changeset="1" uid="1" user="generator"/>
  <node id="1156" lat="43.0943102393" lon="-95.2766177003" version="1" timestamp="2026-09-02T12:00:00Z" changeset="1" uid="1" user="generator"/>
  <node id="1157" lat="43.0710663661" lon="-95.2818545727" version="1" timestamp="2026-09-02T12:00:00Z" changeset="1" uid="1" user="generator"/>
  <node id="1158" lat="43.0709822970" lon="-95.2820724164" version="1" timestamp="2026-09-02T12:00:00Z" changeset="1" uid="1" user="generator"/>
  <node id="1159" lat="43.0708982369" lon="-95.2822902479" version="1" timestamp="2026-09-02T12:00:00Z" changeset="1" uid="1" user="generator"/>
  <node id="1160" lat="43.0708141678" lon="-95.2825080916" version="1" timestamp="2026-09-02T12:00:00Z" changeset="1" uid="1" user="generator"/>
  <node id="1161" lat="43.0707295767" lon="-95.2827273027" version="1" timestamp="2026-09-02T12:00:00Z" changeset="1" uid="1" user="generator"/>
  <node id="1162" lat="43.0706455706" lon="-95.2829472158" version="1" timestamp="2026-09-02T12:00:00Z" changeset="1" uid="1" user="generator"/>
  <node id="1163" lat="43.0705621946" lon="-95.2831658356" version="1" timestamp="2026-09-02T12:00:00Z" changeset="1" uid="1" user="generator"/>
  <node id="1164" lat="43.0704789085" lon="-95.2833842336" version="1" timestamp="2026-09-02T12:00:00Z" changeset="1" uid="1" user="generator"/>
  <node id="1165" lat="43.0703954964" lon="-95.2836029273" version="1" timestamp="2026-09-02T12:00:00Z" changeset="1" uid="1" user="generator"/>
  <node id="1166" lat="43.0703121383" lon="-95.2838220029" version="1" timestamp="2026-09-02T12:00:00Z" changeset="1" uid="1" user="generator"/>
  <node id="1167" lat="43.0702290232" lon="-95.2840408444" version="1" timestamp="2026-09-02T12:00:00Z" changeset="1" uid="1" user="generator"/>
  <node id="1168" lat="43.0701460071" lon="-95.2842594395" version="1" timestamp="2026-09-02T12:00:00Z" changeset="1" uid="1" user="generator"/>
  <node id="1169" lat="43.0700630271" lon="-95.2844779361" version="1" timestamp="2026-09-02T12:00:00Z" changeset="1" uid="1" user="generator"/>
  <node id="1170" lat="43.0699801370" lon="-95.2846960385" version="1" timestamp="2026-09-02T12:00:00Z" changeset="1" uid="1" user="generator"/>
  <node id="1171" lat="43.0698970309" lon="-95.2849141040" version="1" timestamp="2026-09-02T12:00:00Z" changeset="1" uid="1" user="generator"/>
  <node id="1172" lat="43.0698137898" lon="-95.2851325390" version="1" timestamp="2026-09-02T12:00:00Z" changeset="1" uid="1" user="generator"/>
  <node id="1173" lat="43.0697305487" lon="-95.2853509617" version="1" timestamp="2026-09-02T12:00:00Z" changeset="1" uid="1" user="generator"/>
  <node id="1174" lat="43.0696478116" lon="-95.2855680787" version="1" timestamp="2026-09-02T12:00:00Z" changeset="1" uid="1" user="generator"/>
  <node id="1175" lat="43.0695644986" lon="-95.2857845428" version="1" timestamp="2026-09-02T12:00:00Z" changeset="1" uid="1" user="generator"/>
  <node id="1176" lat="43.0694805915" lon="-95.2860022634" version="1" timestamp="2026-09-02T12:00:00Z" changeset="1" uid="1" user="generator"/>
  <node id="1177" lat="43.0693966214" lon="-95.2862201687" version="1" timestamp="2026-09-02T12:00:00Z" changeset="1" uid="1" user="generator"/>
  <node id="1178" lat="43.0693132363" lon="-95.2864365466" version="1" timestamp="2026-09-02T12:00:00Z" changeset="1" uid="1" user="generator"/>
  <node id="1179" lat="43.0692295182" lon="-95.2866513108" version="1" timestamp="2026-09-02T12:00:00Z" changeset="1" uid="1" user="generator"/>
  <node id="1180" lat="43.0691446931" lon="-95.2868672453" version="1" timestamp="2026-09-02T12:00:00Z" changeset="1" uid="1" user="generator"/>
  <node id="1181" lat="43.0690594541" lon="-95.2870842391" version="1" timestamp="2026-09-02T12:00:00Z" changeset="1" uid="1" user="generator"/>
  <node id="1182" lat="43.0689747640" lon="-95.2872998410" version="1" timestamp="2026-09-02T12:00:00Z" changeset="1" uid="1" user="generator"/>
  <node id="1183" lat="43.0688903439" lon="-95.2875125974" version="1" timestamp="2026-09-02T12:00:00Z" changeset="1" uid="1" user="generator"/>
  <node id="1184" lat="43.0688042318" lon="-95.2877258835" version="1" timestamp="2026-09-02T12:00:00Z" changeset="1" uid="1" user="generator"/>
  <node id="1185" lat="43.0687171747" lon="-95.2879415100" version="1" timestamp="2026-09-02T12:00:00Z" changeset="1" uid="1" user="generator"/>
  <node id="1186" lat="43.0686305946" lon="-95.2881559909" version="1" timestamp="2026-09-02T12:00:00Z" changeset="1" uid="1" user="generator"/>
  <node id="1187" lat="43.0685450045" lon="-95.2883662221" version="1" timestamp="2026-09-02T12:00:00Z" changeset="1" uid="1" user="generator"/>
  <node id="1188" lat="43.0684571105" lon="-95.2885762070" version="1" timestamp="2026-09-02T12:00:00Z" changeset="1" uid="1" user="generator"/>
  <node id="1189" lat="43.0683676414" lon="-95.2887899735" version="1" timestamp="2026-09-02T12:00:00Z" changeset="1" uid="1" user="generator"/>
  <node id="1190" lat="43.0682787303" lon="-95.2890024219" version="1" timestamp="2026-09-02T12:00:00Z" changeset="1" uid="1" user="generator"/>
  <node id="1191" lat="43.0681913042" lon="-95.2892093766" version="1" timestamp="2026-09-02T12:00:00Z" changeset="1" uid="1" user="generator"/>
  <node id="1192" lat="43.0681009171" lon="-95.2894157276" version="1" timestamp="2026-09-02T12:00:00Z" changeset="1" uid="1" user="generator"/>
  <node id="1193" lat="43.0680083880" lon="-95.2896270428" version="1" timestamp="2026-09-02T12:00:00Z" changeset="1" uid="1" user="generator"/>
  <node id="1194" lat="43.0679169479" lon="-95.2898358698" version="1" timestamp="2026-09-02T12:00:00Z" changeset="1" uid="1" user="generator"/>
  <node id="1195" lat="43.0678266958" lon="-95.2900383899" version="1" timestamp="2026-09-02T12:00:00Z" changeset="1" uid="1" user="generator"/>
  <node id="1196" lat="43.0677327897" lon="-95.2902412550" version="1" timestamp="2026-09-02T12:00:00Z" changeset="1" uid="1" user="generator"/>
  <node id="1197" lat="43.0676364716" lon="-95.2904493799" version="1" timestamp="2026-09-02T12:00:00Z" changeset="1" uid="1" user="generator"/>
  <node id="1198" lat="43.0675427275" lon="-95.2906520109" version="1" timestamp="2026-09-02T12:00:00Z" changeset="1" uid="1" user="generator"/>
  <node id="1199" lat="43.0674482544" lon="-95.2908483597" version="1" timestamp="2026-09-02T12:00:00Z" changeset="1" uid="1" user="generator"/>
  <node id="1200" lat="43.0673492813" lon="-95.2910484902" version="1" timestamp="2026-09-02T12:00:00Z" changeset="1" uid="1" user="generator"/>
  <node id="1201" lat="43.0672484632" lon="-95.2912523653" version="1" timestamp="2026-09-02T12:00:00Z" changeset="1" uid="1" user="generator"/>
  <node id="1202" lat="43.0671531802" lon="-95.2914450680" version="1" timestamp="2026-09-02T12:00:00Z" changeset="1" uid="1" user="generator"/>
  <node id="1203" lat="43.0670526051" lon="-95.2916328805" version="1" timestamp="2026-09-02T12:00:00Z" changeset="1" uid="1" user="generator"/>
  <node id="1204" lat="43.0669462609" lon="-95.2918316560" version="1" timestamp="2026-09-02T12:00:00Z" changeset="1" uid="1" user="generator"/>
  <node id="1205" lat="43.0668444618" lon="-95.2920220922" version="1" timestamp="2026-09-02T12:00:00Z" changeset="1" uid="1" user="generator"/>
  <node id="1206" lat="43.0667415017" lon="-95.2922035363" version="1" timestamp="2026-09-02T12:00:00Z" changeset="1" uid="1" user="generator"/>
  <node id="1207" lat="43.0666315756" lon="-95.2923907698" version="1" timestamp="2026-09-02T12:00:00Z" changeset="1" uid="1" user="generator"/>
  <node id="1208" lat="43.0665228285" lon="-95.2925760940" version="1" timestamp="2026-09-02T12:00:00Z" changeset="1" uid="1" user="generator"/>
  <node id="1209" lat="43.0664162954" lon="-95.2927491619" version="1" timestamp="2026-09-02T12:00:00Z" changeset="1" uid="1" user="generator"/>
  <node id="1210" lat="43.0663016083" lon="-95.2929241390" version="1" timestamp="2026-09-02T12:00:00Z" changeset="1" uid="1" user="generator"/>
  <node id="1211" lat="43.0661866152" lon="-95.2930998059" version="1" timestamp="2026-09-02T12:00:00Z" changeset="1" uid="1" user="generator"/>
  <node id="1212" lat="43.0660748531" lon="-95.2932610608" version="1" timestamp="2026-09-02T12:00:00Z" changeset="1" uid="1" user="generator"/>
  <node id="1213" lat="43.0659532360" lon="-95.2934239416" version="1" timestamp="2026-09-02T12:00:00Z" changeset="1" uid="1" user="generator"/>
  <node id="1214" lat="43.0658342918" lon="-95.2935837307" version="1" timestamp="2026-09-02T12:00:00Z" changeset="1" uid="1" user="generator"/>
  <node id="1215" lat="43.0657153027" lon="-95.2937279990" version="1" timestamp="2026-09-02T12:00:00Z" changeset="1" uid="1" user="generator"/>
  <node id="1216" lat="43.0655836506" lon="-95.2938789560" version="1" timestamp="2026-09-02T12:00:00Z" changeset="1" uid="1" user="generator"/>
  <node id="1217" lat="43.0654647425" lon="-95.2940156242" version="1" timestamp="2026-09-02T12:00:00Z" changeset="1" uid="1" user="generator"/>
  <node id="1218" lat="43.0653362313" lon="-95.2941366608" version="1" timestamp="2026-09-02T12:00:00Z" changeset="1" uid="1" user="generator"/>
  <node id="1219" lat="43.0652025092" lon="-95.2942639919" version="1" timestamp="2026-09-02T12:00:00Z" changeset="1" uid="1" user="generator"/>
  <node id="1220" lat="43.0650731611" lon="-95.2943705426" version="1" timestamp="2026-09-02T12:00:00Z" changeset="1" uid="1" user="generator"/>
  <node id="1221" lat="43.0649344439" lon="-95.2944741123" version="1" timestamp="2026-09-02T12:00:00Z" changeset="1" uid="1" user="generator"/>
  <node id="1222" lat="43.0648030078" lon="-95.2945640829" version="1" timestamp="2026-09-02T12:00:00Z" changeset="1" uid="1" user="generator"/>
  <node id="1223" lat="43.0646618337" lon="-95.2946402574" version="1" timestamp="2026-09-02T12:00:00Z" changeset="1" uid="1" user="generator"/>
  <node id="1224" lat="43.0645274095" lon="-95.2947099526" version="1" timestamp="2026-09-02T12:00:00Z" changeset="1" uid="1" user="generator"/>
  <node id="1225" lat="43.0643855424" lon="-95.2947573276" version="1" timestamp="2026-09-02T12:00:00Z" changeset="1" uid="1" user="generator"/>
  <node id="1226" lat="43.0642476802" lon="-95.2948031013" version="1" timestamp="2026-09-02T12:00:00Z" changeset="1" uid="1" user="generator"/>
  <node id="1227" lat="43.0641059031" lon="-95.2948219355" version="1" timestamp="2026-09-02T12:00:00Z" changeset="1" uid="1" user="generator"/>
  <node id="1228" lat="43.0639648820" lon="-95.2948411270" version="1" timestamp="2026-09-02T12:00:00Z" changeset="1" uid="1" user="generator"/>
  <node id="1229" lat="43.0638229248" lon="-95.2948324181" version="1" timestamp="2026-09-02T12:00:00Z" changeset="1" uid="1" user="generator"/>
  <node id="1230" lat="43.0636795997" lon="-95.2948241281" version="1" timestamp="2026-09-02T12:00:00Z" changeset="1" uid="1" user="generator"/>
  <node id="1231" lat="43.0635370305" lon="-95.2947888247" version="1" timestamp="2026-09-02T12:00:00Z" changeset="1" uid="1" user="generator"/>
  <node id="1232" lat="43.0633925264" lon="-95.2947542112" version="1" timestamp="2026-09-02T12:00:00Z" changeset="1" uid="1" user="generator"/>
  <node id="1233" lat="43.0632504253" lon="-95.2946938037" version="1" timestamp="2026-09-02T12:00:00Z" changeset="1" uid="1" user="generator"/>
  <node id="1234" lat="43.0631050751" lon="-95.2946344064" version="1" timestamp="2026-09-02T12:00:00Z" changeset="1" uid="1" user="generator"/>
  <node id="1235" lat="43.0629664750" lon="-95.2945531076" version="1" timestamp="2026-09-02T12:00:00Z" changeset="1" uid="1" user="generator"/>
  <node id="1236" lat="43.0628198018" lon="-95.2944680149" version="1" timestamp="2026-09-02T12:00:00Z" changeset="1" uid="1" user="generator"/>
  <node id="1237" lat="43.0626822727" lon="-95.2943702962" version="1" timestamp="2026-09-02T12:00:00Z" changeset="1" uid="1" user="generator"/>
  <node id="1238" lat="43.0625379125" lon="-95.2942636347" version="1" timestamp="2026-09-02T12:00:00Z" changeset="1" uid="1" user="generator"/>
  <node id="1239" lat="43.0624011574" lon="-95.2941524894" version="1" timestamp="2026-09-02T12:00:00Z" changeset="1" uid="1" user="generator"/>
  <node id="1240" lat="43.0622603163" lon="-95.2940280900" version="1" timestamp="2026-09-02T12:00:00Z" changeset="1" uid="1" user="generator"/>
  <node id="1241" lat="43.0621241191" lon="-95.2939058585" version="1" timestamp="2026-09-02T12:00:00Z" changeset="1" uid="1" user="generator"/>
  <node id="1242" lat="43.0619912070" lon="-95.2937712352" version="1" timestamp="2026-09-02T12:00:00Z" changeset="1" uid="1" user="generator"/>
  <node id="1243" lat="43.0618536329" lon="-95.2936323867" version="1" timestamp="2026-09-02T12:00:00Z" changeset="1" uid="1" user="generator"/>
  <node id="1244" lat="43.0617233937" lon="-95.2934912225" version="1" timestamp="2026-09-02T12:00:00Z" changeset="1" uid="1" user="generator"/>
  <node id="1245" lat="43.0615885016" lon="-95.2933397235" version="1" timestamp="2026-09-02T12:00:00Z" changeset="1" uid="1" user="generator"/>
  <node id="1246" lat="43.0614580555" lon="-95.2931925850" version="1" timestamp="2026-09-02T12:00:00Z" changeset="1" uid="1" user="generator"/>
  <node id="1247" lat="43.0613313083" lon="-95.2930379203" version="1" timestamp="2026-09-02T12:00:00Z" changeset="1" uid="1" user="generator"/>
  <node id="1248" lat="43.0611993592" lon="-95.2928770965" version="1" timestamp="2026-09-02T12:00:00Z" changeset="1" uid="1" user="generator"/>
  <node id="1249" lat="43.0610726931" lon="-95.2927188596" version="1" timestamp="2026-09-02T12:00:00Z" changeset="1" uid="1" user="generator"/>
  <node id="1250" lat="43.0609458559" lon="-95.2925541434" version="1" timestamp="2026-09-02T12:00:00Z" changeset="1" uid="1" user="generator"/>
  <node id="1251" lat="43.0608181548" lon="-95.2923883924" version="1" timestamp="2026-09-02T12:00:00Z" changeset="1" uid="1" user="generator"/>
  <node id="1252" lat="43.0606939277" lon="-95.2922222473" version="1" timestamp="2026-09-02T12:00:00Z" changeset="1" uid="1" user="generator"/>
  <node id="1253" lat="43.0605678916" lon="-95.2920507931" version="1" timestamp="2026-09-02T12:00:00Z" changeset="1" uid="1" user="generator"/>
  <node id="1254" lat="43.0604427374" lon="-95.2918805707" version="1" timestamp="2026-09-02T12:00:00Z" changeset="1" uid="1" user="generator"/>
  <node id="1255" lat="43.0603198243" lon="-95.2917088702" version="1" timestamp="2026-09-02T12:00:00Z" changeset="1" uid="1" user="generator"/>
  <node id="1256" lat="43.0601947782" lon="-95.2915331910" version="1" timestamp="2026-09-02T12:00:00Z" changeset="1" uid="1" user="generator"/>
  <node id="1257" lat="43.0600709021" lon="-95.2913591500" version="1" timestamp="2026-09-02T12:00:00Z" changeset="1" uid="1" user="generator"/>
  <node id="1258" lat="43.0599483039" lon="-95.2911836925" version="1" timestamp="2026-09-02T12:00:00Z" changeset="1" uid="1" user="generator"/>
  <node id="1259" lat="43.0598240858" lon="-95.2910057591" version="1" timestamp="2026-09-02T12:00:00Z" changeset="1" uid="1" user="generator"/>
  <node id="1260" lat="43.0596997957" lon="-95.2908276532" version="1" timestamp="2026-09-02T12:00:00Z" changeset="1" uid="1" user="generator"/>
  <node id="1261" lat="43.0599926740" lon="-95.2904447976" version="1" timestamp="2026-09-02T12:00:00Z" changeset="1" uid="1" user="generator"/>
  <node id="1262" lat="43.0601169371" lon="-95.2906228665" version="1" timestamp="2026-09-02T12:00:00Z" changeset="1" uid="1" user="generator"/>
  <node id="1263" lat="43.0602410562" lon="-95.2908006644" version="1" timestamp="2026-09-02T12:00:00Z" changeset="1" uid="1" user="generator"/>
  <node id="1264" lat="43.0603623044" lon="-95.2909741880" version="1" timestamp="2026-09-02T12:00:00Z" changeset="1" uid="1" user="generator"/>
  <node id="1265" lat="43.0604848845" lon="-95.2911464059" version="1" timestamp="2026-09-02T12:00:00Z" changeset="1" uid="1" user="generator"/>
  <node id="1266" lat="43.0606095076" lon="-95.2913214939" version="1" timestamp="2026-09-02T12:00:00Z" changeset="1" uid="1" user="generator"/>
  <node id="1267" lat="43.0607301257" lon="-95.2914899918" version="1" timestamp="2026-09-02T12:00:00Z" changeset="1" uid="1" user="generator"/>
  <node id="1268" lat="43.0608533899" lon="-95.2916576274" version="1" timestamp="2026-09-02T12:00:00Z" changeset="1" uid="1" user="generator"/>
  <node id="1269" lat="43.0609782020" lon="-95.2918274309" version="1" timestamp="2026-09-02T12:00:00Z" changeset="1" uid="1" user="generator"/>
  <node id="1270" lat="43.0610990451" lon="-95.2919890553" version="1" timestamp="2026-09-02T12:00:00Z" changeset="1" uid="1" user="generator"/>
  <node id="1271" lat="43.0612245682" lon="-95.2921519854" version="1" timestamp="2026-09-02T12:00:00Z" changeset="1" uid="1" user="generator"/>
  <node id="1272" lat="43.0613485973" lon="-95.2923130679" version="1" timestamp="2026-09-02T12:00:00Z" changeset="1" uid="1" user="generator"/>
  <node id="1273" lat="43.0614705745" lon="-95.2924654292" version="1" timestamp="2026-09-02T12:00:00Z" changeset="1" uid="1" user="generator"/>
  <node id="1274" lat="43.0616006696" lon="-95.2926239741" version="1" timestamp="2026-09-02T12:00:00Z" changeset="1" uid="1" user="generator"/>
  <node id="1275" lat="43.0617216567" lon="-95.2927717654" version="1" timestamp="2026-09-02T12:00:00Z" changeset="1" uid="1" user="generator"/>
  <node id="1276" lat="43.0618458028" lon="-95.2929116608" version="1" timestamp="2026-09-02T12:00:00Z" changeset="1" uid="1" user="generator"/>
  <node id="1277" lat="43.0619775000" lon="-95.2930595876" version="1" timestamp="2026-09-02T12:00:00Z" changeset="1" uid="1" user="generator"/>
  <node id="1278" lat="43.0620995941" lon="-95.2931920061" version="1" timestamp="2026-09-02T12:00:00Z" changeset="1" uid="1" user="generator"/>
  <node id="1279" lat="43.0622317232" lon="-95.2933252622" version="1" timestamp="2026-09-02T12:00:00Z" changeset="1" uid="1" user="generator"/>
  <node id="1280" lat="43.0623557164" lon="-95.2934511151" version="1" timestamp="2026-09-02T12:00:00Z" changeset="1" uid="1" user="generator"/>
  <node id="1281" lat="43.0624812845" lon="-95.2935635538" version="1" timestamp="2026-09-02T12:00:00Z" changeset="1" uid="1" user="generator"/>
  <node id="1282" lat="43.0626142866" lon="-95.2936811414" version="1" timestamp="2026-09-02T12:00:00Z" changeset="1" uid="1" user="generator"/>
  <node id="1283" lat="43.0627376047" lon="-95.2937813975" version="1" timestamp="2026-09-02T12:00:00Z" changeset="1" uid="1" user="generator"/>
  <node id="1284" lat="43.0628714709" lon="-95.2938801878" version="1" timestamp="2026-09-02T12:00:00Z" changeset="1" uid="1" user="generator"/>
  <node id="1285" lat="43.0629922780" lon="-95.2939664754" version="1" timestamp="2026-09-02T12:00:00Z" changeset="1" uid="1" user="generator"/>
  <node id="1286" lat="43.0631247851" lon="-95.2940428962" version="1" timestamp="2026-09-02T12:00:00Z" changeset="1" uid="1" user="generator"/>
  <node id="1287" lat="43.0632430002" lon="-95.2941132320" version="1" timestamp="2026-09-02T12:00:00Z" changeset="1" uid="1" user="generator"/>
  <node id="1288" lat="43.0633682084" lon="-95.2941634525" version="1" timestamp="2026-09-02T12:00:00Z" changeset="1" uid="1" user="generator"/>
  <node id="1289" lat="43.0634877105" lon="-95.2942154344" version="1" timestamp="2026-09-02T12:00:00Z" changeset="1" uid="1" user="generator"/>
  <node id="1290" lat="43.0636078246" lon="-95.2942430513" version="1" timestamp="2026-09-02T12:00:00Z" changeset="1" uid="1" user="generator"/>
  <node id="1291" lat="43.0637243207" lon="-95.2942732181" version="1" timestamp="2026-09-02T12:00:00Z" changeset="1" uid="1" user="generator"/>
  <node id="1292" lat="43.0638403848" lon="-95.2942786257" version="1" timestamp="2026-09-02T12:00:00Z" changeset="1" uid="1" user="generator"/>
  <node id="1293" lat="43.0639539110" lon="-95.2942870266" version="1" timestamp="2026-09-02T12:00:00Z" changeset="1" uid="1" user="generator"/>
  <node id="1294" lat="43.0640663661" lon="-95.2942702741" version="1" timestamp="2026-09-02T12:00:00Z" changeset="1" uid="1" user="generator"/>
  <node id="1295" lat="43.0641802252" lon="-95.2942565395" version="1" timestamp="2026-09-02T12:00:00Z" changeset="1" uid="1" user="generator"/>
  <node id="1296" lat="43.0642901603" lon="-95.2942186124" version="1" timestamp="2026-09-02T12:00:00Z" changeset="1" uid="1" user="generator"/>
  <node id="1297" lat="43.0644074574" lon="-95.2941805129" version="1" timestamp="2026-09-02T12:00:00Z" changeset="1" uid="1" user="generator"/>
  <node id="1298" lat="43.0645163485" lon="-95.2941229386" version="1" timestamp="2026-09-02T12:00:00Z" changeset="1" uid="1" user="generator"/>
  <node id="1299" lat="43.0646379476" lon="-95.2940578996" version="1" timestamp="2026-09-02T12:00:00Z" changeset="1" uid="1" user="generator"/>
  <node id="1300" lat="43.0647472707" lon="-95.2939825504" version="1" timestamp="2026-09-02T12:00:00Z" changeset="1" uid="1" user="generator"/>
  <node id="1301" lat="43.0648715159" lon="-95.2938898205" version="1" timestamp="2026-09-02T12:00:00Z" changeset="1" uid="1" user="generator"/>
  <node id="1302" lat="43.0649824320" lon="-95.2937986550" version="1" timestamp="2026-09-02T12:00:00Z" changeset="1" uid="1" user="generator"/>
  <node id="1303" lat="43.0651054981" lon="-95.2936811044" version="1" timestamp="2026-09-02T12:00:00Z" changeset="1" uid="1" user="generator"/>
  <node id="1304" lat="43.0652194472" lon="-95.2935745537" version="1" timestamp="2026-09-02T12:00:00Z" changeset="1" uid="1" user="generator"/>
  <node id="1305" lat="43.0653238743" lon="-95.2934537019" version="1" timestamp="2026-09-02T12:00:00Z" changeset="1" uid="1" user="generator"/>
  <node id="1306" lat="43.0654507925" lon="-95.2933082387" version="1" timestamp="2026-09-02T12:00:00Z" changeset="1" uid="1" user="generator"/>
  <node id="1307" lat="43.0655581176" lon="-95.2931782838" version="1" timestamp="2026-09-02T12:00:00Z" changeset="1" uid="1" user="generator"/>
  <node id="1308" lat="43.0656698347" lon="-95.2930279550" version="1" timestamp="2026-09-02T12:00:00Z" changeset="1" uid="1" user="generator"/>
  <node id="1309" lat="43.0657862228" lon="-95.2928722063" version="1" timestamp="2026-09-02T12:00:00Z" changeset="1" uid="1" user="generator"/>
  <node id="1310" lat="43.0658889219" lon="-95.2927239839" version="1" timestamp="2026-09-02T12:00:00Z" changeset="1" uid="1" user="generator"/>
  <node id="1311" lat="43.0660000450" lon="-95.2925541310" version="1" timestamp="2026-09-02T12:00:00Z" changeset="1" uid="1" user="generator"/>
  <node id="1312" lat="43.0661106371" lon="-95.2923855100" version="1" timestamp="2026-09-02T12:00:00Z" changeset="1" uid="1" user="generator"/>
  <node id="1313" lat="43.0662101052" lon="-95.2922238856" version="1" timestamp="2026-09-02T12:00:00Z" changeset="1" uid="1" user="generator"/>
  <node id="1314" lat="43.0663158463" lon="-95.2920435994" version="1" timestamp="2026-09-02T12:00:00Z" changeset="1" uid="1" user="generator"/>
  <node id="1315" lat="43.0664236664" lon="-95.2918599874" version="1" timestamp="2026-09-02T12:00:00Z" changeset="1" uid="1" user="generator"/>
  <node id="1316" lat="43.0665210825" lon="-95.2916883731" version="1" timestamp="2026-09-02T12:00:00Z" changeset="1" uid="1" user="generator"/>
  <node id="1317" lat="43.0666194886" lon="-95.2915041944" version="1" timestamp="2026-09-02T12:00:00Z" changeset="1" uid="1" user="generator"/>
  <node id="1318" lat="43.0667258237" lon="-95.2913054189" version="1" timestamp="2026-09-02T12:00:00Z" changeset="1" uid="1" user="generator"/>
  <node id="1319" lat="43.0668220878" lon="-95.2911258349" version="1" timestamp="2026-09-02T12:00:00Z" changeset="1" uid="1" user="generator"/>
  <node id="1320" lat="43.0669131139" lon="-95.2909415700" version="1" timestamp="2026-09-02T12:00:00Z" changeset="1" uid="1" user="generator"/>
  <node id="1321" lat="43.0670138780" lon="-95.2907378057" version="1" timestamp="2026-09-02T12:00:00Z" changeset="1" uid="1" user="generator"/>
  <node id="1322" lat="43.0671114111" lon="-95.2905406069" version="1" timestamp="2026-09-02T12:00:00Z" changeset="1" uid="1" user="generator"/>
  <node id="1323" lat="43.0672025092" lon="-95.2903512793" version="1" timestamp="2026-09-02T12:00:00Z" changeset="1" uid="1" user="generator"/>
  <node id="1324" lat="43.0672943273" lon="-95.2901527748" version="1" timestamp="2026-09-02T12:00:00Z" changeset="1" uid="1" user="generator"/>
  <node id="1325" lat="43.0673906454" lon="-95.2899446500" version="1" timestamp="2026-09-02T12:00:00Z" changeset="1" uid="1" user="generator"/>
  <node id="1326" lat="43.0674827425" lon="-95.2897457267" version="1" timestamp="2026-09-02T12:00:00Z" changeset="1" uid="1" user="generator"/>
  <node id="1327" lat="43.0675703846" lon="-95.2895490453" version="1" timestamp="2026-09-02T12:00:00Z" changeset="1" uid="1" user="generator"/>
  <node id="1328" lat="43.0676609967" lon="-95.2893420906" version="1" timestamp="2026-09-02T12:00:00Z" changeset="1" uid="1" user="generator"/>
  <node id="1329" lat="43.0677535348" lon="-95.2891307754" version="1" timestamp="2026-09-02T12:00:00Z" changeset="1" uid="1" user="generator"/>
  <node id="1330" lat="43.0678423018" lon="-95.2889281321" version="1" timestamp="2026-09-02T12:00:00Z" changeset="1" uid="1" user="generator"/>
  <node id="1331" lat="43.0679277209" lon="-95.2887259076" version="1" timestamp="2026-09-02T12:00:00Z" changeset="1" uid="1" user="generator"/>
  <node id="1332" lat="43.0680162180" lon="-95.2885144569" version="1" timestamp="2026-09-02T12:00:00Z" changeset="1" uid="1" user="generator"/>
  <node id="1333" lat="43.0681056871" lon="-95.2883006904" version="1" timestamp="2026-09-02T12:00:00Z" changeset="1" uid="1" user="generator"/>
  <node id="1334" lat="43.0681923932" lon="-95.2880935510" version="1" timestamp="2026-09-02T12:00:00Z" changeset="1" uid="1" user="generator"/>
  <node id="1335" lat="43.0682764623" lon="-95.2878870398" version="1" timestamp="2026-09-02T12:00:00Z" changeset="1" uid="1" user="generator"/>
  <node id="1336" lat="43.0683626914" lon="-95.2876734334" version="1" timestamp="2026-09-02T12:00:00Z" changeset="1" uid="1" user="generator"/>
  <node id="1337" lat="43.0684497484" lon="-95.2874578069" version="1" timestamp="2026-09-02T12:00:00Z" changeset="1" uid="1" user="generator"/>
  <node id="1338" lat="43.0685351495" lon="-95.2872462823" version="1" timestamp="2026-09-02T12:00:00Z" changeset="1" uid="1" user="generator"/>
  <node id="1339" lat="43.0686184536" lon="-95.2870363221" version="1" timestamp="2026-09-02T12:00:00Z" changeset="1" uid="1" user="generator"/>
  <node id="1340" lat="43.0687027477" lon="-95.2868217549" version="1" timestamp="2026-09-02T12:00:00Z" changeset="1" uid="1" user="generator"/>
  <node id="1341" lat="43.0687879778" lon="-95.2866047611" version="1" timestamp="2026-09-02T12:00:00Z" changeset="1" uid="1" user="generator"/>
  <node id="1342" lat="43.0688724969" lon="-95.2863896150" version="1" timestamp="2026-09-02T12:00:00Z" changeset="1" uid="1" user="generator"/>
  <node id="1343" lat="43.0689554590" lon="-95.2861767847" version="1" timestamp="2026-09-02T12:00:00Z" changeset="1" uid="1" user="generator"/>
  <node id="1344" lat="43.0690383940" lon="-95.2859615647" version="1" timestamp="2026-09-02T12:00:00Z" changeset="1" uid="1" user="generator"/>
  <node id="1345" lat="43.0691223731" lon="-95.2857436594" version="1" timestamp="2026-09-02T12:00:00Z" changeset="1" uid="1" user="generator"/>
  <node id="1346" lat="43.0692062262" lon="-95.2855260743" version="1" timestamp="2026-09-02T12:00:00Z" changeset="1" uid="1" user="generator"/>
  <node id="1347" lat="43.0692890983" lon="-95.2853107311" version="1" timestamp="2026-09-02T12:00:00Z" changeset="1" uid="1" user="generator"/>
  <node id="1348" lat="43.0693714574" lon="-95.2850946242" version="1" timestamp="2026-09-02T12:00:00Z" changeset="1" uid="1" user="generator"/>
  <node id="1349" lat="43.0694546985" lon="-95.2848761892" version="1" timestamp="2026-09-02T12:00:00Z" changeset="1" uid="1" user="generator"/>
  <node id="1350" lat="43.0695379485" lon="-95.2846577542" version="1" timestamp="2026-09-02T12:00:00Z" changeset="1" uid="1" user="generator"/>
  <node id="1351" lat="43.0696209466" lon="-95.2844399721" version="1" timestamp="2026-09-02T12:00:00Z" changeset="1" uid="1" user="generator"/>
  <node id="1352" lat="43.0697037017" lon="-95.2842222145" version="1" timestamp="2026-09-02T12:00:00Z" changeset="1" uid="1" user="generator"/>
  <node id="1353" lat="43.0697866548" lon="-95.2840037918" version="1" timestamp="2026-09-02T12:00:00Z" changeset="1" uid="1" user="generator"/>
  <node id="1354" lat="43.0698696709" lon="-95.2837851967" version="1" timestamp="2026-09-02T12:00:00Z" changeset="1" uid="1" user="generator"/>
  <node id="1355" lat="43.0699528580" lon="-95.2835661581" version="1" timestamp="2026-09-02T12:00:00Z" changeset="1" uid="1" user="generator"/>
  <node id="1356" lat="43.0700363780" lon="-95.2833466638" version="1" timestamp="2026-09-02T12:00:00Z" changeset="1" uid="1" user="generator"/>
  <node id="1357" lat="43.0701198711" lon="-95.2831277360" version="1" timestamp="2026-09-02T12:00:00Z" changeset="1" uid="1" user="generator"/>
  <node id="1358" lat="43.0702031662" lon="-95.2829093380" version="1" timestamp="2026-09-02T12:00:00Z" changeset="1" uid="1" user="generator"/>
  <node id="1359" lat="43.0702866053" lon="-95.2826905581" version="1" timestamp="2026-09-02T12:00:00Z" changeset="1" uid="1" user="generator"/>
  <node id="1360" lat="43.0703710614" lon="-95.2824694501" version="1" timestamp="2026-09-02T12:00:00Z" changeset="1" uid="1" user="generator"/>
  <node id="1361" lat="43.0704560485" lon="-95.2822492166" version="1" timestamp="2026-09-02T12:00:00Z" changeset="1" uid="1" user="generator"/>
  <node id="1362" lat="43.0705401175" lon="-95.2820313729" version="1" timestamp="2026-09-02T12:00:00Z" changeset="1" uid="1" user="generator"/>
  <node id="1363" lat="43.0706241776" lon="-95.2818135291" version="1" timestamp="2026-09-02T12:00:00Z" changeset="1" uid="1" user="generator"/>
  <node id="1364" lat="43.0707082467" lon="-95.2815956854" version="1" timestamp="2026-09-02T12:00:00Z" changeset="1" uid="1" user="generator"/>
  <node id="1365" lat="43.0720213480" lon="-95.2825449101" version="1" timestamp="2026-09-02T12:00:00Z" changeset="1" uid="1" user="generator"/>
  <node id="1366" lat="43.0719372789" lon="-95.2827627538" version="1" timestamp="2026-09-02T12:00:00Z" changeset="1" uid="1" user="generator"/>
  <node id="1367" lat="43.0718532189" lon="-95.2829805976" version="1" timestamp="2026-09-02T12:00:00Z" changeset="1" uid="1" user="generator"/>
  <node id="1368" lat="43.0717691498" lon="-95.2831984413" version="1" timestamp="2026-09-02T12:00:00Z" changeset="1" uid="1" user="generator"/>
  <node id="1369" lat="43.0716856117" lon="-95.2834149055" version="1" timestamp="2026-09-02T12:00:00Z" changeset="1" uid="1" user="generator"/>
  <node id="1370" lat="43.0716028206" lon="-95.2836316406" version="1" timestamp="2026-09-02T12:00:00Z" changeset="1" uid="1" user="generator"/>
  <node id="1371" lat="43.0715196155" lon="-95.2838498169" version="1" timestamp="2026-09-02T12:00:00Z" changeset="1" uid="1" user="generator"/>
  <node id="1372" lat="43.0714363294" lon="-95.2840682150" version="1" timestamp="2026-09-02T12:00:00Z" changeset="1" uid="1" user="generator"/>
  <node id="1373" lat="43.0713531514" lon="-95.2842863174" version="1" timestamp="2026-09-02T12:00:00Z" changeset="1" uid="1" user="generator"/>
  <node id="1374" lat="43.0712702163" lon="-95.2845042597" version="1" timestamp="2026-09-02T12:00:00Z" changeset="1" uid="1" user="generator"/>
  <node id="1375" lat="43.0711872992" lon="-95.2847225961" version="1" timestamp="2026-09-02T12:00:00Z" changeset="1" uid="1" user="generator"/>
  <node id="1376" lat="43.0711042831" lon="-95.2849411790" version="1" timestamp="2026-09-02T12:00:00Z" changeset="1" uid="1" user="generator"/>
  <node id="1377" lat="43.0710212310" lon="-95.2851598726" version="1" timestamp="2026-09-02T12:00:00Z" changeset="1" uid="1" user="generator"/>
  <node id="1378" lat="43.0709379899" lon="-95.2853788989" version="1" timestamp="2026-09-02T12:00:00Z" changeset="1" uid="1" user="generator"/>
  <node id="1379" lat="43.0708546049" lon="-95.2855976911" version="1" timestamp="2026-09-02T12:00:00Z" changeset="1" uid="1" user="generator"/>
  <node id="1380" lat="43.0707713638" lon="-95.2858161261" version="1" timestamp="2026-09-02T12:00:00Z" changeset="1" uid="1" user="generator"/>
  <node id="1381" lat="43.0706881227" lon="-95.2860345611" version="1" timestamp="2026-09-02T12:00:00Z" changeset="1" uid="1" user="generator"/>
  <node id="1382" lat="43.0706043686" lon="-95.2862543142" version="1" timestamp="2026-09-02T12:00:00Z" changeset="1" uid="1" user="generator"/>
  <node id="1383" lat="43.0705199035" lon="-95.2864737962" version="1" timestamp="2026-09-02T12:00:00Z" changeset="1" uid="1" user="generator"/>
  <node id="1384" lat="43.0704358614" lon="-95.2866918740" version="1" timestamp="2026-09-02T12:00:00Z" changeset="1" uid="1" user="generator"/>
  <node id="1385" lat="43.0703518824" lon="-95.2869097793" version="1" timestamp="2026-09-02T12:00:00Z" changeset="1" uid="1" user="generator"/>
  <node id="1386" lat="43.0702673093" lon="-95.2871292244" version="1" timestamp="2026-09-02T12:00:00Z" changeset="1" uid="1" user="generator"/>
  <node id="1387" lat="43.0701815842" lon="-95.2873491745" version="1" timestamp="2026-09-02T12:00:00Z" changeset="1" uid="1" user="generator"/>
  <node id="1388" lat="43.0700959311" lon="-95.2875672154" version="1" timestamp="2026-09-02T12:00:00Z" changeset="1" uid="1" user="generator"/>
  <node id="1389" lat="43.0700106920" lon="-95.2877841968" version="1" timestamp="2026-09-02T12:00:00Z" changeset="1" uid="1" user="generator"/>
  <node id="1390" lat="43.0699249129" lon="-95.2880025703" version="1" timestamp="2026-09-02T12:00:00Z" changeset="1" uid="1" user="generator"/>
  <node id="1391" lat="43.0698375228" lon="-95.2882227914" version="1" timestamp="2026-09-02T12:00:00Z" changeset="1" uid="1" user="generator"/>
  <node id="1392" lat="43.0697495207" lon="-95.2884407706" version="1" timestamp="2026-09-02T12:00:00Z" changeset="1" uid="1" user="generator"/>
  <node id="1393" lat="43.0696624727" lon="-95.2886563971" version="1" timestamp="2026-09-02T12:00:00Z" changeset="1" uid="1" user="generator"/>
  <node id="1394" lat="43.0695749476" lon="-95.2888731938" version="1" timestamp="2026-09-02T12:00:00Z" changeset="1" uid="1" user="generator"/>
  <node id="1395" lat="43.0694852985" lon="-95.2890933534" version="1" timestamp="2026-09-02T12:00:00Z" changeset="1" uid="1" user="generator"/>
  <node id="1396" lat="43.0693942544" lon="-95.2893109138" version="1" timestamp="2026-09-02T12:00:00Z" changeset="1" uid="1" user="generator"/>
  <node id="1397" lat="43.0693047853" lon="-95.2895246926" version="1" timestamp="2026-09-02T12:00:00Z" changeset="1" uid="1" user="generator"/>
  <node id="1398" lat="43.0692147672" lon="-95.2897397894" version="1" timestamp="2026-09-02T12:00:00Z" changeset="1" uid="1" user="generator"/>
  <node id="1399" lat="43.0691219681" lon="-95.2899593454" version="1" timestamp="2026-09-02T12:00:00Z" changeset="1" uid="1" user="generator"/>
  <node id="1400" lat="43.0690272880" lon="-95.2901756247" version="1" timestamp="2026-09-02T12:00:00Z" changeset="1" uid="1" user="generator"/>
  <node id="1401" lat="43.0689347499" lon="-95.2903869399" version="1" timestamp="2026-09-02T12:00:00Z" changeset="1" uid="1" user="generator"/>
  <node id="1402" lat="43.0688411228" lon="-95.2906007434" version="1" timestamp="2026-09-02T12:00:00Z" changeset="1" uid="1" user="generator"/>
  <node id="1403" lat="43.0687438957" lon="-95.2908188088" version="1" timestamp="2026-09-02T12:00:00Z" changeset="1" uid="1" user="generator"/>
  <node id="1404" lat="43.0686451656" lon="-95.2910321935" version="1" timestamp="2026-09-02T12:00:00Z" changeset="1" uid="1" user="generator"/>
  <node id="1405" lat="43.0685488565" lon="-95.2912403183" version="1" timestamp="2026-09-02T12:00:00Z" changeset="1" uid="1" user="generator"/>
  <node id="1406" lat="43.0684499734" lon="-95.2914539370" version="1" timestamp="2026-09-02T12:00:00Z" changeset="1" uid="1" user="generator"/>
  <node id="1407" lat="43.0683465003" lon="-95.2916690585" version="1" timestamp="2026-09-02T12:00:00Z" changeset="1" uid="1" user="generator"/>
  <node id="1408" lat="43.0682436932" lon="-95.2918769862" version="1" timestamp="2026-09-02T12:00:00Z" changeset="1" uid="1" user="generator"/>
  <node id="1409" lat="43.0681427311" lon="-95.2920811570" version="1" timestamp="2026-09-02T12:00:00Z" changeset="1" uid="1" user="generator"/>
  <node id="1410" lat="43.0680360900" lon="-95.2922963647" version="1" timestamp="2026-09-02T12:00:00Z" changeset="1" uid="1" user="generator"/>
  <node id="1411" lat="43.0679240039" lon="-95.2925061155" version="1" timestamp="2026-09-02T12:00:00Z" changeset="1" uid="1" user="generator"/>
  <node id="1412" lat="43.0678176688" lon="-95.2927048910" version="1" timestamp="2026-09-02T12:00:00Z" changeset="1" uid="1" user="generator"/>
  <node id="1413" lat="43.0677067977" lon="-95.2929120057" version="1" timestamp="2026-09-02T12:00:00Z" changeset="1" uid="1" user="generator"/>
  <node id="1414" lat="43.0675890596" lon="-95.2931196748" version="1" timestamp="2026-09-02T12:00:00Z" changeset="1" uid="1" user="generator"/>
  <node id="1415" lat="43.0674735085" lon="-95.2933165657" version="1" timestamp="2026-09-02T12:00:00Z" changeset="1" uid="1" user="generator"/>
  <node id="1416" lat="43.0673567784" lon="-95.2935153411" version="1" timestamp="2026-09-02T12:00:00Z" changeset="1" uid="1" user="generator"/>
  <node id="1417" lat="43.0672313992" lon="-95.2937189083" version="1" timestamp="2026-09-02T12:00:00Z" changeset="1" uid="1" user="generator"/>
  <node id="1418" lat="43.0671057861" lon="-95.2939108104" version="1" timestamp="2026-09-02T12:00:00Z" changeset="1" uid="1" user="generator"/>
  <node id="1419" lat="43.0669804790" lon="-95.2941020226" version="1" timestamp="2026-09-02T12:00:00Z" changeset="1" uid="1" user="generator"/>
  <node id="1420" lat="43.0668445428" lon="-95.2942979773" version="1" timestamp="2026-09-02T12:00:00Z" changeset="1" uid="1" user="generator"/>
  <node id="1421" lat="43.0667089937" lon="-95.2944798894" version="1" timestamp="2026-09-02T12:00:00Z" changeset="1" uid="1" user="generator"/>
  <node id="1422" lat="43.0665707626" lon="-95.2946648934" version="1" timestamp="2026-09-02T12:00:00Z" changeset="1" uid="1" user="generator"/>
  <node id="1423" lat="43.0664206424" lon="-95.2948473722" version="1" timestamp="2026-09-02T12:00:00Z" changeset="1" uid="1" user="generator"/>
  <node id="1424" lat="43.0662764083" lon="-95.2950129630" version="1" timestamp="2026-09-02T12:00:00Z" changeset="1" uid="1" user="generator"/>
  <node id="1425" lat="43.0661188721" lon="-95.2951918203" version="1" timestamp="2026-09-02T12:00:00Z" changeset="1" uid="1" user="generator"/>
  <node id="1426" lat="43.0659515170" lon="-95.2953514861" version="1" timestamp="2026-09-02T12:00:00Z" changeset="1" uid="1" user="generator"/>
  <node id="1427" lat="43.0657893728" lon="-95.2955048698" version="1" timestamp="2026-09-02T12:00:00Z" changeset="1" uid="1" user="generator"/>
  <node id="1428" lat="43.0656108756" lon="-95.2956524640" version="1" timestamp="2026-09-02T12:00:00Z" changeset="1" uid="1" user="generator"/>
  <node id="1429" lat="43.0654335934" lon="-95.2957849317" version="1" timestamp="2026-09-02T12:00:00Z" changeset="1" uid="1" user="generator"/>
  <node id="1430" lat="43.0652431712" lon="-95.2959139135" version="1" timestamp="2026-09-02T12:00:00Z" changeset="1" uid="1" user="generator"/>
  <node id="1431" lat="43.0650497970" lon="-95.2960197497" version="1" timestamp="2026-09-02T12:00:00Z" changeset="1" uid="1" user="generator"/>
  <node id="1432" lat="43.0648472788" lon="-95.2961217919" version="1" timestamp="2026-09-02T12:00:00Z" changeset="1" uid="1" user="generator"/>
  <node id="1433" lat="43.0646398916" lon="-95.2961939138" version="1" timestamp="2026-09-02T12:00:00Z" changeset="1" uid="1" user="generator"/>
  <node id="1434" lat="43.0644275814" lon="-95.2962606158" version="1" timestamp="2026-09-02T12:00:00Z" changeset="1" uid="1" user="generator"/>
  <node id="1435" lat="43.0642113202" lon="-95.2962930367" version="1" timestamp="2026-09-02T12:00:00Z" changeset="1" uid="1" user="generator"/>
  <node id="1436" lat="43.0639941410" lon="-95.2963187444" version="1" timestamp="2026-09-02T12:00:00Z" changeset="1" uid="1" user="generator"/>
  <node id="1437" lat="43.0637763498" lon="-95.2963091979" version="1" timestamp="2026-09-02T12:00:00Z" changeset="1" uid="1" user="generator"/>
  <node id="1438" lat="43.0635603676" lon="-95.2962932584" version="1" timestamp="2026-09-02T12:00:00Z" changeset="1" uid="1" user="generator"/>
  <node id="1439" lat="43.0633482553" lon="-95.2962442328" version="1" timestamp="2026-09-02T12:00:00Z" changeset="1" uid="1" user="generator"/>
  <node id="1440" lat="43.0631386901" lon="-95.2961909698" version="1" timestamp="2026-09-02T12:00:00Z" changeset="1" uid="1" user="generator"/>
  <node id="1441" lat="43.0629363429" lon="-95.2961080820" version="1" timestamp="2026-09-02T12:00:00Z" changeset="1" uid="1" user="generator"/>
  <node id="1442" lat="43.0627372627" lon="-95.2960241965" version="1" timestamp="2026-09-02T12:00:00Z" changeset="1" uid="1" user="generator"/>
  <node id="1443" lat="43.0625443205" lon="-95.2959136671" version="1" timestamp="2026-09-02T12:00:00Z" changeset="1" uid="1" user="generator"/>
  <node id="1444" lat="43.0623598654" lon="-95.2958054289" version="1" timestamp="2026-09-02T12:00:00Z" changeset="1" uid="1" user="generator"/>
  <node id="1445" lat="43.0621777412" lon="-95.2956772478" version="1" timestamp="2026-09-02T12:00:00Z" changeset="1" uid="1" user="generator"/>
  <node id="1446" lat="43.0620054000" lon="-95.2955496211" version="1" timestamp="2026-09-02T12:00:00Z" changeset="1" uid="1" user="generator"/>
  <node id="1447" lat="43.0618328248" lon="-95.2954094300" version="1" timestamp="2026-09-02T12:00:00Z" changeset="1" uid="1" user="generator"/>
  <node id="1448" lat="43.0616710857" lon="-95.2952668738" version="1" timestamp="2026-09-02T12:00:00Z" changeset="1" uid="1" user="generator"/>
  <node id="1449" lat="43.0615065385" lon="-95.2951184912" version="1" timestamp="2026-09-02T12:00:00Z" changeset="1" uid="1" user="generator"/>
  <node id="1450" lat="43.0613498213" lon="-95.2949605006" version="1" timestamp="2026-09-02T12:00:00Z" changeset="1" uid="1" user="generator"/>
  <node id="1451" lat="43.0611977482" lon="-95.2948067351" version="1" timestamp="2026-09-02T12:00:00Z" changeset="1" uid="1" user="generator"/>
  <node id="1452" lat="43.0610457740" lon="-95.2946422283" version="1" timestamp="2026-09-02T12:00:00Z" changeset="1" uid="1" user="generator"/>
  <node id="1453" lat="43.0609023409" lon="-95.2944812198" version="1" timestamp="2026-09-02T12:00:00Z" changeset="1" uid="1" user="generator"/>
  <node id="1454" lat="43.0607551188" lon="-95.2943147913" version="1" timestamp="2026-09-02T12:00:00Z" changeset="1" uid="1" user="generator"/>
  <node id="1455" lat="43.0606130266" lon="-95.2941417728" version="1" timestamp="2026-09-02T12:00:00Z" changeset="1" uid="1" user="generator"/>
  <node id="1456" lat="43.0604761275" lon="-95.2939748886" version="1" timestamp="2026-09-02T12:00:00Z" changeset="1" uid="1" user="generator"/>
  <node id="1457" lat="43.0603369603" lon="-95.2938009708" version="1" timestamp="2026-09-02T12:00:00Z" changeset="1" uid="1" user="generator"/>
  <node id="1458" lat="43.0602026082" lon="-95.2936265973" version="1" timestamp="2026-09-02T12:00:00Z" changeset="1" uid="1" user="generator"/>
  <node id="1459" lat="43.0600691201" lon="-95.2934532708" version="1" timestamp="2026-09-02T12:00:00Z" changeset="1" uid="1" user="generator"/>
  <node id="1460" lat="43.0599358659" lon="-95.2932750910" version="1" timestamp="2026-09-02T12:00:00Z" changeset="1" uid="1" user="generator"/>
  <node id="1461" lat="43.0598065628" lon="-95.2930992023" version="1" timestamp="2026-09-02T12:00:00Z" changeset="1" uid="1" user="generator"/>
  <node id="1462" lat="43.0596763777" lon="-95.2929220942" version="1" timestamp="2026-09-02T12:00:00Z" changeset="1" uid="1" user="generator"/>
  <node id="1463" lat="43.0595473355" lon="-95.2927418819" version="1" timestamp="2026-09-02T12:00:00Z" changeset="1" uid="1" user="generator"/>
  <node id="1464" lat="43.0594211734" lon="-95.2925646260" version="1" timestamp="2026-09-02T12:00:00Z" changeset="1" uid="1" user="generator"/>
  <node id="1465" lat="43.0592938413" lon="-95.2923857194" version="1" timestamp="2026-09-02T12:00:00Z" changeset="1" uid="1" user="generator"/>
  <node id="1466" lat="43.0591676252" lon="-95.2922051130" version="1" timestamp="2026-09-02T12:00:00Z" changeset="1" uid="1" user="generator"/>
  <node id="1467" lat="43.0590431460" lon="-95.2920267977" version="1" timestamp="2026-09-02T12:00:00Z" changeset="1" uid="1" user="generator"/>
  <node id="1468" lat="43.0589187839" lon="-95.2918485932" version="1" timestamp="2026-09-02T12:00:00Z" changeset="1" uid="1" user="generator"/>
  <node id="1469" lat="43.0586259056" lon="-95.2922314488" version="1" timestamp="2026-09-02T12:00:00Z" changeset="1" uid="1" user="generator"/>
  <node id="1470" lat="43.0587502948" lon="-95.2924096902" version="1" timestamp="2026-09-02T12:00:00Z" changeset="1" uid="1" user="generator"/>
  <node id="1471" lat="43.0588748639" lon="-95.2925881410" version="1" timestamp="2026-09-02T12:00:00Z" changeset="1" uid="1" user="generator"/>
  <node id="1472" lat="43.0590024480" lon="-95.2927706814" version="1" timestamp="2026-09-02T12:00:00Z" changeset="1" uid="1" user="generator"/>
  <node id="1473" lat="43.0591310671" lon="-95.2929514110" version="1" timestamp="2026-09-02T12:00:00Z" changeset="1" uid="1" user="generator"/>
  <node id="1474" lat="43.0592576523" lon="-95.2931292705" version="1" timestamp="2026-09-02T12:00:00Z" changeset="1" uid="1" user="generator"/>
  <node id="1475" lat="43.0593889894" lon="-95.2933126732" version="1" timestamp="2026-09-02T12:00:00Z" changeset="1" uid="1" user="generator"/>
  <node id="1476" lat="43.0595210645" lon="-95.2934923681" version="1" timestamp="2026-09-02T12:00:00Z" changeset="1" uid="1" user="generator"/>
  <node id="1477" lat="43.0596515917" lon="-95.2936699073" version="1" timestamp="2026-09-02T12:00:00Z" changeset="1" uid="1" user="generator"/>
  <node id="1478" lat="43.0597882298" lon="-95.2938525955" version="1" timestamp="2026-09-02T12:00:00Z" changeset="1" uid="1" user="generator"/>
  <node id="1479" lat="43.0599238869" lon="-95.2940287675" version="1" timestamp="2026-09-02T12:00:00Z" changeset="1" uid="1" user="generator"/>
  <node id="1480" lat="43.0600610561" lon="-95.2942067625" version="1" timestamp="2026-09-02T12:00:00Z" changeset="1" uid="1" user="generator"/>
  <node id="1481" lat="43.0602049212" lon="-95.2943865560" version="1" timestamp="2026-09-02T12:00:00Z" changeset="1" uid="1" user="generator"/>
  <node id="1482" lat="43.0603436653" lon="-95.2945557067" version="1" timestamp="2026-09-02T12:00:00Z" changeset="1" uid="1" user="generator"/>
  <node id="1483" lat="43.0604915175" lon="-95.2947356233" version="1" timestamp="2026-09-02T12:00:00Z" changeset="1" uid="1" user="generator"/>
  <node id="1484" lat="43.0606450306" lon="-95.2949092824" version="1" timestamp="2026-09-02T12:00:00Z" changeset="1" uid="1" user="generator"/>
  <node id="1485" lat="43.0607916678" lon="-95.2950738508" version="1" timestamp="2026-09-02T12:00:00Z" changeset="1" uid="1" user="generator"/>
  <node id="1486" lat="43.0609517870" lon="-95.2952471158" version="1" timestamp="2026-09-02T12:00:00Z" changeset="1" uid="1" user="generator"/>
  <node id="1487" lat="43.0611092961" lon="-95.2954064737" version="1" timestamp="2026-09-02T12:00:00Z" changeset="1" uid="1" user="generator"/>
  <node id="1488" lat="43.0612749503" lon="-95.2955732347" version="1" timestamp="2026-09-02T12:00:00Z" changeset="1" uid="1" user="generator"/>
  <node id="1489" lat="43.0614501175" lon="-95.2957314100" version="1" timestamp="2026-09-02T12:00:00Z" changeset="1" uid="1" user="generator"/>
  <node id="1490" lat="43.0616196956" lon="-95.2958807781" version="1" timestamp="2026-09-02T12:00:00Z" changeset="1" uid="1" user="generator"/>
  <node id="1491" lat="43.0618057078" lon="-95.2960318706" version="1" timestamp="2026-09-02T12:00:00Z" changeset="1" uid="1" user="generator"/>
  <node id="1492" lat="43.0619885430" lon="-95.2961673439" version="1" timestamp="2026-09-02T12:00:00Z" changeset="1" uid="1" user="generator"/>
  <node id="1493" lat="43.0621873892" lon="-95.2963069684" version="1" timestamp="2026-09-02T12:00:00Z" changeset="1" uid="1" user="generator"/>
  <node id="1494" lat="43.0623860194" lon="-95.2964238785" version="1" timestamp="2026-09-02T12:00:00Z" changeset="1" uid="1" user="generator"/>
  <node id="1495" lat="43.0625993286" lon="-95.2965453708" version="1" timestamp="2026-09-02T12:00:00Z" changeset="1" uid="1" user="generator"/>
  <node id="1496" lat="43.0628185688" lon="-95.2966384333" version="1" timestamp="2026-09-02T12:00:00Z" changeset="1" uid="1" user="generator"/>
  <node id="1497" lat="43.0630434970" lon="-95.2967297466" version="1" timestamp="2026-09-02T12:00:00Z" changeset="1" uid="1" user="generator"/>
  <node id="1498" lat="43.0632774613" lon="-95.2967900062" version="1" timestamp="2026-09-02T12:00:00Z" changeset="1" uid="1" user="generator"/>
  <node id="1499" lat="43.0635156555" lon="-95.2968441808" version="1" timestamp="2026-09-02T12:00:00Z" changeset="1" uid="1" user="generator"/>
  <node id="1500" lat="43.0637588808" lon="-95.2968629903" version="1" timestamp="2026-09-02T12:00:00Z" changeset="1" uid="1" user="generator"/>
  <node id="1501" lat="43.0640051120" lon="-95.2968728447" version="1" timestamp="2026-09-02T12:00:00Z" changeset="1" uid="1" user="generator"/>
  <node id="1502" lat="43.0642508573" lon="-95.2968446981" version="1" timestamp="2026-09-02T12:00:00Z" changeset="1" uid="1" user="generator"/>
  <node id="1503" lat="43.0644950455" lon="-95.2968071775" version="1" timestamp="2026-09-02T12:00:00Z" changeset="1" uid="1" user="generator"/>
  <node id="1504" lat="43.0647352737" lon="-95.2967326290" version="1" timestamp="2026-09-02T12:00:00Z" changeset="1" uid="1" user="generator"/>
  <node id="1505" lat="43.0649672220" lon="-95.2966512317" version="1" timestamp="2026-09-02T12:00:00Z" changeset="1" uid="1" user="generator"/>
  <node id="1506" lat="43.0651952822" lon="-95.2965370562" version="1" timestamp="2026-09-02T12:00:00Z" changeset="1" uid="1" user="generator"/>
  <node id="1507" lat="43.0654082314" lon="-95.2964200968" version="1" timestamp="2026-09-02T12:00:00Z" changeset="1" uid="1" user="generator"/>
  <node id="1508" lat="43.0656207666" lon="-95.2962764936" version="1" timestamp="2026-09-02T12:00:00Z" changeset="1" uid="1" user="generator"/>
  <node id="1509" lat="43.0658125208" lon="-95.2961331861" version="1" timestamp="2026-09-02T12:00:00Z" changeset="1" uid="1" user="generator"/>
  <node id="1510" lat="43.0660094500" lon="-95.2959701944" version="1" timestamp="2026-09-02T12:00:00Z" changeset="1" uid="1" user="generator"/>
  <node id="1511" lat="43.0661822502" lon="-95.2958070425" version="1" timestamp="2026-09-02T12:00:00Z" changeset="1" uid="1" user="generator"/>
  <node id="1512" lat="43.0663641674" lon="-95.2956328907" version="1" timestamp="2026-09-02T12:00:00Z" changeset="1" uid="1" user="generator"/>
  <node id="1513" lat="43.0665361935" lon="-95.2954382171" version="1" timestamp="2026-09-02T12:00:00Z" changeset="1" uid="1" user="generator"/>
  <node id="1514" lat="43.0666851437" lon="-95.2952671448" version="1" timestamp="2026-09-02T12:00:00Z" changeset="1" uid="1" user="generator"/>
  <node id="1515" lat="43.0668469458" lon="-95.2950703279" version="1" timestamp="2026-09-02T12:00:00Z" changeset="1" uid="1" user="generator"/>
  <node id="1516" lat="43.0669923950" lon="-95.2948758637" version="1" timestamp="2026-09-02T12:00:00Z" changeset="1" uid="1" user="generator"/>
  <node id="1517" lat="43.0671331821" lon="-95.2946868194" version="1" timestamp="2026-09-02T12:00:00Z" changeset="1" uid="1" user="generator"/>
  <node id="1518" lat="43.0672781723" lon="-95.2944778446" version="1" timestamp="2026-09-02T12:00:00Z" changeset="1" uid="1" user="generator"/>
  <node id="1519" lat="43.0674073494" lon="-95.2942808183" version="1" timestamp="2026-09-02T12:00:00Z" changeset="1" uid="1" user="generator"/>
  <node id="1520" lat="43.0675370575" lon="-95.2940825602" version="1" timestamp="2026-09-02T12:00:00Z" changeset="1" uid="1" user="generator"/>
  <node id="1521" lat="43.0676695107" lon="-95.2938675496" version="1" timestamp="2026-09-02T12:00:00Z" changeset="1" uid="1" user="generator"/>
  <node id="1522" lat="43.0677892378" lon="-95.2936637360" version="1" timestamp="2026-09-02T12:00:00Z" changeset="1" uid="1" user="generator"/>
  <node id="1523" lat="43.0679068859" lon="-95.2934632360" version="1" timestamp="2026-09-02T12:00:00Z" changeset="1" uid="1" user="generator"/>
  <node id="1524" lat="43.0680301770" lon="-95.2932457249" version="1" timestamp="2026-09-02T12:00:00Z" changeset="1" uid="1" user="generator"/>
  <node id="1525" lat="43.0681444411" lon="-95.2930323526" version="1" timestamp="2026-09-02T12:00:00Z" changeset="1" uid="1" user="generator"/>
  <node id="1526" lat="43.0682507763" lon="-95.2928335771" version="1" timestamp="2026-09-02T12:00:00Z" changeset="1" uid="1" user="generator"/>
  <node id="1527" lat="43.0683671824" lon="-95.2926156101" version="1" timestamp="2026-09-02T12:00:00Z" changeset="1" uid="1" user="generator"/>
  <node id="1528" lat="43.0684780805" lon="-95.2923919523" version="1" timestamp="2026-09-02T12:00:00Z" changeset="1" uid="1" user="generator"/>
  <node id="1529" lat="43.0685790966" lon="-95.2921876707" version="1" timestamp="2026-09-02T12:00:00Z" changeset="1" uid="1" user="generator"/>
  <node id="1530" lat="43.0686833347" lon="-95.2919768236" version="1" timestamp="2026-09-02T12:00:00Z" changeset="1" uid="1" user="generator"/>
  <node id="1531" lat="43.0687901918" lon="-95.2917546685" version="1" timestamp="2026-09-02T12:00:00Z" changeset="1" uid="1" user="generator"/>
  <node id="1532" lat="43.0688910009" lon="-95.2915369233" version="1" timestamp="2026-09-02T12:00:00Z" changeset="1" uid="1" user="generator"/>
  <node id="1533" lat="43.0689873100" lon="-95.2913287985" version="1" timestamp="2026-09-02T12:00:00Z" changeset="1" uid="1" user="generator"/>
  <node id="1534" lat="43.0690878491" lon="-95.2911114721" version="1" timestamp="2026-09-02T12:00:00Z" changeset="1" uid="1" user="generator"/>
  <node id="1535" lat="43.0691876862" lon="-95.2908875679" version="1" timestamp="2026-09-02T12:00:00Z" changeset="1" uid="1" user="generator"/>
  <node id="1536" lat="43.0692821413" lon="-95.2906718921" version="1" timestamp="2026-09-02T12:00:00Z" changeset="1" uid="1" user="generator"/>
  <node id="1537" lat="43.0693746704" lon="-95.2904605769" version="1" timestamp="2026-09-02T12:00:00Z" changeset="1" uid="1" user="generator"/>
  <node id="1538" lat="43.0694709705" lon="-95.2902405898" version="1" timestamp="2026-09-02T12:00:00Z" changeset="1" uid="1" user="generator"/>
  <node id="1539" lat="43.0695657766" lon="-95.2900162915" version="1" timestamp="2026-09-02T12:00:00Z" changeset="1" uid="1" user="generator"/>
  <node id="1540" lat="43.0696562177" lon="-95.2898002092" version="1" timestamp="2026-09-02T12:00:00Z" changeset="1" uid="1" user="generator"/>
  <node id="1541" lat="43.0697456867" lon="-95.2895864304" version="1" timestamp="2026-09-02T12:00:00Z" changeset="1" uid="1" user="generator"/>
  <node id="1542" lat="43.0698379098" lon="-95.2893660245" version="1" timestamp="2026-09-02T12:00:00Z" changeset="1" uid="1" user="generator"/>
  <node id="1543" lat="43.0699290799" lon="-95.2891421449" version="1" timestamp="2026-09-02T12:00:00Z" changeset="1" uid="1" user="generator"/>
  <node id="1544" lat="43.0700169560" lon="-95.2889244860" version="1" timestamp="2026-09-02T12:00:00Z" changeset="1" uid="1" user="generator"/>
  <node id="1545" lat="43.0701040131" lon="-95.2887088471" version="1" timestamp="2026-09-02T12:00:00Z" changeset="1" uid="1" user="generator"/>
  <node id="1546" lat="43.0701927172" lon="-95.2884891064" version="1" timestamp="2026-09-02T12:00:00Z" changeset="1" uid="1" user="generator"/>
  <node id="1547" lat="43.0702812233" lon="-95.2882660891" version="1" timestamp="2026-09-02T12:00:00Z" changeset="1" uid="1" user="generator"/>
  <node id="1548" lat="43.0703674074" lon="-95.2880466933" version="1" timestamp="2026-09-02T12:00:00Z" changeset="1" uid="1" user="generator"/>
  <node id="1549" lat="43.0704526465" lon="-95.2878296995" version="1" timestamp="2026-09-02T12:00:00Z" changeset="1" uid="1" user="generator"/>
  <node id="1550" lat="43.0705386055" lon="-95.2876108703" version="1" timestamp="2026-09-02T12:00:00Z" changeset="1" uid="1" user="generator"/>
  <node id="1551" lat="43.0706250866" lon="-95.2873889863" version="1" timestamp="2026-09-02T12:00:00Z" changeset="1" uid="1" user="generator"/>
  <node id="1552" lat="43.0707101007" lon="-95.2871683956" version="1" timestamp="2026-09-02T12:00:00Z" changeset="1" uid="1" user="generator"/>
  <node id="1553" lat="43.0707940798" lon="-95.2869504903" version="1" timestamp="2026-09-02T12:00:00Z" changeset="1" uid="1" user="generator"/>
  <node id="1554" lat="43.0708781759" lon="-95.2867322647" version="1" timestamp="2026-09-02T12:00:00Z" changeset="1" uid="1" user="generator"/>
  <node id="1555" lat="43.0709630820" lon="-95.2865116617" version="1" timestamp="2026-09-02T12:00:00Z" changeset="1" uid="1" user="generator"/>
  <node id="1556" lat="43.0710472050" lon="-95.2862909109" version="1" timestamp="2026-09-02T12:00:00Z" changeset="1" uid="1" user="generator"/>
  <node id="1557" lat="43.0711304551" lon="-95.2860724759" version="1" timestamp="2026-09-02T12:00:00Z" changeset="1" uid="1" user="generator"/>
  <node id="1558" lat="43.0712136962" lon="-95.2858540409" version="1" timestamp="2026-09-02T12:00:00Z" changeset="1" uid="1" user="generator"/>
  <node id="1559" lat="43.0712971803" lon="-95.2856349654" version="1" timestamp="2026-09-02T12:00:00Z" changeset="1" uid="1" user="generator"/>
  <node id="1560" lat="43.0713805564" lon="-95.2854155942" version="1" timestamp="2026-09-02T12:00:00Z" changeset="1" uid="1" user="generator"/>
  <node id="1561" lat="43.0714636355" lon="-95.2851968389" version="1" timestamp="2026-09-02T12:00:00Z" changeset="1" uid="1" user="generator"/>
  <node id="1562" lat="43.0715466515" lon="-95.2849782438" version="1" timestamp="2026-09-02T12:00:00Z" changeset="1" uid="1" user="generator"/>
  <node id="1563" lat="43.0716294966" lon="-95.2847601044" version="1" timestamp="2026-09-02T12:00:00Z" changeset="1" uid="1" user="generator"/>
  <node id="1564" lat="43.0717122697" lon="-95.2845425809" version="1" timestamp="2026-09-02T12:00:00Z" changeset="1" uid="1" user="generator"/>
  <node id="1565" lat="43.0717953578" lon="-95.2843247126" version="1" timestamp="2026-09-02T12:00:00Z" changeset="1" uid="1" user="generator"/>
  <node id="1566" lat="43.0718786529" lon="-95.2841063145" version="1" timestamp="2026-09-02T12:00:00Z" changeset="1" uid="1" user="generator"/>
  <node id="1567" lat="43.0719617950" lon="-95.2838882983" version="1" timestamp="2026-09-02T12:00:00Z" changeset="1" uid="1" user="generator"/>
  <node id="1568" lat="43.0720441270" lon="-95.2836727580" version="1" timestamp="2026-09-02T12:00:00Z" changeset="1" uid="1" user="generator"/>
  <node id="1569" lat="43.0721272691" lon="-95.2834573163" version="1" timestamp="2026-09-02T12:00:00Z" changeset="1" uid="1" user="generator"/>
  <node id="1570" lat="43.0722113382" lon="-95.2832394726" version="1" timestamp="2026-09-02T12:00:00Z" changeset="1" uid="1" user="generator"/>
  <node id="1571" lat="43.0722953983" lon="-95.2830216288" version="1" timestamp="2026-09-02T12:00:00Z" changeset="1" uid="1" user="generator"/>
  <node id="1572" lat="43.0723794674" lon="-95.2828037974" version="1" timestamp="2026-09-02T12:00:00Z" changeset="1" uid="1" user="generator"/>
  <node id="1573" lat="43.0575088155" lon="-95.2878102987" version="1" timestamp="2026-09-02T12:00:00Z" changeset="1" uid="1" user="generator"/>
  <node id="1574" lat="43.0573732034" lon="-95.2876482924" version="1" timestamp="2026-09-02T12:00:00Z" changeset="1" uid="1" user="generator"/>
  <node id="1575" lat="43.0572350082" lon="-95.2874832190" version="1" timestamp="2026-09-02T12:00:00Z" changeset="1" uid="1" user="generator"/>
  <node id="1576" lat="43.0570907021" lon="-95.2873152261" version="1" timestamp="2026-09-02T12:00:00Z" changeset="1" uid="1" user="generator"/>
  <node id="1577" lat="43.0569463599" lon="-95.2871545748" version="1" timestamp="2026-09-02T12:00:00Z" changeset="1" uid="1" user="generator"/>
  <node id="1578" lat="43.0567999388" lon="-95.2869918049" version="1" timestamp="2026-09-02T12:00:00Z" changeset="1" uid="1" user="generator"/>
  <node id="1579" lat="43.0566480186" lon="-95.2868334324" version="1" timestamp="2026-09-02T12:00:00Z" changeset="1" uid="1" user="generator"/>
  <node id="1580" lat="43.0564990505" lon="-95.2866810711" version="1" timestamp="2026-09-02T12:00:00Z" changeset="1" uid="1" user="generator"/>
  <node id="1581" lat="43.0563433323" lon="-95.2865262709" version="1" timestamp="2026-09-02T12:00:00Z" changeset="1" uid="1" user="generator"/>
  <node id="1582" lat="43.0561869932" lon="-95.2863811649" version="1" timestamp="2026-09-02T12:00:00Z" changeset="1" uid="1" user="generator"/>
  <node id="1583" lat="43.0560278730" lon="-95.2862338170" version="1" timestamp="2026-09-02T12:00:00Z" changeset="1" uid="1" user="generator"/>
  <node id="1584" lat="43.0558627139" lon="-95.2860948331" version="1" timestamp="2026-09-02T12:00:00Z" changeset="1" uid="1" user="generator"/>
  <node id="1585" lat="43.0557002187" lon="-95.2859603822" version="1" timestamp="2026-09-02T12:00:00Z" changeset="1" uid="1" user="generator"/>
  <node id="1586" lat="43.0555303525" lon="-95.2858290847" version="1" timestamp="2026-09-02T12:00:00Z" changeset="1" uid="1" user="generator"/>
  <node id="1587" lat="43.0553612874" lon="-95.2857062373" version="1" timestamp="2026-09-02T12:00:00Z" changeset="1" uid="1" user="generator"/>
  <node id="1588" lat="43.0551865612" lon="-95.2855844123" version="1" timestamp="2026-09-02T12:00:00Z" changeset="1" uid="1" user="generator"/>
  <node id="1589" lat="43.0550110430" lon="-95.2854745974" version="1" timestamp="2026-09-02T12:00:00Z" changeset="1" uid="1" user="generator"/>
  <node id="1590" lat="43.0548315558" lon="-95.2853641666" version="1" timestamp="2026-09-02T12:00:00Z" changeset="1" uid="1" user="generator"/>
  <node id="1591" lat="43.0546489816" lon="-95.2852681109" version="1" timestamp="2026-09-02T12:00:00Z" changeset="1" uid="1" user="generator"/>
  <node id="1592" lat="43.0544660205" lon="-95.2851725232" version="1" timestamp="2026-09-02T12:00:00Z" changeset="1" uid="1" user="generator"/>
  <node id="1593" lat="43.0542782983" lon="-95.2850906948" version="1" timestamp="2026-09-02T12:00:00Z" changeset="1" uid="1" user="generator"/>
  <node id="1594" lat="43.0540919261" lon="-95.2850112807" version="1" timestamp="2026-09-02T12:00:00Z" changeset="1" uid="1" user="generator"/>
  <node id="1595" lat="43.0539014049" lon="-95.2849442092" version="1" timestamp="2026-09-02T12:00:00Z" changeset="1" uid="1" user="generator"/>
  <node id="1596" lat="43.0537118197" lon="-95.2848807346" version="1" timestamp="2026-09-02T12:00:00Z" changeset="1" uid="1" user="generator"/>
  <node id="1597" lat="43.0535195975" lon="-95.2848286787" version="1" timestamp="2026-09-02T12:00:00Z" changeset="1" uid="1" user="generator"/>
  <node id="1598" lat="43.0533282483" lon="-95.2847807987" version="1" timestamp="2026-09-02T12:00:00Z" changeset="1" uid="1" user="generator"/>
  <node id="1599" lat="43.0531355041" lon="-95.2847432534" version="1" timestamp="2026-09-02T12:00:00Z" changeset="1" uid="1" user="generator"/>
  <node id="1600" lat="43.0529437949" lon="-95.2847099086" version="1" timestamp="2026-09-02T12:00:00Z" changeset="1" uid="1" user="generator"/>
  <node id="1601" lat="43.0527516178" lon="-95.2846856052" version="1" timestamp="2026-09-02T12:00:00Z" changeset="1" uid="1" user="generator"/>
  <node id="1602" lat="43.0525607456" lon="-95.2846651204" version="1" timestamp="2026-09-02T12:00:00Z" changeset="1" uid="1" user="generator"/>
  <node id="1603" lat="43.0523700534" lon="-95.2846521742" version="1" timestamp="2026-09-02T12:00:00Z" changeset="1" uid="1" user="generator"/>
  <node id="1604" lat="43.0521809272" lon="-95.2846423813" version="1" timestamp="2026-09-02T12:00:00Z" changeset="1" uid="1" user="generator"/>
  <node id="1605" lat="43.0519923590" lon="-95.2846384642" version="1" timestamp="2026-09-02T12:00:00Z" changeset="1" uid="1" user="generator"/>
  <node id="1606" lat="43.0518055818" lon="-95.2846369368" version="1" timestamp="2026-09-02T12:00:00Z" changeset="1" uid="1" user="generator"/>
  <node id="1607" lat="43.0516195426" lon="-95.2846394866" version="1" timestamp="2026-09-02T12:00:00Z" changeset="1" uid="1" user="generator"/>
  <node id="1608" lat="43.0514354564" lon="-95.2846436255" version="1" timestamp="2026-09-02T12:00:00Z" changeset="1" uid="1" user="generator"/>
  <node id="1609" lat="43.0512521623" lon="-95.2846499692" version="1" timestamp="2026-09-02T12:00:00Z" changeset="1" uid="1" user="generator"/>
  <node id="1610" lat="43.0510708841" lon="-95.2846571260" version="1" timestamp="2026-09-02T12:00:00Z" changeset="1" uid="1" user="generator"/>
  <node id="1611" lat="43.0508904069" lon="-95.2846646153" version="1" timestamp="2026-09-02T12:00:00Z" changeset="1" uid="1" user="generator"/>
  <node id="1612" lat="43.0507119727" lon="-95.2846721663" version="1" timestamp="2026-09-02T12:00:00Z" changeset="1" uid="1" user="generator"/>
  <node id="1613" lat="43.0505343125" lon="-95.2846782021" version="1" timestamp="2026-09-02T12:00:00Z" changeset="1" uid="1" user="generator"/>
  <node id="1614" lat="43.0503586864" lon="-95.2846836220" version="1" timestamp="2026-09-02T12:00:00Z" changeset="1" uid="1" user="generator"/>
  <node id="1615" lat="43.0501838522" lon="-95.2846857161" version="1" timestamp="2026-09-02T12:00:00Z" changeset="1" uid="1" user="generator"/>
  <node id="1616" lat="43.0500110250" lon="-95.2846865537" version="1" timestamp="2026-09-02T12:00:00Z" changeset="1" uid="1" user="generator"/>
  <node id="1617" lat="43.0498390438" lon="-95.2846823286" version="1" timestamp="2026-09-02T12:00:00Z" changeset="1" uid="1" user="generator"/>
  <node id="1618" lat="43.0496690247" lon="-95.2846763051" version="1" timestamp="2026-09-02T12:00:00Z" changeset="1" uid="1" user="generator"/>
  <node id="1619" lat="43.0495000135" lon="-95.2846636176" version="1" timestamp="2026-09-02T12:00:00Z" changeset="1" uid="1" user="generator"/>
  <node id="1620" lat="43.0493328473" lon="-95.2846486389" version="1" timestamp="2026-09-02T12:00:00Z" changeset="1" uid="1" user="generator"/>
  <node id="1621" lat="43.0491670042" lon="-95.2846256042" version="1" timestamp="2026-09-02T12:00:00Z" changeset="1" uid="1" user="generator"/>
  <node id="1622" lat="43.0490027450" lon="-95.2845997734" version="1" timestamp="2026-09-02T12:00:00Z" changeset="1" uid="1" user="generator"/>
  <node id="1623" lat="43.0488403218" lon="-95.2845649012" version="1" timestamp="2026-09-02T12:00:00Z" changeset="1" uid="1" user="generator"/>
  <node id="1624" lat="43.0486790237" lon="-95.2845266045" version="1" timestamp="2026-09-02T12:00:00Z" changeset="1" uid="1" user="generator"/>
  <node id="1625" lat="43.0485202725" lon="-95.2844789216" version="1" timestamp="2026-09-02T12:00:00Z" changeset="1" uid="1" user="generator"/>
  <node id="1626" lat="43.0483619894" lon="-95.2844267672" version="1" timestamp="2026-09-02T12:00:00Z" changeset="1" uid="1" user="generator"/>
  <node id="1627" lat="43.0482070902" lon="-95.2843659039" version="1" timestamp="2026-09-02T12:00:00Z" changeset="1" uid="1" user="generator"/>
  <node id="1628" lat="43.0480519301" lon="-95.2842988325" version="1" timestamp="2026-09-02T12:00:00Z" changeset="1" uid="1" user="generator"/>
  <node id="1629" lat="43.0479009009" lon="-95.2842249491" version="1" timestamp="2026-09-02T12:00:00Z" changeset="1" uid="1" user="generator"/>
  <node id="1630" lat="43.0477490437" lon="-95.2841422831" version="1" timestamp="2026-09-02T12:00:00Z" changeset="1" uid="1" user="generator"/>
  <node id="1631" lat="43.0476017046" lon="-95.2840560694" version="1" timestamp="2026-09-02T12:00:00Z" changeset="1" uid="1" user="generator"/>
  <node id="1632" lat="43.0474534655" lon="-95.2839575747" version="1" timestamp="2026-09-02T12:00:00Z" changeset="1" uid="1" user="generator"/>
  <node id="1633" lat="43.0473094203" lon="-95.2838600408" version="1" timestamp="2026-09-02T12:00:00Z" changeset="1" uid="1" user="generator"/>
  <node id="1634" lat="43.0471679222" lon="-95.2837481319" version="1" timestamp="2026-09-02T12:00:00Z" changeset="1" uid="1" user="generator"/>
  <node id="1635" lat="43.0470250290" lon="-95.2836358657" version="1" timestamp="2026-09-02T12:00:00Z" changeset="1" uid="1" user="generator"/>
  <node id="1636" lat="43.0468898759" lon="-95.2835146566" version="1" timestamp="2026-09-02T12:00:00Z" changeset="1" uid="1" user="generator"/>
  <node id="1637" lat="43.0467489177" lon="-95.2833854408" version="1" timestamp="2026-09-02T12:00:00Z" changeset="1" uid="1" user="generator"/>
  <node id="1638" lat="43.0466161406" lon="-95.2832565453" version="1" timestamp="2026-09-02T12:00:00Z" changeset="1" uid="1" user="generator"/>
  <node id="1639" lat="43.0464811585" lon="-95.2831148391" version="1" timestamp="2026-09-02T12:00:00Z" changeset="1" uid="1" user="generator"/>
  <node id="1640" lat="43.0463493893" lon="-95.2829769761" version="1" timestamp="2026-09-02T12:00:00Z" changeset="1" uid="1" user="generator"/>
  <node id="1641" lat="43.0462244962" lon="-95.2828308477" version="1" timestamp="2026-09-02T12:00:00Z" changeset="1" uid="1" user="generator"/>
  <node id="1642" lat="43.0460921421" lon="-95.2826745940" version="1" timestamp="2026-09-02T12:00:00Z" changeset="1" uid="1" user="generator"/>
  <node id="1643" lat="43.0459679870" lon="-95.2825240681" version="1" timestamp="2026-09-02T12:00:00Z" changeset="1" uid="1" user="generator"/>
  <node id="1644" lat="43.0458455958" lon="-95.2823633921" version="1" timestamp="2026-09-02T12:00:00Z" changeset="1" uid="1" user="generator"/>
  <node id="1645" lat="43.0457200457" lon="-95.2821988114" version="1" timestamp="2026-09-02T12:00:00Z" changeset="1" uid="1" user="generator"/>
  <node id="1646" lat="43.0456018036" lon="-95.2820365341" version="1" timestamp="2026-09-02T12:00:00Z" changeset="1" uid="1" user="generator"/>
  <node id="1647" lat="43.0454821395" lon="-95.2818643039" version="1" timestamp="2026-09-02T12:00:00Z" changeset="1" uid="1" user="generator"/>
  <node id="1648" lat="43.0453624934" lon="-95.2816922585" version="1" timestamp="2026-09-02T12:00:00Z" changeset="1" uid="1" user="generator"/>
  <node id="1649" lat="43.0452459702" lon="-95.2815163082" version="1" timestamp="2026-09-02T12:00:00Z" changeset="1" uid="1" user="generator"/>
  <node id="1650" lat="43.0455459945" lon="-95.2811439476" version="1" timestamp="2026-09-02T12:00:00Z" changeset="1" uid="1" user="generator"/>
  <node id="1651" lat="43.0456592417" lon="-95.2813150199" version="1" timestamp="2026-09-02T12:00:00Z" changeset="1" uid="1" user="generator"/>
  <node id="1652" lat="43.0457755668" lon="-95.2814822367" version="1" timestamp="2026-09-02T12:00:00Z" changeset="1" uid="1" user="generator"/>
  <node id="1653" lat="43.0458919189" lon="-95.2816497614" version="1" timestamp="2026-09-02T12:00:00Z" changeset="1" uid="1" user="generator"/>
  <node id="1654" lat="43.0460035460" lon="-95.2818029480" version="1" timestamp="2026-09-02T12:00:00Z" changeset="1" uid="1" user="generator"/>
  <node id="1655" lat="43.0461257931" lon="-95.2819631435" version="1" timestamp="2026-09-02T12:00:00Z" changeset="1" uid="1" user="generator"/>
  <node id="1656" lat="43.0462424872" lon="-95.2821165149" version="1" timestamp="2026-09-02T12:00:00Z" changeset="1" uid="1" user="generator"/>
  <node id="1657" lat="43.0463587764" lon="-95.2822573588" version="1" timestamp="2026-09-02T12:00:00Z" changeset="1" uid="1" user="generator"/>
  <node id="1658" lat="43.0464881785" lon="-95.2824101266" version="1" timestamp="2026-09-02T12:00:00Z" changeset="1" uid="1" user="generator"/>
  <node id="1659" lat="43.0466040446" lon="-95.2825459571" version="1" timestamp="2026-09-02T12:00:00Z" changeset="1" uid="1" user="generator"/>
  <node id="1660" lat="43.0467274797" lon="-95.2826748403" version="1" timestamp="2026-09-02T12:00:00Z" changeset="1" uid="1" user="generator"/>
  <node id="1661" lat="43.0468565309" lon="-95.2828104491" version="1" timestamp="2026-09-02T12:00:00Z" changeset="1" uid="1" user="generator"/>
  <node id="1662" lat="43.0469788590" lon="-95.2829291330" version="1" timestamp="2026-09-02T12:00:00Z" changeset="1" uid="1" user="generator"/>
  <node id="1663" lat="43.0471133821" lon="-95.2830523992" version="1" timestamp="2026-09-02T12:00:00Z" changeset="1" uid="1" user="generator"/>
  <node id="1664" lat="43.0472369252" lon="-95.2831634829" version="1" timestamp="2026-09-02T12:00:00Z" changeset="1" uid="1" user="generator"/>
  <node id="1665" lat="43.0473699994" lon="-95.2832677547" version="1" timestamp="2026-09-02T12:00:00Z" changeset="1" uid="1" user="generator"/>
  <node id="1666" lat="43.0475006255" lon="-95.2833713860" version="1" timestamp="2026-09-02T12:00:00Z" changeset="1" uid="1" user="generator"/>
  <node id="1667" lat="43.0476318276" lon="-95.2834599154" version="1" timestamp="2026-09-02T12:00:00Z" changeset="1" uid="1" user="generator"/>
  <node id="1668" lat="43.0477697528" lon="-95.2835517337" version="1" timestamp="2026-09-02T12:00:00Z" changeset="1" uid="1" user="generator"/>
  <node id="1669" lat="43.0479035739" lon="-95.2836299037" version="1" timestamp="2026-09-02T12:00:00Z" changeset="1" uid="1" user="generator"/>
  <node id="1670" lat="43.0480438660" lon="-95.2837063369" version="1" timestamp="2026-09-02T12:00:00Z" changeset="1" uid="1" user="generator"/>
  <node id="1671" lat="43.0481811252" lon="-95.2837734823" version="1" timestamp="2026-09-02T12:00:00Z" changeset="1" uid="1" user="generator"/>
  <node id="1672" lat="43.0483239283" lon="-95.2838351585" version="1" timestamp="2026-09-02T12:00:00Z" changeset="1" uid="1" user="generator"/>
  <node id="1673" lat="43.0484653185" lon="-95.2838907989" version="1" timestamp="2026-09-02T12:00:00Z" changeset="1" uid="1" user="generator"/>
  <node id="1674" lat="43.0486110646" lon="-95.2839387282" version="1" timestamp="2026-09-02T12:00:00Z" changeset="1" uid="1" user="generator"/>
  <node id="1675" lat="43.0487570718" lon="-95.2839826788" version="1" timestamp="2026-09-02T12:00:00Z" changeset="1" uid="1" user="generator"/>
  <node id="1676" lat="43.0489063459" lon="-95.2840180068" version="1" timestamp="2026-09-02T12:00:00Z" changeset="1" uid="1" user="generator"/>
  <node id="1677" lat="43.0490572581" lon="-95.2840505017" version="1" timestamp="2026-09-02T12:00:00Z" changeset="1" uid="1" user="generator"/>
  <node id="1678" lat="43.0492106002" lon="-95.2840745095" version="1" timestamp="2026-09-02T12:00:00Z" changeset="1" uid="1" user="generator"/>
  <node id="1679" lat="43.0493665434" lon="-95.2840962507" version="1" timestamp="2026-09-02T12:00:00Z" changeset="1" uid="1" user="generator"/>
  <node id="1680" lat="43.0495243765" lon="-95.2841103179" version="1" timestamp="2026-09-02T12:00:00Z" changeset="1" uid="1" user="generator"/>
  <node id="1681" lat="43.0496853597" lon="-95.2841224511" version="1" timestamp="2026-09-02T12:00:00Z" changeset="1" uid="1" user="generator"/>
  <node id="1682" lat="43.0498479358" lon="-95.2841281543" version="1" timestamp="2026-09-02T12:00:00Z" changeset="1" uid="1" user="generator"/>
  <node id="1683" lat="43.0500139320" lon="-95.2841322562" version="1" timestamp="2026-09-02T12:00:00Z" changeset="1" uid="1" user="generator"/>
  <node id="1684" lat="43.0501813862" lon="-95.2841314063" version="1" timestamp="2026-09-02T12:00:00Z" changeset="1" uid="1" user="generator"/>
  <node id="1685" lat="43.0503523594" lon="-95.2841293738" version="1" timestamp="2026-09-02T12:00:00Z" changeset="1" uid="1" user="generator"/>
  <node id="1686" lat="43.0505247365" lon="-95.2841240524" version="1" timestamp="2026-09-02T12:00:00Z" changeset="1" uid="1" user="generator"/>
  <node id="1687" lat="43.0507006777" lon="-95.2841180782" version="1" timestamp="2026-09-02T12:00:00Z" changeset="1" uid="1" user="generator"/>
  <node id="1688" lat="43.0508780049" lon="-95.2841105642" version="1" timestamp="2026-09-02T12:00:00Z" changeset="1" uid="1" user="generator"/>
  <node id="1689" lat="43.0510589141" lon="-95.2841030502" version="1" timestamp="2026-09-02T12:00:00Z" changeset="1" uid="1" user="generator"/>
  <node id="1690" lat="43.0512411912" lon="-95.2840958565" version="1" timestamp="2026-09-02T12:00:00Z" changeset="1" uid="1" user="generator"/>
  <node id="1691" lat="43.0514270054" lon="-95.2840894265" version="1" timestamp="2026-09-02T12:00:00Z" changeset="1" uid="1" user="generator"/>
  <node id="1692" lat="43.0516141876" lon="-95.2840852261" version="1" timestamp="2026-09-02T12:00:00Z" changeset="1" uid="1" user="generator"/>
  <node id="1693" lat="43.0518047628" lon="-95.2840826270" version="1" timestamp="2026-09-02T12:00:00Z" changeset="1" uid="1" user="generator"/>
  <node id="1694" lat="43.0519966160" lon="-95.2840841914" version="1" timestamp="2026-09-02T12:00:00Z" changeset="1" uid="1" user="generator"/>
  <node id="1695" lat="43.0521916462" lon="-95.2840882687" version="1" timestamp="2026-09-02T12:00:00Z" changeset="1" uid="1" user="generator"/>
  <node id="1696" lat="43.0523877114" lon="-95.2840983817" version="1" timestamp="2026-09-02T12:00:00Z" changeset="1" uid="1" user="generator"/>
  <node id="1697" lat="43.0525866206" lon="-95.2841119315" version="1" timestamp="2026-09-02T12:00:00Z" changeset="1" uid="1" user="generator"/>
  <node id="1698" lat="43.0527860608" lon="-95.2841333032" version="1" timestamp="2026-09-02T12:00:00Z" changeset="1" uid="1" user="generator"/>
  <node id="1699" lat="43.0529879580" lon="-95.2841589000" version="1" timestamp="2026-09-02T12:00:00Z" changeset="1" uid="1" user="generator"/>
  <node id="1700" lat="43.0531895402" lon="-95.2841939078" version="1" timestamp="2026-09-02T12:00:00Z" changeset="1" uid="1" user="generator"/>
  <node id="1701" lat="43.0533932194" lon="-95.2842336703" version="1" timestamp="2026-09-02T12:00:00Z" changeset="1" uid="1" user="generator"/>
  <node id="1702" lat="43.0535952966" lon="-95.2842841371" version="1" timestamp="2026-09-02T12:00:00Z" changeset="1" uid="1" user="generator"/>
  <node id="1703" lat="43.0537992728" lon="-95.2843395065" version="1" timestamp="2026-09-02T12:00:00Z" changeset="1" uid="1" user="generator"/>
  <node id="1704" lat="43.0539999370" lon="-95.2844065533" version="1" timestamp="2026-09-02T12:00:00Z" changeset="1" uid="1" user="generator"/>
  <node id="1705" lat="43.0542026082" lon="-95.2844780716" version="1" timestamp="2026-09-02T12:00:00Z" changeset="1" uid="1" user="generator"/>
  <node id="1706" lat="43.0543998974" lon="-95.2845619572" version="1" timestamp="2026-09-02T12:00:00Z" changeset="1" uid="1" user="generator"/>
  <node id="1707" lat="43.0545997426" lon="-95.2846493041" version="1" timestamp="2026-09-02T12:00:00Z" changeset="1" uid="1" user="generator"/>
  <node id="1708" lat="43.0547938638" lon="-95.2847504841" version="1" timestamp="2026-09-02T12:00:00Z" changeset="1" uid="1" user="generator"/>
  <node id="1709" lat="43.0549873010" lon="-95.2848524771" version="1" timestamp="2026-09-02T12:00:00Z" changeset="1" uid="1" user="generator"/>
  <node id="1710" lat="43.0551783442" lon="-95.2849697937" version="1" timestamp="2026-09-02T12:00:00Z" changeset="1" uid="1" user="generator"/>
  <node id="1711" lat="43.0553626914" lon="-95.2850852625" version="1" timestamp="2026-09-02T12:00:00Z" changeset="1" uid="1" user="generator"/>
  <node id="1712" lat="43.0555482445" lon="-95.2852145276" version="1" timestamp="2026-09-02T12:00:00Z" changeset="1" uid="1" user="generator"/>
  <node id="1713" lat="43.0557248697" lon="-95.2853428934" version="1" timestamp="2026-09-02T12:00:00Z" changeset="1" uid="1" user="generator"/>
  <node id="1714" lat="43.0559046269" lon="-95.2854818527" version="1" timestamp="2026-09-02T12:00:00Z" changeset="1" uid="1" user="generator"/>
  <node id="1715" lat="43.0560734761" lon="-95.2856214895" version="1" timestamp="2026-09-02T12:00:00Z" changeset="1" uid="1" user="generator"/>
  <node id="1716" lat="43.0562474642" lon="-95.2857680736" version="1" timestamp="2026-09-02T12:00:00Z" changeset="1" uid="1" user="generator"/>
  <node id="1717" lat="43.0564141804" lon="-95.2859222826" version="1" timestamp="2026-09-02T12:00:00Z" changeset="1" uid="1" user="generator"/>
  <node id="1718" lat="43.0565760096" lon="-95.2860725745" version="1" timestamp="2026-09-02T12:00:00Z" changeset="1" uid="1" user="generator"/>
  <node id="1719" lat="43.0567393327" lon="-95.2862348641" version="1" timestamp="2026-09-02T12:00:00Z" changeset="1" uid="1" user="generator"/>
  <node id="1720" lat="43.0568918829" lon="-95.2863908838" version="1" timestamp="2026-09-02T12:00:00Z" changeset="1" uid="1" user="generator"/>
  <node id="1721" lat="43.0570503461" lon="-95.2865561420" version="1" timestamp="2026-09-02T12:00:00Z" changeset="1" uid="1" user="generator"/>
  <node id="1722" lat="43.0572018162" lon="-95.2867244551" version="1" timestamp="2026-09-02T12:00:00Z" changeset="1" uid="1" user="generator"/>
  <node id="1723" lat="43.0573496593" lon="-95.2868890358" version="1" timestamp="2026-09-02T12:00:00Z" changeset="1" uid="1" user="generator"/>
  <node id="1724" lat="43.0574993925" lon="-95.2870633108" version="1" timestamp="2026-09-02T12:00:00Z" changeset="1" uid="1" user="generator"/>
  <node id="1725" lat="43.0576395316" lon="-95.2872307001" version="1" timestamp="2026-09-02T12:00:00Z" changeset="1" uid="1" user="generator"/>
  <node id="1726" lat="43.0577751438" lon="-95.2873927063" version="1" timestamp="2026-09-02T12:00:00Z" changeset="1" uid="1" user="generator"/>
  <node id="1727" lat="43.0567986068" lon="-95.2889239070" version="1" timestamp="2026-09-02T12:00:00Z" changeset="1" uid="1" user="generator"/>
  <node id="1728" lat="43.0566630037" lon="-95.2887619008" version="1" timestamp="2026-09-02T12:00:00Z" changeset="1" uid="1" user="generator"/>
  <node id="1729" lat="43.0565299835" lon="-95.2886029617" version="1" timestamp="2026-09-02T12:00:00Z" changeset="1" uid="1" user="generator"/>
  <node id="1730" lat="43.0564001314" lon="-95.2884517336" version="1" timestamp="2026-09-02T12:00:00Z" changeset="1" uid="1" user="generator"/>
  <node id="1731" lat="43.0562651223" lon="-95.2883015896" version="1" timestamp="2026-09-02T12:00:00Z" changeset="1" uid="1" user="generator"/>
  <node id="1732" lat="43.0561321921" lon="-95.2881535642" version="1" timestamp="2026-09-02T12:00:00Z" changeset="1" uid="1" user="generator"/>
  <node id="1733" lat="43.0559976960" lon="-95.2880135702" version="1" timestamp="2026-09-02T12:00:00Z" changeset="1" uid="1" user="generator"/>
  <node id="1734" lat="43.0558582949" lon="-95.2878709648" version="1" timestamp="2026-09-02T12:00:00Z" changeset="1" uid="1" user="generator"/>
  <node id="1735" lat="43.0557228627" lon="-95.2877361444" version="1" timestamp="2026-09-02T12:00:00Z" changeset="1" uid="1" user="generator"/>
  <node id="1736" lat="43.0555811756" lon="-95.2876048715" version="1" timestamp="2026-09-02T12:00:00Z" changeset="1" uid="1" user="generator"/>
  <node id="1737" lat="43.0554422694" lon="-95.2874758282" version="1" timestamp="2026-09-02T12:00:00Z" changeset="1" uid="1" user="generator"/>
  <node id="1738" lat="43.0553006813" lon="-95.2873570581" version="1" timestamp="2026-09-02T12:00:00Z" changeset="1" uid="1" user="generator"/>
  <node id="1739" lat="43.0551551422" lon="-95.2872364772" version="1" timestamp="2026-09-02T12:00:00Z" changeset="1" uid="1" user="generator"/>
  <node id="1740" lat="43.0550116550" lon="-95.2871256029" version="1" timestamp="2026-09-02T12:00:00Z" changeset="1" uid="1" user="generator"/>
  <node id="1741" lat="43.0548627319" lon="-95.2870174756" version="1" timestamp="2026-09-02T12:00:00Z" changeset="1" uid="1" user="generator"/>
  <node id="1742" lat="43.0547168867" lon="-95.2869154702" version="1" timestamp="2026-09-02T12:00:00Z" changeset="1" uid="1" user="generator"/>
  <node id="1743" lat="43.0545648946" lon="-95.2868207449" version="1" timestamp="2026-09-02T12:00:00Z" changeset="1" uid="1" user="generator"/>
  <node id="1744" lat="43.0544162414" lon="-95.2867286555" version="1" timestamp="2026-09-02T12:00:00Z" changeset="1" uid="1" user="generator"/>
  <node id="1745" lat="43.0542626383" lon="-95.2866484531" version="1" timestamp="2026-09-02T12:00:00Z" changeset="1" uid="1" user="generator"/>
  <node id="1746" lat="43.0541094221" lon="-95.2865677825" version="1" timestamp="2026-09-02T12:00:00Z" changeset="1" uid="1" user="generator"/>
  <node id="1747" lat="43.0539540370" lon="-95.2865006618" version="1" timestamp="2026-09-02T12:00:00Z" changeset="1" uid="1" user="generator"/>
  <node id="1748" lat="43.0537967798" lon="-95.2864331715" version="1" timestamp="2026-09-02T12:00:00Z" changeset="1" uid="1" user="generator"/>
  <node id="1749" lat="43.0536386676" lon="-95.2863779622" version="1" timestamp="2026-09-02T12:00:00Z" changeset="1" uid="1" user="generator"/>
  <node id="1750" lat="43.0534786205" lon="-95.2863240217" version="1" timestamp="2026-09-02T12:00:00Z" changeset="1" uid="1" user="generator"/>
  <node id="1751" lat="43.0533177453" lon="-95.2862807979" version="1" timestamp="2026-09-02T12:00:00Z" changeset="1" uid="1" user="generator"/>
  <node id="1752" lat="43.0531549982" lon="-95.2862398159" version="1" timestamp="2026-09-02T12:00:00Z" changeset="1" uid="1" user="generator"/>
  <node id="1753" lat="43.0529914140" lon="-95.2862082079" version="1" timestamp="2026-09-02T12:00:00Z" changeset="1" uid="1" user="generator"/>
  <node id="1754" lat="43.0528260118" lon="-95.2861792483" version="1" timestamp="2026-09-02T12:00:00Z" changeset="1" uid="1" user="generator"/>
  <node id="1755" lat="43.0526597817" lon="-95.2861584186" version="1" timestamp="2026-09-02T12:00:00Z" changeset="1" uid="1" user="generator"/>
  <node id="1756" lat="43.0524917605" lon="-95.2861402495" version="1" timestamp="2026-09-02T12:00:00Z" changeset="1" uid="1" user="generator"/>
  <node id="1757" lat="43.0523229563" lon="-95.2861289170" version="1" timestamp="2026-09-02T12:00:00Z" changeset="1" uid="1" user="generator"/>
  <node id="1758" lat="43.0521523432" lon="-95.2861200234" version="1" timestamp="2026-09-02T12:00:00Z" changeset="1" uid="1" user="generator"/>
  <node id="1759" lat="43.0519809920" lon="-95.2861165497" version="1" timestamp="2026-09-02T12:00:00Z" changeset="1" uid="1" user="generator"/>
  <node id="1760" lat="43.0518077688" lon="-95.2861150962" version="1" timestamp="2026-09-02T12:00:00Z" changeset="1" uid="1" user="generator"/>
  <node id="1761" lat="43.0516338436" lon="-95.2861175105" version="1" timestamp="2026-09-02T12:00:00Z" changeset="1" uid="1" user="generator"/>
  <node id="1762" lat="43.0514579835" lon="-95.2861214646" version="1" timestamp="2026-09-02T12:00:00Z" changeset="1" uid="1" user="generator"/>
  <node id="1763" lat="43.0512813943" lon="-95.2861275866" version="1" timestamp="2026-09-02T12:00:00Z" changeset="1" uid="1" user="generator"/>
  <node id="1764" lat="43.0511028161" lon="-95.2861346325" version="1" timestamp="2026-09-02T12:00:00Z" changeset="1" uid="1" user="generator"/>
  <node id="1765" lat="43.0509234639" lon="-95.2861420849" version="1" timestamp="2026-09-02T12:00:00Z" changeset="1" uid="1" user="generator"/>
  <node id="1766" lat="43.0507420687" lon="-95.2861497590" version="1" timestamp="2026-09-02T12:00:00Z" changeset="1" uid="1" user="generator"/>
  <node id="1767" lat="43.0505598456" lon="-95.2861559550" version="1" timestamp="2026-09-02T12:00:00Z" changeset="1" uid="1" user="generator"/>
  <node id="1768" lat="43.0503755614" lon="-95.2861615966" version="1" timestamp="2026-09-02T12:00:00Z" changeset="1" uid="1" user="generator"/>
  <node id="1769" lat="43.0501904222" lon="-95.2861638385" version="1" timestamp="2026-09-02T12:00:00Z" changeset="1" uid="1" user="generator"/>
  <node id="1770" lat="43.0500032490" lon="-95.2861646761" version="1" timestamp="2026-09-02T12:00:00Z" changeset="1" uid="1" user="generator"/>
  <node id="1771" lat="43.0498153198" lon="-95.2861601308" version="1" timestamp="2026-09-02T12:00:00Z" changeset="1" uid="1" user="generator"/>
  <node id="1772" lat="43.0496254646" lon="-95.2861532697" version="1" timestamp="2026-09-02T12:00:00Z" changeset="1" uid="1" user="generator"/>
  <node id="1773" lat="43.0494350604" lon="-95.2861391040" version="1" timestamp="2026-09-02T12:00:00Z" changeset="1" uid="1" user="generator"/>
  <node id="1774" lat="43.0492430092" lon="-95.2861216740" version="1" timestamp="2026-09-02T12:00:00Z" changeset="1" uid="1" user="generator"/>
  <node id="1775" lat="43.0490507601" lon="-95.2860951657" version="1" timestamp="2026-09-02T12:00:00Z" changeset="1" uid="1" user="generator"/>
  <node id="1776" lat="43.0488573949" lon="-95.2860644816" version="1" timestamp="2026-09-02T12:00:00Z" changeset="1" uid="1" user="generator"/>
  <node id="1777" lat="43.0486642637" lon="-95.2860232902" version="1" timestamp="2026-09-02T12:00:00Z" changeset="1" uid="1" user="generator"/>
  <node id="1778" lat="43.0484708985" lon="-95.2859770484" version="1" timestamp="2026-09-02T12:00:00Z" changeset="1" uid="1" user="generator"/>
  <node id="1779" lat="43.0482781363" lon="-95.2859194618" version="1" timestamp="2026-09-02T12:00:00Z" changeset="1" uid="1" user="generator"/>
  <node id="1780" lat="43.0480864631" lon="-95.2858560118" version="1" timestamp="2026-09-02T12:00:00Z" changeset="1" uid="1" user="generator"/>
  <node id="1781" lat="43.0478955009" lon="-95.2857812046" version="1" timestamp="2026-09-02T12:00:00Z" changeset="1" uid="1" user="generator"/>
  <node id="1782" lat="43.0477074007" lon="-95.2856997580" version="1" timestamp="2026-09-02T12:00:00Z" changeset="1" uid="1" user="generator"/>
  <node id="1783" lat="43.0475196425" lon="-95.2856079520" version="1" timestamp="2026-09-02T12:00:00Z" changeset="1" uid="1" user="generator"/>
  <node id="1784" lat="43.0473369603" lon="-95.2855086074" version="1" timestamp="2026-09-02T12:00:00Z" changeset="1" uid="1" user="generator"/>
  <node id="1785" lat="43.0471535672" lon="-95.2854009851" version="1" timestamp="2026-09-02T12:00:00Z" changeset="1" uid="1" user="generator"/>
  <node id="1786" lat="43.0469778240" lon="-95.2852846539" version="1" timestamp="2026-09-02T12:00:00Z" changeset="1" uid="1" user="generator"/>
  <node id="1787" lat="43.0467995428" lon="-95.2851630876" version="1" timestamp="2026-09-02T12:00:00Z" changeset="1" uid="1" user="generator"/>
  <node id="1788" lat="43.0466290556" lon="-95.2850291541" version="1" timestamp="2026-09-02T12:00:00Z" changeset="1" uid="1" user="generator"/>
  <node id="1789" lat="43.0464599635" lon="-95.2848955654" version="1" timestamp="2026-09-02T12:00:00Z" changeset="1" uid="1" user="generator"/>
  <node id="1790" lat="43.0462938593" lon="-95.2847473307" version="1" timestamp="2026-09-02T12:00:00Z" changeset="1" uid="1" user="generator"/>
  <node id="1791" lat="43.0461357471" lon="-95.2846022616" version="1" timestamp="2026-09-02T12:00:00Z" changeset="1" uid="1" user="generator"/>
  <node id="1792" lat="43.0459750880" lon="-95.2844461434" version="1" timestamp="2026-09-02T12:00:00Z" changeset="1" uid="1" user="generator"/>
  <node id="1793" lat="43.0458243018" lon="-95.2842881774" version="1" timestamp="2026-09-02T12:00:00Z" changeset="1" uid="1" user="generator"/>
  <node id="1794" lat="43.0456703117" lon="-95.2841263682" version="1" timestamp="2026-09-02T12:00:00Z" changeset="1" uid="1" user="generator"/>
  <node id="1795" lat="43.0455213345" lon="-95.2839527953" version="1" timestamp="2026-09-02T12:00:00Z" changeset="1" uid="1" user="generator"/>
  <node id="1796" lat="43.0453811144" lon="-95.2837872169" version="1" timestamp="2026-09-02T12:00:00Z" changeset="1" uid="1" user="generator"/>
  <node id="1797" lat="43.0452359802" lon="-95.2836109094" version="1" timestamp="2026-09-02T12:00:00Z" changeset="1" uid="1" user="generator"/>
  <node id="1798" lat="43.0450984241" lon="-95.2834307094" version="1" timestamp="2026-09-02T12:00:00Z" changeset="1" uid="1" user="generator"/>
  <node id="1799" lat="43.0449640450" lon="-95.2832544266" version="1" timestamp="2026-09-02T12:00:00Z" changeset="1" uid="1" user="generator"/>
  <node id="1800" lat="43.0448281448" lon="-95.2830679075" version="1" timestamp="2026-09-02T12:00:00Z" changeset="1" uid="1" user="generator"/>
  <node id="1801" lat="43.0446996697" lon="-95.2828831499" version="1" timestamp="2026-09-02T12:00:00Z" changeset="1" uid="1" user="generator"/>
  <node id="1802" lat="43.0445711766" lon="-95.2826982199" version="1" timestamp="2026-09-02T12:00:00Z" changeset="1" uid="1" user="generator"/>
  <node id="1803" lat="43.0444459234" lon="-95.2825092495" version="1" timestamp="2026-09-02T12:00:00Z" changeset="1" uid="1" user="generator"/>
  <node id="1804" lat="43.0441459081" lon="-95.2828815979" version="1" timestamp="2026-09-02T12:00:00Z" changeset="1" uid="1" user="generator"/>
  <node id="1805" lat="43.0442744373" lon="-95.2830754585" version="1" timestamp="2026-09-02T12:00:00Z" changeset="1" uid="1" user="generator"/>
  <node id="1806" lat="43.0444062424" lon="-95.2832652172" version="1" timestamp="2026-09-02T12:00:00Z" changeset="1" uid="1" user="generator"/>
  <node id="1807" lat="43.0445380205" lon="-95.2834546679" version="1" timestamp="2026-09-02T12:00:00Z" changeset="1" uid="1" user="generator"/>
  <node id="1808" lat="43.0446805447" lon="-95.2836502777" version="1" timestamp="2026-09-02T12:00:00Z" changeset="1" uid="1" user="generator"/>
  <node id="1809" lat="43.0448182358" lon="-95.2838309581" version="1" timestamp="2026-09-02T12:00:00Z" changeset="1" uid="1" user="generator"/>
  <node id="1810" lat="43.0449614800" lon="-95.2840184749" version="1" timestamp="2026-09-02T12:00:00Z" changeset="1" uid="1" user="generator"/>
  <node id="1811" lat="43.0451144801" lon="-95.2842044397" version="1" timestamp="2026-09-02T12:00:00Z" changeset="1" uid="1" user="generator"/>
  <node id="1812" lat="43.0452576523" lon="-95.2843735288" version="1" timestamp="2026-09-02T12:00:00Z" changeset="1" uid="1" user="generator"/>
  <node id="1813" lat="43.0454156474" lon="-95.2845573872" version="1" timestamp="2026-09-02T12:00:00Z" changeset="1" uid="1" user="generator"/>
  <node id="1814" lat="43.0455779806" lon="-95.2847281762" version="1" timestamp="2026-09-02T12:00:00Z" changeset="1" uid="1" user="generator"/>
  <node id="1815" lat="43.0457346887" lon="-95.2848922396" version="1" timestamp="2026-09-02T12:00:00Z" changeset="1" uid="1" user="generator"/>
  <node id="1816" lat="43.0459058059" lon="-95.2850585694" version="1" timestamp="2026-09-02T12:00:00Z" changeset="1" uid="1" user="generator"/>
  <node id="1817" lat="43.0460703531" lon="-95.2852095881" version="1" timestamp="2026-09-02T12:00:00Z" changeset="1" uid="1" user="generator"/>
  <node id="1818" lat="43.0462480672" lon="-95.2853679605" version="1" timestamp="2026-09-02T12:00:00Z" changeset="1" uid="1" user="generator"/>
  <node id="1819" lat="43.0464269784" lon="-95.2855095312" version="1" timestamp="2026-09-02T12:00:00Z" changeset="1" uid="1" user="generator"/>
  <node id="1820" lat="43.0466083376" lon="-95.2856517425" version="1" timestamp="2026-09-02T12:00:00Z" changeset="1" uid="1" user="generator"/>
  <node id="1821" lat="43.0467994618" lon="-95.2857823132" version="1" timestamp="2026-09-02T12:00:00Z" changeset="1" uid="1" user="generator"/>
  <node id="1822" lat="43.0469855190" lon="-95.2859053207" version="1" timestamp="2026-09-02T12:00:00Z" changeset="1" uid="1" user="generator"/>
  <node id="1823" lat="43.0471824392" lon="-95.2860209867" version="1" timestamp="2026-09-02T12:00:00Z" changeset="1" uid="1" user="generator"/>
  <node id="1824" lat="43.0473766774" lon="-95.2861265766" version="1" timestamp="2026-09-02T12:00:00Z" changeset="1" uid="1" user="generator"/>
  <node id="1825" lat="43.0475782056" lon="-95.2862251082" version="1" timestamp="2026-09-02T12:00:00Z" changeset="1" uid="1" user="generator"/>
  <node id="1826" lat="43.0477786538" lon="-95.2863119501" version="1" timestamp="2026-09-02T12:00:00Z" changeset="1" uid="1" user="generator"/>
  <node id="1827" lat="43.0479831430" lon="-95.2863919801" version="1" timestamp="2026-09-02T12:00:00Z" changeset="1" uid="1" user="generator"/>
  <node id="1828" lat="43.0481873442" lon="-95.2864596552" version="1" timestamp="2026-09-02T12:00:00Z" changeset="1" uid="1" user="generator"/>
  <node id="1829" lat="43.0483928594" lon="-95.2865209741" version="1" timestamp="2026-09-02T12:00:00Z" changeset="1" uid="1" user="generator"/>
  <node id="1830" lat="43.0485982486" lon="-95.2865701845" version="1" timestamp="2026-09-02T12:00:00Z" changeset="1" uid="1" user="generator"/>
  <node id="1831" lat="43.0488028908" lon="-95.2866137533" version="1" timestamp="2026-09-02T12:00:00Z" changeset="1" uid="1" user="generator"/>
  <node id="1832" lat="43.0490071730" lon="-95.2866462605" version="1" timestamp="2026-09-02T12:00:00Z" changeset="1" uid="1" user="generator"/>
  <node id="1833" lat="43.0492093132" lon="-95.2866740622" version="1" timestamp="2026-09-02T12:00:00Z" changeset="1" uid="1" user="generator"/>
  <node id="1834" lat="43.0494106974" lon="-95.2866924160" version="1" timestamp="2026-09-02T12:00:00Z" changeset="1" uid="1" user="generator"/>
  <node id="1835" lat="43.0496091206" lon="-95.2867071237" version="1" timestamp="2026-09-02T12:00:00Z" changeset="1" uid="1" user="generator"/>
  <node id="1836" lat="43.0498064278" lon="-95.2867143051" version="1" timestamp="2026-09-02T12:00:00Z" changeset="1" uid="1" user="generator"/>
  <node id="1837" lat="43.0500003420" lon="-95.2867189613" version="1" timestamp="2026-09-02T12:00:00Z" changeset="1" uid="1" user="generator"/>
  <node id="1838" lat="43.0501928882" lon="-95.2867181483" version="1" timestamp="2026-09-02T12:00:00Z" changeset="1" uid="1" user="generator"/>
  <node id="1839" lat="43.0503818884" lon="-95.2867158448" version="1" timestamp="2026-09-02T12:00:00Z" changeset="1" uid="1" user="generator"/>
  <node id="1840" lat="43.0505694216" lon="-95.2867101046" version="1" timestamp="2026-09-02T12:00:00Z" changeset="1" uid="1" user="generator"/>
  <node id="1841" lat="43.0507533638" lon="-95.2867038471" version="1" timestamp="2026-09-02T12:00:00Z" changeset="1" uid="1" user="generator"/>
  <node id="1842" lat="43.0509358659" lon="-95.2866961360" version="1" timestamp="2026-09-02T12:00:00Z" changeset="1" uid="1" user="generator"/>
  <node id="1843" lat="43.0511147951" lon="-95.2866887083" version="1" timestamp="2026-09-02T12:00:00Z" changeset="1" uid="1" user="generator"/>
  <node id="1844" lat="43.0512923563" lon="-95.2866816870" version="1" timestamp="2026-09-02T12:00:00Z" changeset="1" uid="1" user="generator"/>
  <node id="1845" lat="43.0514664255" lon="-95.2866756512" version="1" timestamp="2026-09-02T12:00:00Z" changeset="1" uid="1" user="generator"/>
  <node id="1846" lat="43.0516391986" lon="-95.2866717710" version="1" timestamp="2026-09-02T12:00:00Z" changeset="1" uid="1" user="generator"/>
  <node id="1847" lat="43.0518085878" lon="-95.2866694060" version="1" timestamp="2026-09-02T12:00:00Z" changeset="1" uid="1" user="generator"/>
  <node id="1848" lat="43.0519767260" lon="-95.2866708225" version="1" timestamp="2026-09-02T12:00:00Z" changeset="1" uid="1" user="generator"/>
  <node id="1849" lat="43.0521416151" lon="-95.2866741361" version="1" timestamp="2026-09-02T12:00:00Z" changeset="1" uid="1" user="generator"/>
  <node id="1850" lat="43.0523052983" lon="-95.2866827094" version="1" timestamp="2026-09-02T12:00:00Z" changeset="1" uid="1" user="generator"/>
  <node id="1851" lat="43.0524658945" lon="-95.2866934384" version="1" timestamp="2026-09-02T12:00:00Z" changeset="1" uid="1" user="generator"/>
  <node id="1852" lat="43.0526253386" lon="-95.2867107205" version="1" timestamp="2026-09-02T12:00:00Z" changeset="1" uid="1" user="generator"/>
  <node id="1853" lat="43.0527818488" lon="-95.2867302569" version="1" timestamp="2026-09-02T12:00:00Z" changeset="1" uid="1" user="generator"/>
  <node id="1854" lat="43.0529373779" lon="-95.2867575536" version="1" timestamp="2026-09-02T12:00:00Z" changeset="1" uid="1" user="generator"/>
  <node id="1855" lat="43.0530900361" lon="-95.2867869443" version="1" timestamp="2026-09-02T12:00:00Z" changeset="1" uid="1" user="generator"/>
  <node id="1856" lat="43.0532420552" lon="-95.2868253395" version="1" timestamp="2026-09-02T12:00:00Z" changeset="1" uid="1" user="generator"/>
  <node id="1857" lat="43.0533911674" lon="-95.2868652621" version="1" timestamp="2026-09-02T12:00:00Z" changeset="1" uid="1" user="generator"/>
  <node id="1858" lat="43.0535401355" lon="-95.2869156181" version="1" timestamp="2026-09-02T12:00:00Z" changeset="1" uid="1" user="generator"/>
  <node id="1859" lat="43.0536860977" lon="-95.2869663805" version="1" timestamp="2026-09-02T12:00:00Z" changeset="1" uid="1" user="generator"/>
  <node id="1860" lat="43.0538324378" lon="-95.2870293994" version="1" timestamp="2026-09-02T12:00:00Z" changeset="1" uid="1" user="generator"/>
  <node id="1861" lat="43.0539757000" lon="-95.2870910140" version="1" timestamp="2026-09-02T12:00:00Z" changeset="1" uid="1" user="generator"/>
  <node id="1862" lat="43.0541177561" lon="-95.2871660799" version="1" timestamp="2026-09-02T12:00:00Z" changeset="1" uid="1" user="generator"/>
  <node id="1863" lat="43.0542604963" lon="-95.2872403450" version="1" timestamp="2026-09-02T12:00:00Z" changeset="1" uid="1" user="generator"/>
  <node id="1864" lat="43.0543975934" lon="-95.2873255486" version="1" timestamp="2026-09-02T12:00:00Z" changeset="1" uid="1" user="generator"/>
  <node id="1865" lat="43.0545407565" lon="-95.2874146200" version="1" timestamp="2026-09-02T12:00:00Z" changeset="1" uid="1" user="generator"/>
  <node id="1866" lat="43.0546757747" lon="-95.2875091853" version="1" timestamp="2026-09-02T12:00:00Z" changeset="1" uid="1" user="generator"/>
  <node id="1867" lat="43.0548171468" lon="-95.2876117942" version="1" timestamp="2026-09-02T12:00:00Z" changeset="1" uid="1" user="generator"/>
  <node id="1868" lat="43.0549507430" lon="-95.2877150067" version="1" timestamp="2026-09-02T12:00:00Z" changeset="1" uid="1" user="generator"/>
  <node id="1869" lat="43.0550899101" lon="-95.2878303893" version="1" timestamp="2026-09-02T12:00:00Z" changeset="1" uid="1" user="generator"/>
  <node id="1870" lat="43.0552226782" lon="-95.2879415839" version="1" timestamp="2026-09-02T12:00:00Z" changeset="1" uid="1" user="generator"/>
  <node id="1871" lat="43.0553539884" lon="-95.2880637537" version="1" timestamp="2026-09-02T12:00:00Z" changeset="1" uid="1" user="generator"/>
  <node id="1872" lat="43.0554901855" lon="-95.2881898531" version="1" timestamp="2026-09-02T12:00:00Z" changeset="1" uid="1" user="generator"/>
  <node id="1873" lat="43.0556180126" lon="-95.2883171842" version="1" timestamp="2026-09-02T12:00:00Z" changeset="1" uid="1" user="generator"/>
  <node id="1874" lat="43.0557538228" lon="-95.2884561188" version="1" timestamp="2026-09-02T12:00:00Z" changeset="1" uid="1" user="generator"/>
  <node id="1875" lat="43.0558817849" lon="-95.2885892271" version="1" timestamp="2026-09-02T12:00:00Z" changeset="1" uid="1" user="generator"/>
  <node id="1876" lat="43.0560096660" lon="-95.2887317093" version="1" timestamp="2026-09-02T12:00:00Z" changeset="1" uid="1" user="generator"/>
  <node id="1877" lat="43.0561411741" lon="-95.2888779239" version="1" timestamp="2026-09-02T12:00:00Z" changeset="1" uid="1" user="generator"/>
  <node id="1878" lat="43.0562655993" lon="-95.2890228698" version="1" timestamp="2026-09-02T12:00:00Z" changeset="1" uid="1" user="generator"/>
  <node id="1879" lat="43.0563966754" lon="-95.2891794931" version="1" timestamp="2026-09-02T12:00:00Z" changeset="1" uid="1" user="generator"/>
  <node id="1880" lat="43.0565322785" lon="-95.2893414994" version="1" timestamp="2026-09-02T12:00:00Z" changeset="1" uid="1" user="generator"/>
  <node id="1881" lat="43.0430443340" lon="-95.2774587853" version="1" timestamp="2026-09-02T12:00:00Z" changeset="1" uid="1" user="generator"/>
  <node id="1882" lat="43.0429454959" lon="-95.2772529023" version="1" timestamp="2026-09-02T12:00:00Z" changeset="1" uid="1" user="generator"/>
  <node id="1883" lat="43.0428478818" lon="-95.2770495445" version="1" timestamp="2026-09-02T12:00:00Z" changeset="1" uid="1" user="generator"/>
  <node id="1884" lat="43.0427514918" lon="-95.2768450905" version="1" timestamp="2026-09-02T12:00:00Z" changeset="1" uid="1" user="generator"/>
  <node id="1885" lat="43.0426538957" lon="-95.2766380866" version="1" timestamp="2026-09-02T12:00:00Z" changeset="1" uid="1" user="generator"/>
  <node id="1886" lat="43.0425565066" lon="-95.2764315138" version="1" timestamp="2026-09-02T12:00:00Z" changeset="1" uid="1" user="generator"/>
  <node id="1887" lat="43.0424597655" lon="-95.2762256924" version="1" timestamp="2026-09-02T12:00:00Z" changeset="1" uid="1" user="generator"/>
  <node id="1888" lat="43.0423632674" lon="-95.2760190457" version="1" timestamp="2026-09-02T12:00:00Z" changeset="1" uid="1" user="generator"/>
  <node id="1889" lat="43.0422663373" lon="-95.2758114505" version="1" timestamp="2026-09-02T12:00:00Z" changeset="1" uid="1" user="generator"/>
  <node id="1890" lat="43.0421694612" lon="-95.2756039662" version="1" timestamp="2026-09-02T12:00:00Z" changeset="1" uid="1" user="generator"/>
  <node id="1891" lat="43.0420726661" lon="-95.2753965066" version="1" timestamp="2026-09-02T12:00:00Z" changeset="1" uid="1" user="generator"/>
  <node id="1892" lat="43.0419758620" lon="-95.2751889114" version="1" timestamp="2026-09-02T12:00:00Z" changeset="1" uid="1" user="generator"/>
  <node id="1893" lat="43.0418790129" lon="-95.2749812546" version="1" timestamp="2026-09-02T12:00:00Z" changeset="1" uid="1" user="generator"/>
  <node id="1894" lat="43.0417817408" lon="-95.2747726617" version="1" timestamp="2026-09-02T12:00:00Z" changeset="1" uid="1" user="generator"/>
  <node id="1895" lat="43.0416839557" lon="-95.2745643398" version="1" timestamp="2026-09-02T12:00:00Z" changeset="1" uid="1" user="generator"/>
  <node id="1896" lat="43.0415865486" lon="-95.2743570033" version="1" timestamp="2026-09-02T12:00:00Z" changeset="1" uid="1" user="generator"/>
  <node id="1897" lat="43.0414889885" lon="-95.2741493465" version="1" timestamp="2026-09-02T12:00:00Z" changeset="1" uid="1" user="generator"/>
  <node id="1898" lat="43.0413903214" lon="-95.2739399899" version="1" timestamp="2026-09-02T12:00:00Z" changeset="1" uid="1" user="generator"/>
  <node id="1899" lat="43.0412909433" lon="-95.2737318897" version="1" timestamp="2026-09-02T12:00:00Z" changeset="1" uid="1" user="generator"/>
  <node id="1900" lat="43.0411924562" lon="-95.2735256741" version="1" timestamp="2026-09-02T12:00:00Z" changeset="1" uid="1" user="generator"/>
  <node id="1901" lat="43.0410930331" lon="-95.2733175000" version="1" timestamp="2026-09-02T12:00:00Z" changeset="1" uid="1" user="generator"/>
  <node id="1902" lat="43.0409918100" lon="-95.2731084636" version="1" timestamp="2026-09-02T12:00:00Z" changeset="1" uid="1" user="generator"/>
  <node id="1903" lat="43.0408906949" lon="-95.2729021618" version="1" timestamp="2026-09-02T12:00:00Z" changeset="1" uid="1" user="generator"/>
  <node id="1904" lat="43.0407904168" lon="-95.2726975723" version="1" timestamp="2026-09-02T12:00:00Z" changeset="1" uid="1" user="generator"/>
  <node id="1905" lat="43.0406877357" lon="-95.2724881294" version="1" timestamp="2026-09-02T12:00:00Z" changeset="1" uid="1" user="generator"/>
  <node id="1906" lat="43.0405825166" lon="-95.2722806204" version="1" timestamp="2026-09-02T12:00:00Z" changeset="1" uid="1" user="generator"/>
  <node id="1907" lat="43.0404795925" lon="-95.2720780756" version="1" timestamp="2026-09-02T12:00:00Z" changeset="1" uid="1" user="generator"/>
  <node id="1908" lat="43.0403752824" lon="-95.2718728455" version="1" timestamp="2026-09-02T12:00:00Z" changeset="1" uid="1" user="generator"/>
  <node id="1909" lat="43.0402675613" lon="-95.2716652750" version="1" timestamp="2026-09-02T12:00:00Z" changeset="1" uid="1" user="generator"/>
  <node id="1910" lat="43.0401595252" lon="-95.2714624838" version="1" timestamp="2026-09-02T12:00:00Z" changeset="1" uid="1" user="generator"/>
  <node id="1911" lat="43.0400532531" lon="-95.2712630309" version="1" timestamp="2026-09-02T12:00:00Z" changeset="1" uid="1" user="generator"/>
  <node id="1912" lat="43.0399423909" lon="-95.2710556574" version="1" timestamp="2026-09-02T12:00:00Z" changeset="1" uid="1" user="generator"/>
  <node id="1913" lat="43.0398277218" lon="-95.2708528170" version="1" timestamp="2026-09-02T12:00:00Z" changeset="1" uid="1" user="generator"/>
  <node id="1914" lat="43.0397175347" lon="-95.2706580079" version="1" timestamp="2026-09-02T12:00:00Z" changeset="1" uid="1" user="generator"/>
  <node id="1915" lat="43.0396026676" lon="-95.2704550320" version="1" timestamp="2026-09-02T12:00:00Z" changeset="1" uid="1" user="generator"/>
  <node id="1916" lat="43.0394824005" lon="-95.2702542117" version="1" timestamp="2026-09-02T12:00:00Z" changeset="1" uid="1" user="generator"/>
  <node id="1917" lat="43.0393657784" lon="-95.2700626915" version="1" timestamp="2026-09-02T12:00:00Z" changeset="1" uid="1" user="generator"/>
  <node id="1918" lat="43.0392454122" lon="-95.2698651725" version="1" timestamp="2026-09-02T12:00:00Z" changeset="1" uid="1" user="generator"/>
  <node id="1919" lat="43.0391182061" lon="-95.2696682447" version="1" timestamp="2026-09-02T12:00:00Z" changeset="1" uid="1" user="generator"/>
  <node id="1920" lat="43.0389940780" lon="-95.2694820212" version="1" timestamp="2026-09-02T12:00:00Z" changeset="1" uid="1" user="generator"/>
  <node id="1921" lat="43.0388657829" lon="-95.2692897620" version="1" timestamp="2026-09-02T12:00:00Z" changeset="1" uid="1" user="generator"/>
  <node id="1922" lat="43.0387291447" lon="-95.2690996583" version="1" timestamp="2026-09-02T12:00:00Z" changeset="1" uid="1" user="generator"/>
  <node id="1923" lat="43.0385973666" lon="-95.2689226241" version="1" timestamp="2026-09-02T12:00:00Z" changeset="1" uid="1" user="generator"/>
  <node id="1924" lat="43.0384572095" lon="-95.2687348363" version="1" timestamp="2026-09-02T12:00:00Z" changeset="1" uid="1" user="generator"/>
  <node id="1925" lat="43.0383078723" lon="-95.2685565087" version="1" timestamp="2026-09-02T12:00:00Z" changeset="1" uid="1" user="generator"/>
  <node id="1926" lat="43.0381653572" lon="-95.2683894151" version="1" timestamp="2026-09-02T12:00:00Z" changeset="1" uid="1" user="generator"/>
  <node id="1927" lat="43.0380091080" lon="-95.2682140930" version="1" timestamp="2026-09-02T12:00:00Z" changeset="1" uid="1" user="generator"/>
  <node id="1928" lat="43.0378500149" lon="-95.2680560901" version="1" timestamp="2026-09-02T12:00:00Z" changeset="1" uid="1" user="generator"/>
  <node id="1929" lat="43.0376870787" lon="-95.2678953896" version="1" timestamp="2026-09-02T12:00:00Z" changeset="1" uid="1" user="generator"/>
  <node id="1930" lat="43.0375111555" lon="-95.2677474258" version="1" timestamp="2026-09-02T12:00:00Z" changeset="1" uid="1" user="generator"/>
  <node id="1931" lat="43.0373378783" lon="-95.2676094273" version="1" timestamp="2026-09-02T12:00:00Z" changeset="1" uid="1" user="generator"/>
  <node id="1932" lat="43.0371498861" lon="-95.2674777603" version="1" timestamp="2026-09-02T12:00:00Z" changeset="1" uid="1" user="generator"/>
  <node id="1933" lat="43.0369601750" lon="-95.2673642499" version="1" timestamp="2026-09-02T12:00:00Z" changeset="1" uid="1" user="generator"/>
  <node id="1934" lat="43.0367589708" lon="-95.2672572435" version="1" timestamp="2026-09-02T12:00:00Z" changeset="1" uid="1" user="generator"/>
  <node id="1935" lat="43.0365532576" lon="-95.2671763020" version="1" timestamp="2026-09-02T12:00:00Z" changeset="1" uid="1" user="generator"/>
  <node id="1936" lat="43.0363400113" lon="-95.2671039953" version="1" timestamp="2026-09-02T12:00:00Z" changeset="1" uid="1" user="generator"/>
  <node id="1937" lat="43.0361223011" lon="-95.2670640727" version="1" timestamp="2026-09-02T12:00:00Z" changeset="1" uid="1" user="generator"/>
  <node id="1938" lat="43.0359015669" lon="-95.2670352486" version="1" timestamp="2026-09-02T12:00:00Z" changeset="1" uid="1" user="generator"/>
  <node id="1939" lat="43.0356797167" lon="-95.2670419126" version="1" timestamp="2026-09-02T12:00:00Z" changeset="1" uid="1" user="generator"/>
  <node id="1940" lat="43.0354586765" lon="-95.2670601556" version="1" timestamp="2026-09-02T12:00:00Z" changeset="1" uid="1" user="generator"/>
  <node id="1941" lat="43.0352421812" lon="-95.2671129998" version="1" timestamp="2026-09-02T12:00:00Z" changeset="1" uid="1" user="generator"/>
  <node id="1942" lat="43.0350279450" lon="-95.2671749593" version="1" timestamp="2026-09-02T12:00:00Z" changeset="1" uid="1" user="generator"/>
  <node id="1943" lat="43.0348243378" lon="-95.2672678123" version="1" timestamp="2026-09-02T12:00:00Z" changeset="1" uid="1" user="generator"/>
  <node id="1944" lat="43.0346214146" lon="-95.2673650999" version="1" timestamp="2026-09-02T12:00:00Z" changeset="1" uid="1" user="generator"/>
  <node id="1945" lat="43.0344292914" lon="-95.2674925788" version="1" timestamp="2026-09-02T12:00:00Z" changeset="1" uid="1" user="generator"/>
  <node id="1946" lat="43.0342457722" lon="-95.2676167319" version="1" timestamp="2026-09-02T12:00:00Z" changeset="1" uid="1" user="generator"/>
  <node id="1947" lat="43.0340661231" lon="-95.2677659151" version="1" timestamp="2026-09-02T12:00:00Z" changeset="1" uid="1" user="generator"/>
  <node id="1948" lat="43.0339002709" lon="-95.2679110827" version="1" timestamp="2026-09-02T12:00:00Z" changeset="1" uid="1" user="generator"/>
  <node id="1949" lat="43.0337320517" lon="-95.2680722513" version="1" timestamp="2026-09-02T12:00:00Z" changeset="1" uid="1" user="generator"/>
  <node id="1950" lat="43.0335788716" lon="-95.2682356619" version="1" timestamp="2026-09-02T12:00:00Z" changeset="1" uid="1" user="generator"/>
  <node id="1951" lat="43.0334221004" lon="-95.2684038518" version="1" timestamp="2026-09-02T12:00:00Z" changeset="1" uid="1" user="generator"/>
  <node id="1952" lat="43.0332725383" lon="-95.2685879565" version="1" timestamp="2026-09-02T12:00:00Z" changeset="1" uid="1" user="generator"/>
  <node id="1953" lat="43.0331358551" lon="-95.2687593368" version="1" timestamp="2026-09-02T12:00:00Z" changeset="1" uid="1" user="generator"/>
  <node id="1954" lat="43.0329920890" lon="-95.2689444639" version="1" timestamp="2026-09-02T12:00:00Z" changeset="1" uid="1" user="generator"/>
  <node id="1955" lat="43.0328576109" lon="-95.2691359841" version="1" timestamp="2026-09-02T12:00:00Z" changeset="1" uid="1" user="generator"/>
  <node id="1956" lat="43.0327300267" lon="-95.2693180810" version="1" timestamp="2026-09-02T12:00:00Z" changeset="1" uid="1" user="generator"/>
  <node id="1957" lat="43.0325978976" lon="-95.2695129148" version="1" timestamp="2026-09-02T12:00:00Z" changeset="1" uid="1" user="generator"/>
  <node id="1958" lat="43.0324737785" lon="-95.2697096824" version="1" timestamp="2026-09-02T12:00:00Z" changeset="1" uid="1" user="generator"/>
  <node id="1959" lat="43.0323543844" lon="-95.2698991455" version="1" timestamp="2026-09-02T12:00:00Z" changeset="1" uid="1" user="generator"/>
  <node id="1960" lat="43.0322308232" lon="-95.2700995223" version="1" timestamp="2026-09-02T12:00:00Z" changeset="1" uid="1" user="generator"/>
  <node id="1961" lat="43.0321137151" lon="-95.2703022149" version="1" timestamp="2026-09-02T12:00:00Z" changeset="1" uid="1" user="generator"/>
  <node id="1962" lat="43.0320020250" lon="-95.2704956690" version="1" timestamp="2026-09-02T12:00:00Z" changeset="1" uid="1" user="generator"/>
  <node id="1963" lat="43.0318847549" lon="-95.2706991870" version="1" timestamp="2026-09-02T12:00:00Z" changeset="1" uid="1" user="generator"/>
  <node id="1964" lat="43.0317726058" lon="-95.2709077676" version="1" timestamp="2026-09-02T12:00:00Z" changeset="1" uid="1" user="generator"/>
  <node id="1965" lat="43.0316659737" lon="-95.2711062474" version="1" timestamp="2026-09-02T12:00:00Z" changeset="1" uid="1" user="generator"/>
  <node id="1966" lat="43.0315565246" lon="-95.2713100240" version="1" timestamp="2026-09-02T12:00:00Z" changeset="1" uid="1" user="generator"/>
  <node id="1967" lat="43.0314481554" lon="-95.2715193807" version="1" timestamp="2026-09-02T12:00:00Z" changeset="1" uid="1" user="generator"/>
  <node id="1968" lat="43.0313440433" lon="-95.2717248448" version="1" timestamp="2026-09-02T12:00:00Z" changeset="1" uid="1" user="generator"/>
  <node id="1969" lat="43.0312410382" lon="-95.2719281533" version="1" timestamp="2026-09-02T12:00:00Z" changeset="1" uid="1" user="generator"/>
  <node id="1970" lat="43.0311355761" lon="-95.2721376085" version="1" timestamp="2026-09-02T12:00:00Z" changeset="1" uid="1" user="generator"/>
  <node id="1971" lat="43.0310334080" lon="-95.2723488498" version="1" timestamp="2026-09-02T12:00:00Z" changeset="1" uid="1" user="generator"/>
  <node id="1972" lat="43.0309340659" lon="-95.2725542893" version="1" timestamp="2026-09-02T12:00:00Z" changeset="1" uid="1" user="generator"/>
  <node id="1973" lat="43.0308334908" lon="-95.2727623033" version="1" timestamp="2026-09-02T12:00:00Z" changeset="1" uid="1" user="generator"/>
  <node id="1974" lat="43.0307329877" lon="-95.2729739634" version="1" timestamp="2026-09-02T12:00:00Z" changeset="1" uid="1" user="generator"/>
  <node id="1975" lat="43.0306349416" lon="-95.2731841454" version="1" timestamp="2026-09-02T12:00:00Z" changeset="1" uid="1" user="generator"/>
  <node id="1976" lat="43.0305380835" lon="-95.2733917898" version="1" timestamp="2026-09-02T12:00:00Z" changeset="1" uid="1" user="generator"/>
  <node id="1977" lat="43.0304398754" lon="-95.2736023536" version="1" timestamp="2026-09-02T12:00:00Z" changeset="1" uid="1" user="generator"/>
  <node id="1978" lat="43.0303427473" lon="-95.2738149130" version="1" timestamp="2026-09-02T12:00:00Z" changeset="1" uid="1" user="generator"/>
  <node id="1979" lat="43.0302473292" lon="-95.2740248978" version="1" timestamp="2026-09-02T12:00:00Z" changeset="1" uid="1" user="generator"/>
  <node id="1980" lat="43.0301522622" lon="-95.2742341066" version="1" timestamp="2026-09-02T12:00:00Z" changeset="1" uid="1" user="generator"/>
  <node id="1981" lat="43.0300561331" lon="-95.2744456928" version="1" timestamp="2026-09-02T12:00:00Z" changeset="1" uid="1" user="generator"/>
  <node id="1982" lat="43.0299611650" lon="-95.2746582522" version="1" timestamp="2026-09-02T12:00:00Z" changeset="1" uid="1" user="generator"/>
  <node id="1983" lat="43.0298672589" lon="-95.2748684341" version="1" timestamp="2026-09-02T12:00:00Z" changeset="1" uid="1" user="generator"/>
  <node id="1984" lat="43.0295217395" lon="-95.2745792692" version="1" timestamp="2026-09-02T12:00:00Z" changeset="1" uid="1" user="generator"/>
  <node id="1985" lat="43.0296156366" lon="-95.2743690872" version="1" timestamp="2026-09-02T12:00:00Z" changeset="1" uid="1" user="generator"/>
  <node id="1986" lat="43.0297114057" lon="-95.2741547418" version="1" timestamp="2026-09-02T12:00:00Z" changeset="1" uid="1" user="generator"/>
  <node id="1987" lat="43.0298083448" lon="-95.2739413695" version="1" timestamp="2026-09-02T12:00:00Z" changeset="1" uid="1" user="generator"/>
  <node id="1988" lat="43.0299034119" lon="-95.2737321607" version="1" timestamp="2026-09-02T12:00:00Z" changeset="1" uid="1" user="generator"/>
  <node id="1989" lat="43.0299990910" lon="-95.2735215969" version="1" timestamp="2026-09-02T12:00:00Z" changeset="1" uid="1" user="generator"/>
  <node id="1990" lat="43.0300974971" lon="-95.2733062537" version="1" timestamp="2026-09-02T12:00:00Z" changeset="1" uid="1" user="generator"/>
  <node id="1991" lat="43.0301967132" lon="-95.2730935219" version="1" timestamp="2026-09-02T12:00:00Z" changeset="1" uid="1" user="generator"/>
  <node id="1992" lat="43.0302935713" lon="-95.2728858651" version="1" timestamp="2026-09-02T12:00:00Z" changeset="1" uid="1" user="generator"/>
  <node id="1993" lat="43.0303925084" lon="-95.2726737862" version="1" timestamp="2026-09-02T12:00:00Z" changeset="1" uid="1" user="generator"/>
  <node id="1994" lat="43.0304948205" lon="-95.2724583075" version="1" timestamp="2026-09-02T12:00:00Z" changeset="1" uid="1" user="generator"/>
  <node id="1995" lat="43.0305963316" lon="-95.2722483719" version="1" timestamp="2026-09-02T12:00:00Z" changeset="1" uid="1" user="generator"/>
  <node id="1996" lat="43.0306956737" lon="-95.2720429324" version="1" timestamp="2026-09-02T12:00:00Z" changeset="1" uid="1" user="generator"/>
  <node id="1997" lat="43.0307999658" lon="-95.2718273429" version="1" timestamp="2026-09-02T12:00:00Z" changeset="1" uid="1" user="generator"/>
  <node id="1998" lat="43.0309079029" lon="-95.2716129235" version="1" timestamp="2026-09-02T12:00:00Z" changeset="1" uid="1" user="generator"/>
  <node id="1999" lat="43.0310112320" lon="-95.2714089745" version="1" timestamp="2026-09-02T12:00:00Z" changeset="1" uid="1" user="generator"/>
  <node id="2000" lat="43.0311165051" lon="-95.2712012315" version="1" timestamp="2026-09-02T12:00:00Z" changeset="1" uid="1" user="generator"/>
  <node id="2001" lat="43.0312281232" lon="-95.2709856173" version="1" timestamp="2026-09-02T12:00:00Z" changeset="1" uid="1" user="generator"/>
  <node id="2002" lat="43.0313396783" lon="-95.2707778866" version="1" timestamp="2026-09-02T12:00:00Z" changeset="1" uid="1" user="generator"/>
  <node id="2003" lat="43.0314463104" lon="-95.2705794068" version="1" timestamp="2026-09-02T12:00:00Z" changeset="1" uid="1" user="generator"/>
  <node id="2004" lat="43.0315626176" lon="-95.2703632383" version="1" timestamp="2026-09-02T12:00:00Z" changeset="1" uid="1" user="generator"/>
  <node id="2005" lat="43.0316841897" lon="-95.2701521202" version="1" timestamp="2026-09-02T12:00:00Z" changeset="1" uid="1" user="generator"/>
  <node id="2006" lat="43.0317959428" lon="-95.2699585429" version="1" timestamp="2026-09-02T12:00:00Z" changeset="1" uid="1" user="generator"/>
  <node id="2007" lat="43.0319171909" lon="-95.2697488167" version="1" timestamp="2026-09-02T12:00:00Z" changeset="1" uid="1" user="generator"/>
  <node id="2008" lat="43.0320463320" lon="-95.2695392876" version="1" timestamp="2026-09-02T12:00:00Z" changeset="1" uid="1" user="generator"/>
  <node id="2009" lat="43.0321670942" lon="-95.2693476442" version="1" timestamp="2026-09-02T12:00:00Z" changeset="1" uid="1" user="generator"/>
  <node id="2010" lat="43.0322961363" lon="-95.2691432148" version="1" timestamp="2026-09-02T12:00:00Z" changeset="1" uid="1" user="generator"/>
  <node id="2011" lat="43.0324355014" lon="-95.2689375905" version="1" timestamp="2026-09-02T12:00:00Z" changeset="1" uid="1" user="generator"/>
  <node id="2012" lat="43.0325653356" lon="-95.2687522786" version="1" timestamp="2026-09-02T12:00:00Z" changeset="1" uid="1" user="generator"/>
  <node id="2013" lat="43.0327072207" lon="-95.2685504605" version="1" timestamp="2026-09-02T12:00:00Z" changeset="1" uid="1" user="generator"/>
  <node id="2014" lat="43.0328604279" lon="-95.2683529415" version="1" timestamp="2026-09-02T12:00:00Z" changeset="1" uid="1" user="generator"/>
  <node id="2015" lat="43.0330000900" lon="-95.2681778289" version="1" timestamp="2026-09-02T12:00:00Z" changeset="1" uid="1" user="generator"/>
  <node id="2016" lat="43.0331616222" lon="-95.2679793983" version="1" timestamp="2026-09-02T12:00:00Z" changeset="1" uid="1" user="generator"/>
  <node id="2017" lat="43.0333295803" lon="-95.2677988165" version="1" timestamp="2026-09-02T12:00:00Z" changeset="1" uid="1" user="generator"/>
  <node id="2018" lat="43.0334912385" lon="-95.2676265616" version="1" timestamp="2026-09-02T12:00:00Z" changeset="1" uid="1" user="generator"/>
  <node id="2019" lat="43.0336751357" lon="-95.2674503034" version="1" timestamp="2026-09-02T12:00:00Z" changeset="1" uid="1" user="generator"/>
  <node id="2020" lat="43.0338516079" lon="-95.2672957496" version="1" timestamp="2026-09-02T12:00:00Z" changeset="1" uid="1" user="generator"/>
  <node id="2021" lat="43.0340508591" lon="-95.2671308362" version="1" timestamp="2026-09-02T12:00:00Z" changeset="1" uid="1" user="generator"/>
  <node id="2022" lat="43.0342508393" lon="-95.2669949811" version="1" timestamp="2026-09-02T12:00:00Z" changeset="1" uid="1" user="generator"/>
  <node id="2023" lat="43.0344658675" lon="-95.2668532995" version="1" timestamp="2026-09-02T12:00:00Z" changeset="1" uid="1" user="generator"/>
  <node id="2024" lat="43.0346933967" lon="-95.2667432752" version="1" timestamp="2026-09-02T12:00:00Z" changeset="1" uid="1" user="generator"/>
  <node id="2025" lat="43.0349218439" lon="-95.2666400011" version="1" timestamp="2026-09-02T12:00:00Z" changeset="1" uid="1" user="generator"/>
  <node id="2026" lat="43.0351647182" lon="-95.2665689263" version="1" timestamp="2026-09-02T12:00:00Z" changeset="1" uid="1" user="generator"/>
  <node id="2027" lat="43.0354108054" lon="-95.2665097383" version="1" timestamp="2026-09-02T12:00:00Z" changeset="1" uid="1" user="generator"/>
  <node id="2028" lat="43.0356630757" lon="-95.2664880709" version="1" timestamp="2026-09-02T12:00:00Z" changeset="1" uid="1" user="generator"/>
  <node id="2029" lat="43.0359163629" lon="-95.2664813084" version="1" timestamp="2026-09-02T12:00:00Z" changeset="1" uid="1" user="generator"/>
  <node id="2030" lat="43.0361685702" lon="-95.2665133967" version="1" timestamp="2026-09-02T12:00:00Z" changeset="1" uid="1" user="generator"/>
  <node id="2031" lat="43.0364156924" lon="-95.2665594537" version="1" timestamp="2026-09-02T12:00:00Z" changeset="1" uid="1" user="generator"/>
  <node id="2032" lat="43.0366581977" lon="-95.2666409249" version="1" timestamp="2026-09-02T12:00:00Z" changeset="1" uid="1" user="generator"/>
  <node id="2033" lat="43.0368883459" lon="-95.2667319796" version="1" timestamp="2026-09-02T12:00:00Z" changeset="1" uid="1" user="generator"/>
  <node id="2034" lat="43.0371149751" lon="-95.2668520307" version="1" timestamp="2026-09-02T12:00:00Z" changeset="1" uid="1" user="generator"/>
  <node id="2035" lat="43.0373232353" lon="-95.2669767874" version="1" timestamp="2026-09-02T12:00:00Z" changeset="1" uid="1" user="generator"/>
  <node id="2036" lat="43.0375322515" lon="-95.2671231375" version="1" timestamp="2026-09-02T12:00:00Z" changeset="1" uid="1" user="generator"/>
  <node id="2037" lat="43.0377188577" lon="-95.2672715693" version="1" timestamp="2026-09-02T12:00:00Z" changeset="1" uid="1" user="generator"/>
  <node id="2038" lat="43.0379116739" lon="-95.2674341176" version="1" timestamp="2026-09-02T12:00:00Z" changeset="1" uid="1" user="generator"/>
  <node id="2039" lat="43.0380874531" lon="-95.2676070376" version="1" timestamp="2026-09-02T12:00:00Z" changeset="1" uid="1" user="generator"/>
  <node id="2040" lat="43.0382565003" lon="-95.2677752152" version="1" timestamp="2026-09-02T12:00:00Z" changeset="1" uid="1" user="generator"/>
  <node id="2041" lat="43.0384256914" lon="-95.2679647891" version="1" timestamp="2026-09-02T12:00:00Z" changeset="1" uid="1" user="generator"/>
  <node id="2042" lat="43.0385725806" lon="-95.2681369824" version="1" timestamp="2026-09-02T12:00:00Z" changeset="1" uid="1" user="generator"/>
  <node id="2043" lat="43.0387321147" lon="-95.2683277758" version="1" timestamp="2026-09-02T12:00:00Z" changeset="1" uid="1" user="generator"/>
  <node id="2044" lat="43.0388810469" lon="-95.2685270071" version="1" timestamp="2026-09-02T12:00:00Z" changeset="1" uid="1" user="generator"/>
  <node id="2045" lat="43.0390153000" lon="-95.2687073918" version="1" timestamp="2026-09-02T12:00:00Z" changeset="1" uid="1" user="generator"/>
  <node id="2046" lat="43.0391597322" lon="-95.2689084461" version="1" timestamp="2026-09-02T12:00:00Z" changeset="1" uid="1" user="generator"/>
  <node id="2047" lat="43.0392932653" lon="-95.2691084164" version="1" timestamp="2026-09-02T12:00:00Z" changeset="1" uid="1" user="generator"/>
  <node id="2048" lat="43.0394194814" lon="-95.2692978056" version="1" timestamp="2026-09-02T12:00:00Z" changeset="1" uid="1" user="generator"/>
  <node id="2049" lat="43.0395526816" lon="-95.2695040704" version="1" timestamp="2026-09-02T12:00:00Z" changeset="1" uid="1" user="generator"/>
  <node id="2050" lat="43.0396768817" lon="-95.2697077978" version="1" timestamp="2026-09-02T12:00:00Z" changeset="1" uid="1" user="generator"/>
  <node id="2051" lat="43.0397945388" lon="-95.2699010055" version="1" timestamp="2026-09-02T12:00:00Z" changeset="1" uid="1" user="generator"/>
  <node id="2052" lat="43.0399194049" lon="-95.2701095861" version="1" timestamp="2026-09-02T12:00:00Z" changeset="1" uid="1" user="generator"/>
  <node id="2053" lat="43.0400377910" lon="-95.2703186841" version="1" timestamp="2026-09-02T12:00:00Z" changeset="1" uid="1" user="generator"/>
  <node id="2054" lat="43.0401479781" lon="-95.2705134932" version="1" timestamp="2026-09-02T12:00:00Z" changeset="1" uid="1" user="generator"/>
  <node id="2055" lat="43.0402660043" lon="-95.2707223694" version="1" timestamp="2026-09-02T12:00:00Z" changeset="1" uid="1" user="generator"/>
  <node id="2056" lat="43.0403803224" lon="-95.2709361236" version="1" timestamp="2026-09-02T12:00:00Z" changeset="1" uid="1" user="generator"/>
  <node id="2057" lat="43.0404867565" lon="-95.2711358722" version="1" timestamp="2026-09-02T12:00:00Z" changeset="1" uid="1" user="generator"/>
  <node id="2058" lat="43.0405962776" lon="-95.2713414719" version="1" timestamp="2026-09-02T12:00:00Z" changeset="1" uid="1" user="generator"/>
  <node id="2059" lat="43.0407066267" lon="-95.2715541051" version="1" timestamp="2026-09-02T12:00:00Z" changeset="1" uid="1" user="generator"/>
  <node id="2060" lat="43.0408120708" lon="-95.2717615648" version="1" timestamp="2026-09-02T12:00:00Z" changeset="1" uid="1" user="generator"/>
  <node id="2061" lat="43.0409151119" lon="-95.2719643190" version="1" timestamp="2026-09-02T12:00:00Z" changeset="1" uid="1" user="generator"/>
  <node id="2062" lat="43.0410222660" lon="-95.2721756711" version="1" timestamp="2026-09-02T12:00:00Z" changeset="1" uid="1" user="generator"/>
  <node id="2063" lat="43.0411267471" lon="-95.2723887724" version="1" timestamp="2026-09-02T12:00:00Z" changeset="1" uid="1" user="generator"/>
  <node id="2064" lat="43.0412270252" lon="-95.2725933620" version="1" timestamp="2026-09-02T12:00:00Z" changeset="1" uid="1" user="generator"/>
  <node id="2065" lat="43.0413287703" lon="-95.2728009449" version="1" timestamp="2026-09-02T12:00:00Z" changeset="1" uid="1" user="generator"/>
  <node id="2066" lat="43.0414313254" lon="-95.2730127405" version="1" timestamp="2026-09-02T12:00:00Z" changeset="1" uid="1" user="generator"/>
  <node id="2067" lat="43.0415314595" lon="-95.2732223928" version="1" timestamp="2026-09-02T12:00:00Z" changeset="1" uid="1" user="generator"/>
  <node id="2068" lat="43.0416299466" lon="-95.2734286083" version="1" timestamp="2026-09-02T12:00:00Z" changeset="1" uid="1" user="generator"/>
  <node id="2069" lat="43.0417299997" lon="-95.2736381128" version="1" timestamp="2026-09-02T12:00:00Z" changeset="1" uid="1" user="generator"/>
  <node id="2070" lat="43.0418294858" lon="-95.2738492186" version="1" timestamp="2026-09-02T12:00:00Z" changeset="1" uid="1" user="generator"/>
  <node id="2071" lat="43.0419271989" lon="-95.2740572079" version="1" timestamp="2026-09-02T12:00:00Z" changeset="1" uid="1" user="generator"/>
  <node id="2072" lat="43.0420246510" lon="-95.2742646306" version="1" timestamp="2026-09-02T12:00:00Z" changeset="1" uid="1" user="generator"/>
  <node id="2073" lat="43.0421228051" lon="-95.2744737286" version="1" timestamp="2026-09-02T12:00:00Z" changeset="1" uid="1" user="generator"/>
  <node id="2074" lat="43.0422204102" lon="-95.2746830237" version="1" timestamp="2026-09-02T12:00:00Z" changeset="1" uid="1" user="generator"/>
  <node id="2075" lat="43.0423172503" lon="-95.2748906927" version="1" timestamp="2026-09-02T12:00:00Z" changeset="1" uid="1" user="generator"/>
  <node id="2076" lat="43.0424140364" lon="-95.2750982386" version="1" timestamp="2026-09-02T12:00:00Z" changeset="1" uid="1" user="generator"/>
  <node id="2077" lat="43.0425107685" lon="-95.2753055628" version="1" timestamp="2026-09-02T12:00:00Z" changeset="1" uid="1" user="generator"/>
  <node id="2078" lat="43.0426076086" lon="-95.2755129609" version="1" timestamp="2026-09-02T12:00:00Z" changeset="1" uid="1" user="generator"/>
  <node id="2079" lat="43.0427045387" lon="-95.2757205561" version="1" timestamp="2026-09-02T12:00:00Z" changeset="1" uid="1" user="generator"/>
  <node id="2080" lat="43.0428006948" lon="-95.2759265006" version="1" timestamp="2026-09-02T12:00:00Z" changeset="1" uid="1" user="generator"/>
  <node id="2081" lat="43.0428969589" lon="-95.2761312873" version="1" timestamp="2026-09-02T12:00:00Z" changeset="1" uid="1" user="generator"/>
  <node id="2082" lat="43.0429941950" lon="-95.2763375398" version="1" timestamp="2026-09-02T12:00:00Z" changeset="1" uid="1" user="generator"/>
  <node id="2083" lat="43.0430917911" lon="-95.2765445314" version="1" timestamp="2026-09-02T12:00:00Z" changeset="1" uid="1" user="generator"/>
  <node id="2084" lat="43.0431872812" lon="-95.2767471008" version="1" timestamp="2026-09-02T12:00:00Z" changeset="1" uid="1" user="generator"/>
  <node id="2085" lat="43.0432839863" lon="-95.2769485370" version="1" timestamp="2026-09-02T12:00:00Z" changeset="1" uid="1" user="generator"/>
  <node id="2086" lat="43.0433828064" lon="-95.2771544076" version="1" timestamp="2026-09-02T12:00:00Z" changeset="1" uid="1" user="generator"/>
  <node id="2087" lat="43.0421417231" lon="-95.2782704549" version="1" timestamp="2026-09-02T12:00:00Z" changeset="1" uid="1" user="generator"/>
  <node id="2088" lat="43.0420428760" lon="-95.2780645473" version="1" timestamp="2026-09-02T12:00:00Z" changeset="1" uid="1" user="generator"/>
  <node id="2089" lat="43.0419428229" lon="-95.2778560899" version="1" timestamp="2026-09-02T12:00:00Z" changeset="1" uid="1" user="generator"/>
  <node id="2090" lat="43.0418440208" lon="-95.2776465485" version="1" timestamp="2026-09-02T12:00:00Z" changeset="1" uid="1" user="generator"/>
  <node id="2091" lat="43.0417464247" lon="-95.2774395446" version="1" timestamp="2026-09-02T12:00:00Z" changeset="1" uid="1" user="generator"/>
  <node id="2092" lat="43.0416486216" lon="-95.2772321096" version="1" timestamp="2026-09-02T12:00:00Z" changeset="1" uid="1" user="generator"/>
  <node id="2093" lat="43.0415505936" lon="-95.2770235536" version="1" timestamp="2026-09-02T12:00:00Z" changeset="1" uid="1" user="generator"/>
  <node id="2094" lat="43.0414532315" lon="-95.2768150222" version="1" timestamp="2026-09-02T12:00:00Z" changeset="1" uid="1" user="generator"/>
  <node id="2095" lat="43.0413563014" lon="-95.2766074271" version="1" timestamp="2026-09-02T12:00:00Z" changeset="1" uid="1" user="generator"/>
  <node id="2096" lat="43.0412593173" lon="-95.2763997334" version="1" timestamp="2026-09-02T12:00:00Z" changeset="1" uid="1" user="generator"/>
  <node id="2097" lat="43.0411623602" lon="-95.2761919165" version="1" timestamp="2026-09-02T12:00:00Z" changeset="1" uid="1" user="generator"/>
  <node id="2098" lat="43.0410654841" lon="-95.2759841858" version="1" timestamp="2026-09-02T12:00:00Z" changeset="1" uid="1" user="generator"/>
  <node id="2099" lat="43.0409686440" lon="-95.2757765167" version="1" timestamp="2026-09-02T12:00:00Z" changeset="1" uid="1" user="generator"/>
  <node id="2100" lat="43.0408722359" lon="-95.2755697838" version="1" timestamp="2026-09-02T12:00:00Z" changeset="1" uid="1" user="generator"/>
  <node id="2101" lat="43.0407754318" lon="-95.2753635559" version="1" timestamp="2026-09-02T12:00:00Z" changeset="1" uid="1" user="generator"/>
  <node id="2102" lat="43.0406781327" lon="-95.2751564535" version="1" timestamp="2026-09-02T12:00:00Z" changeset="1" uid="1" user="generator"/>
  <node id="2103" lat="43.0405809866" lon="-95.2749496836" version="1" timestamp="2026-09-02T12:00:00Z" changeset="1" uid="1" user="generator"/>
  <node id="2104" lat="43.0404845245" lon="-95.2747449832" version="1" timestamp="2026-09-02T12:00:00Z" changeset="1" uid="1" user="generator"/>
  <node id="2105" lat="43.0403869374" lon="-95.2745406523" version="1" timestamp="2026-09-02T12:00:00Z" changeset="1" uid="1" user="generator"/>
  <node id="2106" lat="43.0402884503" lon="-95.2743344367" version="1" timestamp="2026-09-02T12:00:00Z" changeset="1" uid="1" user="generator"/>
  <node id="2107" lat="43.0401909082" lon="-95.2741301920" version="1" timestamp="2026-09-02T12:00:00Z" changeset="1" uid="1" user="generator"/>
  <node id="2108" lat="43.0400932491" lon="-95.2739285218" version="1" timestamp="2026-09-02T12:00:00Z" changeset="1" uid="1" user="generator"/>
  <node id="2109" lat="43.0399938080" lon="-95.2737256444" version="1" timestamp="2026-09-02T12:00:00Z" changeset="1" uid="1" user="generator"/>
  <node id="2110" lat="43.0398935299" lon="-95.2735210549" version="1" timestamp="2026-09-02T12:00:00Z" changeset="1" uid="1" user="generator"/>
  <node id="2111" lat="43.0397956548" lon="-95.2733213309" version="1" timestamp="2026-09-02T12:00:00Z" changeset="1" uid="1" user="generator"/>
  <node id="2112" lat="43.0396956017" lon="-95.2731240705" version="1" timestamp="2026-09-02T12:00:00Z" changeset="1" uid="1" user="generator"/>
  <node id="2113" lat="43.0395929656" lon="-95.2729221170" version="1" timestamp="2026-09-02T12:00:00Z" changeset="1" uid="1" user="generator"/>
  <node id="2114" lat="43.0394917065" lon="-95.2727228488" version="1" timestamp="2026-09-02T12:00:00Z" changeset="1" uid="1" user="generator"/>
  <node id="2115" lat="43.0393909784" lon="-95.2725287418" version="1" timestamp="2026-09-02T12:00:00Z" changeset="1" uid="1" user="generator"/>
  <node id="2116" lat="43.0392869023" lon="-95.2723334277" version="1" timestamp="2026-09-02T12:00:00Z" changeset="1" uid="1" user="generator"/>
  <node id="2117" lat="43.0391810532" lon="-95.2721347754" version="1" timestamp="2026-09-02T12:00:00Z" changeset="1" uid="1" user="generator"/>
  <node id="2118" lat="43.0390794161" lon="-95.2719444254" version="1" timestamp="2026-09-02T12:00:00Z" changeset="1" uid="1" user="generator"/>
  <node id="2119" lat="43.0389737200" lon="-95.2717576600" version="1" timestamp="2026-09-02T12:00:00Z" changeset="1" uid="1" user="generator"/>
  <node id="2120" lat="43.0388635329" lon="-95.2715628509" version="1" timestamp="2026-09-02T12:00:00Z" changeset="1" uid="1" user="generator"/>
  <node id="2121" lat="43.0387580258" lon="-95.2713762086" version="1" timestamp="2026-09-02T12:00:00Z" changeset="1" uid="1" user="generator"/>
  <node id="2122" lat="43.0386500347" lon="-95.2711960826" version="1" timestamp="2026-09-02T12:00:00Z" changeset="1" uid="1" user="generator"/>
  <node id="2123" lat="43.0385361665" lon="-95.2710091077" version="1" timestamp="2026-09-02T12:00:00Z" changeset="1" uid="1" user="generator"/>
  <node id="2124" lat="43.0384260334" lon="-95.2708281441" version="1" timestamp="2026-09-02T12:00:00Z" changeset="1" uid="1" user="generator"/>
  <node id="2125" lat="43.0383147933" lon="-95.2706560863" version="1" timestamp="2026-09-02T12:00:00Z" changeset="1" uid="1" user="generator"/>
  <node id="2126" lat="43.0381962632" lon="-95.2704783253" version="1" timestamp="2026-09-02T12:00:00Z" changeset="1" uid="1" user="generator"/>
  <node id="2127" lat="43.0380819181" lon="-95.2703066001" version="1" timestamp="2026-09-02T12:00:00Z" changeset="1" uid="1" user="generator"/>
  <node id="2128" lat="43.0379660790" lon="-95.2701457148" version="1" timestamp="2026-09-02T12:00:00Z" changeset="1" uid="1" user="generator"/>
  <node id="2129" lat="43.0378409158" lon="-95.2699776234" version="1" timestamp="2026-09-02T12:00:00Z" changeset="1" uid="1" user="generator"/>
  <node id="2130" lat="43.0377241317" lon="-95.2698203103" version="1" timestamp="2026-09-02T12:00:00Z" changeset="1" uid="1" user="generator"/>
  <node id="2131" lat="43.0376019836" lon="-95.2696752413" version="1" timestamp="2026-09-02T12:00:00Z" changeset="1" uid="1" user="generator"/>
  <node id="2132" lat="43.0374711235" lon="-95.2695217344" version="1" timestamp="2026-09-02T12:00:00Z" changeset="1" uid="1" user="generator"/>
  <node id="2133" lat="43.0373493983" lon="-95.2693844381" version="1" timestamp="2026-09-02T12:00:00Z" changeset="1" uid="1" user="generator"/>
  <node id="2134" lat="43.0372168552" lon="-95.2692535840" version="1" timestamp="2026-09-02T12:00:00Z" changeset="1" uid="1" user="generator"/>
  <node id="2135" lat="43.0370881461" lon="-95.2691254276" version="1" timestamp="2026-09-02T12:00:00Z" changeset="1" uid="1" user="generator"/>
  <node id="2136" lat="43.0369572680" lon="-95.2690163887" version="1" timestamp="2026-09-02T12:00:00Z" changeset="1" uid="1" user="generator"/>
  <node id="2137" lat="43.0368195408" lon="-95.2689062166" version="1" timestamp="2026-09-02T12:00:00Z" changeset="1" uid="1" user="generator"/>
  <node id="2138" lat="43.0366876367" lon="-95.2688136838" version="1" timestamp="2026-09-02T12:00:00Z" changeset="1" uid="1" user="generator"/>
  <node id="2139" lat="43.0365473805" lon="-95.2687301801" version="1" timestamp="2026-09-02T12:00:00Z" changeset="1" uid="1" user="generator"/>
  <node id="2140" lat="43.0364139554" lon="-95.2686579474" version="1" timestamp="2026-09-02T12:00:00Z" changeset="1" uid="1" user="generator"/>
  <node id="2141" lat="43.0362734293" lon="-95.2686039822" version="1" timestamp="2026-09-02T12:00:00Z" changeset="1" uid="1" user="generator"/>
  <node id="2142" lat="43.0361382131" lon="-95.2685561268" version="1" timestamp="2026-09-02T12:00:00Z" changeset="1" uid="1" user="generator"/>
  <node id="2143" lat="43.0359989200" lon="-95.2685325625" version="1" timestamp="2026-09-02T12:00:00Z" changeset="1" uid="1" user="generator"/>
  <node id="2144" lat="43.0358621109" lon="-95.2685124226" version="1" timestamp="2026-09-02T12:00:00Z" changeset="1" uid="1" user="generator"/>
  <node id="2145" lat="43.0357240867" lon="-95.2685188156" version="1" timestamp="2026-09-02T12:00:00Z" changeset="1" uid="1" user="generator"/>
  <node id="2146" lat="43.0355863416" lon="-95.2685279556" version="1" timestamp="2026-09-02T12:00:00Z" changeset="1" uid="1" user="generator"/>
  <node id="2147" lat="43.0354487314" lon="-95.2685638748" version="1" timestamp="2026-09-02T12:00:00Z" changeset="1" uid="1" user="generator"/>
  <node id="2148" lat="43.0353108963" lon="-95.2686014817" version="1" timestamp="2026-09-02T12:00:00Z" changeset="1" uid="1" user="generator"/>
  <node id="2149" lat="43.0351735112" lon="-95.2686665823" version="1" timestamp="2026-09-02T12:00:00Z" changeset="1" uid="1" user="generator"/>
  <node id="2150" lat="43.0350362250" lon="-95.2687298845" version="1" timestamp="2026-09-02T12:00:00Z" changeset="1" uid="1" user="generator"/>
  <node id="2151" lat="43.0349051759" lon="-95.2688195102" version="1" timestamp="2026-09-02T12:00:00Z" changeset="1" uid="1" user="generator"/>
  <node id="2152" lat="43.0347655318" lon="-95.2689124618" version="1" timestamp="2026-09-02T12:00:00Z" changeset="1" uid="1" user="generator"/>
  <node id="2153" lat="43.0346381726" lon="-95.2690196899" version="1" timestamp="2026-09-02T12:00:00Z" changeset="1" uid="1" user="generator"/>
  <node id="2154" lat="43.0345006435" lon="-95.2691398027" version="1" timestamp="2026-09-02T12:00:00Z" changeset="1" uid="1" user="generator"/>
  <node id="2155" lat="43.0343742024" lon="-95.2692607408" version="1" timestamp="2026-09-02T12:00:00Z" changeset="1" uid="1" user="generator"/>
  <node id="2156" lat="43.0342436572" lon="-95.2694006116" version="1" timestamp="2026-09-02T12:00:00Z" changeset="1" uid="1" user="generator"/>
  <node id="2157" lat="43.0341167121" lon="-95.2695357277" version="1" timestamp="2026-09-02T12:00:00Z" changeset="1" uid="1" user="generator"/>
  <node id="2158" lat="43.0339990820" lon="-95.2696816343" version="1" timestamp="2026-09-02T12:00:00Z" changeset="1" uid="1" user="generator"/>
  <node id="2159" lat="43.0338703099" lon="-95.2698430740" version="1" timestamp="2026-09-02T12:00:00Z" changeset="1" uid="1" user="generator"/>
  <node id="2160" lat="43.0337517528" lon="-95.2699951520" version="1" timestamp="2026-09-02T12:00:00Z" changeset="1" uid="1" user="generator"/>
  <node id="2161" lat="43.0336370206" lon="-95.2701592153" version="1" timestamp="2026-09-02T12:00:00Z" changeset="1" uid="1" user="generator"/>
  <node id="2162" lat="43.0335154125" lon="-95.2703327143" version="1" timestamp="2026-09-02T12:00:00Z" changeset="1" uid="1" user="generator"/>
  <node id="2163" lat="43.0334026064" lon="-95.2704987855" version="1" timestamp="2026-09-02T12:00:00Z" changeset="1" uid="1" user="generator"/>
  <node id="2164" lat="43.0332916003" lon="-95.2706751176" version="1" timestamp="2026-09-02T12:00:00Z" changeset="1" uid="1" user="generator"/>
  <node id="2165" lat="43.0331758602" lon="-95.2708587666" version="1" timestamp="2026-09-02T12:00:00Z" changeset="1" uid="1" user="generator"/>
  <node id="2166" lat="43.0330671761" lon="-95.2710347538" version="1" timestamp="2026-09-02T12:00:00Z" changeset="1" uid="1" user="generator"/>
  <node id="2167" lat="43.0329610930" lon="-95.2712186491" version="1" timestamp="2026-09-02T12:00:00Z" changeset="1" uid="1" user="generator"/>
  <node id="2168" lat="43.0328495828" lon="-95.2714117953" version="1" timestamp="2026-09-02T12:00:00Z" changeset="1" uid="1" user="generator"/>
  <node id="2169" lat="43.0327438147" lon="-95.2715950378" version="1" timestamp="2026-09-02T12:00:00Z" changeset="1" uid="1" user="generator"/>
  <node id="2170" lat="43.0326427086" lon="-95.2717834169" version="1" timestamp="2026-09-02T12:00:00Z" changeset="1" uid="1" user="generator"/>
  <node id="2171" lat="43.0325360765" lon="-95.2719818967" version="1" timestamp="2026-09-02T12:00:00Z" changeset="1" uid="1" user="generator"/>
  <node id="2172" lat="43.0324322614" lon="-95.2721750799" version="1" timestamp="2026-09-02T12:00:00Z" changeset="1" uid="1" user="generator"/>
  <node id="2173" lat="43.0323325683" lon="-95.2723677579" version="1" timestamp="2026-09-02T12:00:00Z" changeset="1" uid="1" user="generator"/>
  <node id="2174" lat="43.0322315342" lon="-95.2725671740" version="1" timestamp="2026-09-02T12:00:00Z" changeset="1" uid="1" user="generator"/>
  <node id="2175" lat="43.0321293931" lon="-95.2727687703" version="1" timestamp="2026-09-02T12:00:00Z" changeset="1" uid="1" user="generator"/>
  <node id="2176" lat="43.0320305460" lon="-95.2729649836" version="1" timestamp="2026-09-02T12:00:00Z" changeset="1" uid="1" user="generator"/>
  <node id="2177" lat="43.0319340389" lon="-95.2731646337" version="1" timestamp="2026-09-02T12:00:00Z" changeset="1" uid="1" user="generator"/>
  <node id="2178" lat="43.0318346968" lon="-95.2733700732" version="1" timestamp="2026-09-02T12:00:00Z" changeset="1" uid="1" user="generator"/>
  <node id="2179" lat="43.0317365877" lon="-95.2735729506" version="1" timestamp="2026-09-02T12:00:00Z" changeset="1" uid="1" user="generator"/>
  <node id="2180" lat="43.0316409266" lon="-95.2737744114" version="1" timestamp="2026-09-02T12:00:00Z" changeset="1" uid="1" user="generator"/>
  <node id="2181" lat="43.0315452565" lon="-95.2739795430" version="1" timestamp="2026-09-02T12:00:00Z" changeset="1" uid="1" user="generator"/>
  <node id="2182" lat="43.0314483984" lon="-95.2741871874" version="1" timestamp="2026-09-02T12:00:00Z" changeset="1" uid="1" user="generator"/>
  <node id="2183" lat="43.0313528904" lon="-95.2743919371" version="1" timestamp="2026-09-02T12:00:00Z" changeset="1" uid="1" user="generator"/>
  <node id="2184" lat="43.0312591373" lon="-95.2745971180" version="1" timestamp="2026-09-02T12:00:00Z" changeset="1" uid="1" user="generator"/>
  <node id="2185" lat="43.0311644392" lon="-95.2748055384" version="1" timestamp="2026-09-02T12:00:00Z" changeset="1" uid="1" user="generator"/>
  <node id="2186" lat="43.0310693721" lon="-95.2750147349" version="1" timestamp="2026-09-02T12:00:00Z" changeset="1" uid="1" user="generator"/>
  <node id="2187" lat="43.0309753940" lon="-95.2752215664" version="1" timestamp="2026-09-02T12:00:00Z" changeset="1" uid="1" user="generator"/>
  <node id="2188" lat="43.0308825589" lon="-95.2754293710" version="1" timestamp="2026-09-02T12:00:00Z" changeset="1" uid="1" user="generator"/>
  <node id="2189" lat="43.0307886618" lon="-95.2756395406" version="1" timestamp="2026-09-02T12:00:00Z" changeset="1" uid="1" user="generator"/>
  <node id="2190" lat="43.0311341811" lon="-95.2759287179" version="1" timestamp="2026-09-02T12:00:00Z" changeset="1" uid="1" user="generator"/>
  <node id="2191" lat="43.0312280872" lon="-95.2757185359" version="1" timestamp="2026-09-02T12:00:00Z" changeset="1" uid="1" user="generator"/>
  <node id="2192" lat="43.0313201213" lon="-95.2755125174" version="1" timestamp="2026-09-02T12:00:00Z" changeset="1" uid="1" user="generator"/>
  <node id="2193" lat="43.0314132894" lon="-95.2753074721" version="1" timestamp="2026-09-02T12:00:00Z" changeset="1" uid="1" user="generator"/>
  <node id="2194" lat="43.0315083475" lon="-95.2750982756" version="1" timestamp="2026-09-02T12:00:00Z" changeset="1" uid="1" user="generator"/>
  <node id="2195" lat="43.0316027936" lon="-95.2748904464" version="1" timestamp="2026-09-02T12:00:00Z" changeset="1" uid="1" user="generator"/>
  <node id="2196" lat="43.0316952687" lon="-95.2746880371" version="1" timestamp="2026-09-02T12:00:00Z" changeset="1" uid="1" user="generator"/>
  <node id="2197" lat="43.0317897598" lon="-95.2744854676" version="1" timestamp="2026-09-02T12:00:00Z" changeset="1" uid="1" user="generator"/>
  <node id="2198" lat="43.0318866179" lon="-95.2742778109" version="1" timestamp="2026-09-02T12:00:00Z" changeset="1" uid="1" user="generator"/>
  <node id="2199" lat="43.0319814060" lon="-95.2740745763" version="1" timestamp="2026-09-02T12:00:00Z" changeset="1" uid="1" user="generator"/>
  <node id="2200" lat="43.0320752581" lon="-95.2738769464" version="1" timestamp="2026-09-02T12:00:00Z" changeset="1" uid="1" user="generator"/>
  <node id="2201" lat="43.0321724312" lon="-95.2736759906" version="1" timestamp="2026-09-02T12:00:00Z" changeset="1" uid="1" user="generator"/>
  <node id="2202" lat="43.0322717733" lon="-95.2734705511" version="1" timestamp="2026-09-02T12:00:00Z" changeset="1" uid="1" user="generator"/>
  <node id="2203" lat="43.0323661564" lon="-95.2732752493" version="1" timestamp="2026-09-02T12:00:00Z" changeset="1" uid="1" user="generator"/>
  <node id="2204" lat="43.0324625285" lon="-95.2730840001" version="1" timestamp="2026-09-02T12:00:00Z" changeset="1" uid="1" user="generator"/>
  <node id="2205" lat="43.0325643456" lon="-95.2728830443" version="1" timestamp="2026-09-02T12:00:00Z" changeset="1" uid="1" user="generator"/>
  <node id="2206" lat="43.0326642187" lon="-95.2726858948" version="1" timestamp="2026-09-02T12:00:00Z" changeset="1" uid="1" user="generator"/>
  <node id="2207" lat="43.0327606628" lon="-95.2724994743" version="1" timestamp="2026-09-02T12:00:00Z" changeset="1" uid="1" user="generator"/>
  <node id="2208" lat="43.0328623719" lon="-95.2723102575" version="1" timestamp="2026-09-02T12:00:00Z" changeset="1" uid="1" user="generator"/>
  <node id="2209" lat="43.0329689950" lon="-95.2721117777" version="1" timestamp="2026-09-02T12:00:00Z" changeset="1" uid="1" user="generator"/>
  <node id="2210" lat="43.0330659521" lon="-95.2719309865" version="1" timestamp="2026-09-02T12:00:00Z" changeset="1" uid="1" user="generator"/>
  <node id="2211" lat="43.0331674272" lon="-95.2717553442" version="1" timestamp="2026-09-02T12:00:00Z" changeset="1" uid="1" user="generator"/>
  <node id="2212" lat="43.0332788563" lon="-95.2715623212" version="1" timestamp="2026-09-02T12:00:00Z" changeset="1" uid="1" user="generator"/>
  <node id="2213" lat="43.0333808084" lon="-95.2713854594" version="1" timestamp="2026-09-02T12:00:00Z" changeset="1" uid="1" user="generator"/>
  <node id="2214" lat="43.0334839125" lon="-95.2712186122" version="1" timestamp="2026-09-02T12:00:00Z" changeset="1" uid="1" user="generator"/>
  <node id="2215" lat="43.0335982846" lon="-95.2710371558" version="1" timestamp="2026-09-02T12:00:00Z" changeset="1" uid="1" user="generator"/>
  <node id="2216" lat="43.0337043677" lon="-95.2708684855" version="1" timestamp="2026-09-02T12:00:00Z" changeset="1" uid="1" user="generator"/>
  <node id="2217" lat="43.0338099288" lon="-95.2707131925" version="1" timestamp="2026-09-02T12:00:00Z" changeset="1" uid="1" user="generator"/>
  <node id="2218" lat="43.0339293049" lon="-95.2705429209" version="1" timestamp="2026-09-02T12:00:00Z" changeset="1" uid="1" user="generator"/>
  <node id="2219" lat="43.0340366210" lon="-95.2703891553" version="1" timestamp="2026-09-02T12:00:00Z" changeset="1" uid="1" user="generator"/>
  <node id="2220" lat="43.0341457281" lon="-95.2702494693" version="1" timestamp="2026-09-02T12:00:00Z" changeset="1" uid="1" user="generator"/>
  <node id="2221" lat="43.0342715393" lon="-95.2700917620" version="1" timestamp="2026-09-02T12:00:00Z" changeset="1" uid="1" user="generator"/>
  <node id="2222" lat="43.0343771904" lon="-95.2699601812" version="1" timestamp="2026-09-02T12:00:00Z" changeset="1" uid="1" user="generator"/>
  <node id="2223" lat="43.0344929485" lon="-95.2698374693" version="1" timestamp="2026-09-02T12:00:00Z" changeset="1" uid="1" user="generator"/>
  <node id="2224" lat="43.0346150066" lon="-95.2697064181" version="1" timestamp="2026-09-02T12:00:00Z" changeset="1" uid="1" user="generator"/>
  <node id="2225" lat="43.0347257787" lon="-95.2696005696" version="1" timestamp="2026-09-02T12:00:00Z" changeset="1" uid="1" user="generator"/>
  <node id="2226" lat="43.0348526879" lon="-95.2694898678" version="1" timestamp="2026-09-02T12:00:00Z" changeset="1" uid="1" user="generator"/>
  <node id="2227" lat="43.0349604360" lon="-95.2693983574" version="1" timestamp="2026-09-02T12:00:00Z" changeset="1" uid="1" user="generator"/>
  <node id="2228" lat="43.0350836281" lon="-95.2693171079" version="1" timestamp="2026-09-02T12:00:00Z" changeset="1" uid="1" user="generator"/>
  <node id="2229" lat="43.0351917722" lon="-95.2692416725" version="1" timestamp="2026-09-02T12:00:00Z" changeset="1" uid="1" user="generator"/>
  <node id="2230" lat="43.0353044523" lon="-95.2691911195" version="1" timestamp="2026-09-02T12:00:00Z" changeset="1" uid="1" user="generator"/>
  <node id="2231" lat="43.0354170064" lon="-95.2691364276" version="1" timestamp="2026-09-02T12:00:00Z" changeset="1" uid="1" user="generator"/>
  <node id="2232" lat="43.0355261945" lon="-95.2691079607" version="1" timestamp="2026-09-02T12:00:00Z" changeset="1" uid="1" user="generator"/>
  <node id="2233" lat="43.0356342216" lon="-95.2690783729" version="1" timestamp="2026-09-02T12:00:00Z" changeset="1" uid="1" user="generator"/>
  <node id="2234" lat="43.0357407277" lon="-95.2690726573" version="1" timestamp="2026-09-02T12:00:00Z" changeset="1" uid="1" user="generator"/>
  <node id="2235" lat="43.0358473148" lon="-95.2690663628" version="1" timestamp="2026-09-02T12:00:00Z" changeset="1" uid="1" user="generator"/>
  <node id="2236" lat="43.0359526600" lon="-95.2690832385" version="1" timestamp="2026-09-02T12:00:00Z" changeset="1" uid="1" user="generator"/>
  <node id="2237" lat="43.0360625321" lon="-95.2691006684" version="1" timestamp="2026-09-02T12:00:00Z" changeset="1" uid="1" user="generator"/>
  <node id="2238" lat="43.0361684892" lon="-95.2691393592" version="1" timestamp="2026-09-02T12:00:00Z" changeset="1" uid="1" user="generator"/>
  <node id="2239" lat="43.0362845803" lon="-95.2691832113" version="1" timestamp="2026-09-02T12:00:00Z" changeset="1" uid="1" user="generator"/>
  <node id="2240" lat="43.0363925804" lon="-95.2692423993" version="1" timestamp="2026-09-02T12:00:00Z" changeset="1" uid="1" user="generator"/>
  <node id="2241" lat="43.0365142965" lon="-95.2693146566" version="1" timestamp="2026-09-02T12:00:00Z" changeset="1" uid="1" user="generator"/>
  <node id="2242" lat="43.0366251586" lon="-95.2693925187" version="1" timestamp="2026-09-02T12:00:00Z" changeset="1" uid="1" user="generator"/>
  <node id="2243" lat="43.0367495567" lon="-95.2694922452" version="1" timestamp="2026-09-02T12:00:00Z" changeset="1" uid="1" user="generator"/>
  <node id="2244" lat="43.0368635509" lon="-95.2695866872" version="1" timestamp="2026-09-02T12:00:00Z" changeset="1" uid="1" user="generator"/>
  <node id="2245" lat="43.0369794170" lon="-95.2697026365" version="1" timestamp="2026-09-02T12:00:00Z" changeset="1" uid="1" user="generator"/>
  <node id="2246" lat="43.0371020151" lon="-95.2698233159" version="1" timestamp="2026-09-02T12:00:00Z" changeset="1" uid="1" user="generator"/>
  <node id="2247" lat="43.0372107892" lon="-95.2699463481" version="1" timestamp="2026-09-02T12:00:00Z" changeset="1" uid="1" user="generator"/>
  <node id="2248" lat="43.0373372753" lon="-95.2700947553" version="1" timestamp="2026-09-02T12:00:00Z" changeset="1" uid="1" user="generator"/>
  <node id="2249" lat="43.0374492264" lon="-95.2702273708" version="1" timestamp="2026-09-02T12:00:00Z" changeset="1" uid="1" user="generator"/>
  <node id="2250" lat="43.0375572356" lon="-95.2703732528" version="1" timestamp="2026-09-02T12:00:00Z" changeset="1" uid="1" user="generator"/>
  <node id="2251" lat="43.0376799327" lon="-95.2705379814" version="1" timestamp="2026-09-02T12:00:00Z" changeset="1" uid="1" user="generator"/>
  <node id="2252" lat="43.0377879688" lon="-95.2706879160" version="1" timestamp="2026-09-02T12:00:00Z" changeset="1" uid="1" user="generator"/>
  <node id="2253" lat="43.0378970849" lon="-95.2708519424" version="1" timestamp="2026-09-02T12:00:00Z" changeset="1" uid="1" user="generator"/>
  <node id="2254" lat="43.0380135090" lon="-95.2710265254" version="1" timestamp="2026-09-02T12:00:00Z" changeset="1" uid="1" user="generator"/>
  <node id="2255" lat="43.0381187731" lon="-95.2711892584" version="1" timestamp="2026-09-02T12:00:00Z" changeset="1" uid="1" user="generator"/>
  <node id="2256" lat="43.0382250632" lon="-95.2713640138" version="1" timestamp="2026-09-02T12:00:00Z" changeset="1" uid="1" user="generator"/>
  <node id="2257" lat="43.0383379053" lon="-95.2715492888" version="1" timestamp="2026-09-02T12:00:00Z" changeset="1" uid="1" user="generator"/>
  <node id="2258" lat="43.0384412884" lon="-95.2717216421" version="1" timestamp="2026-09-02T12:00:00Z" changeset="1" uid="1" user="generator"/>
  <node id="2259" lat="43.0385432765" lon="-95.2719021624" version="1" timestamp="2026-09-02T12:00:00Z" changeset="1" uid="1" user="generator"/>
  <node id="2260" lat="43.0386534637" lon="-95.2720969715" version="1" timestamp="2026-09-02T12:00:00Z" changeset="1" uid="1" user="generator"/>
  <node id="2261" lat="43.0387558028" lon="-95.2722777134" version="1" timestamp="2026-09-02T12:00:00Z" changeset="1" uid="1" user="generator"/>
  <node id="2262" lat="43.0388539839" lon="-95.2724616703" version="1" timestamp="2026-09-02T12:00:00Z" changeset="1" uid="1" user="generator"/>
  <node id="2263" lat="43.0389596710" lon="-95.2726600393" version="1" timestamp="2026-09-02T12:00:00Z" changeset="1" uid="1" user="generator"/>
  <node id="2264" lat="43.0390622621" lon="-95.2728525326" version="1" timestamp="2026-09-02T12:00:00Z" changeset="1" uid="1" user="generator"/>
  <node id="2265" lat="43.0391603622" lon="-95.2730416015" version="1" timestamp="2026-09-02T12:00:00Z" changeset="1" uid="1" user="generator"/>
  <node id="2266" lat="43.0392604783" lon="-95.2732386279" version="1" timestamp="2026-09-02T12:00:00Z" changeset="1" uid="1" user="generator"/>
  <node id="2267" lat="43.0393630064" lon="-95.2734403720" version="1" timestamp="2026-09-02T12:00:00Z" changeset="1" uid="1" user="generator"/>
  <node id="2268" lat="43.0394611245" lon="-95.2736337768" version="1" timestamp="2026-09-02T12:00:00Z" changeset="1" uid="1" user="generator"/>
  <node id="2269" lat="43.0395571996" lon="-95.2738298547" version="1" timestamp="2026-09-02T12:00:00Z" changeset="1" uid="1" user="generator"/>
  <node id="2270" lat="43.0396574777" lon="-95.2740344443" version="1" timestamp="2026-09-02T12:00:00Z" changeset="1" uid="1" user="generator"/>
  <node id="2271" lat="43.0397562888" lon="-95.2742360406" version="1" timestamp="2026-09-02T12:00:00Z" changeset="1" uid="1" user="generator"/>
  <node id="2272" lat="43.0398526159" lon="-95.2744349516" version="1" timestamp="2026-09-02T12:00:00Z" changeset="1" uid="1" user="generator"/>
  <node id="2273" lat="43.0399494469" lon="-95.2746377181" version="1" timestamp="2026-09-02T12:00:00Z" changeset="1" uid="1" user="generator"/>
  <node id="2274" lat="43.0400479340" lon="-95.2748439336" version="1" timestamp="2026-09-02T12:00:00Z" changeset="1" uid="1" user="generator"/>
  <node id="2275" lat="43.0401448461" lon="-95.2750468480" version="1" timestamp="2026-09-02T12:00:00Z" changeset="1" uid="1" user="generator"/>
  <node id="2276" lat="43.0402404892" lon="-95.2752498116" version="1" timestamp="2026-09-02T12:00:00Z" changeset="1" uid="1" user="generator"/>
  <node id="2277" lat="43.0403374823" lon="-95.2754562612" version="1" timestamp="2026-09-02T12:00:00Z" changeset="1" uid="1" user="generator"/>
  <node id="2278" lat="43.0404347364" lon="-95.2756632651" version="1" timestamp="2026-09-02T12:00:00Z" changeset="1" uid="1" user="generator"/>
  <node id="2279" lat="43.0405311715" lon="-95.2758687046" version="1" timestamp="2026-09-02T12:00:00Z" changeset="1" uid="1" user="generator"/>
  <node id="2280" lat="43.0406272556" lon="-95.2760747477" version="1" timestamp="2026-09-02T12:00:00Z" changeset="1" uid="1" user="generator"/>
  <node id="2281" lat="43.0407240957" lon="-95.2762824168" version="1" timestamp="2026-09-02T12:00:00Z" changeset="1" uid="1" user="generator"/>
  <node id="2282" lat="43.0408209988" lon="-95.2764901967" version="1" timestamp="2026-09-02T12:00:00Z" changeset="1" uid="1" user="generator"/>
  <node id="2283" lat="43.0409180189" lon="-95.2766981491" version="1" timestamp="2026-09-02T12:00:00Z" changeset="1" uid="1" user="generator"/>
  <node id="2284" lat="43.0410150390" lon="-95.2769059290" version="1" timestamp="2026-09-02T12:00:00Z" changeset="1" uid="1" user="generator"/>
  <node id="2285" lat="43.0411119601" lon="-95.2771135119" version="1" timestamp="2026-09-02T12:00:00Z" changeset="1" uid="1" user="generator"/>
  <node id="2286" lat="43.0412096642" lon="-95.2773227454" version="1" timestamp="2026-09-02T12:00:00Z" changeset="1" uid="1" user="generator"/>
  <node id="2287" lat="43.0413081693" lon="-95.2775323360" version="1" timestamp="2026-09-02T12:00:00Z" changeset="1" uid="1" user="generator"/>
  <node id="2288" lat="43.0414061254" lon="-95.2777400914" version="1" timestamp="2026-09-02T12:00:00Z" changeset="1" uid="1" user="generator"/>
  <node id="2289" lat="43.0415037215" lon="-95.2779470953" version="1" timestamp="2026-09-02T12:00:00Z" changeset="1" uid="1" user="generator"/>
  <node id="2290" lat="43.0416034236" lon="-95.2781585460" version="1" timestamp="2026-09-02T12:00:00Z" changeset="1" uid="1" user="generator"/>
  <node id="2291" lat="43.0417043857" lon="-95.2783689127" version="1" timestamp="2026-09-02T12:00:00Z" changeset="1" uid="1" user="generator"/>
  <node id="2292" lat="43.0418032418" lon="-95.2785748326" version="1" timestamp="2026-09-02T12:00:00Z" changeset="1" uid="1" user="generator"/>
  <node id="2293" lat="43.0275992836" lon="-95.2798629130" version="1" timestamp="2026-09-02T12:00:00Z" changeset="1" uid="1" user="generator"/>
  <node id="2294" lat="43.0275003915" lon="-95.2800643492" version="1" timestamp="2026-09-02T12:00:00Z" changeset="1" uid="1" user="generator"/>
  <node id="2295" lat="43.0274000324" lon="-95.2802644304" version="1" timestamp="2026-09-02T12:00:00Z" changeset="1" uid="1" user="generator"/>
  <node id="2296" lat="43.0272981613" lon="-95.2804675418" version="1" timestamp="2026-09-02T12:00:00Z" changeset="1" uid="1" user="generator"/>
  <node id="2297" lat="43.0271997102" lon="-95.2806639153" version="1" timestamp="2026-09-02T12:00:00Z" changeset="1" uid="1" user="generator"/>
  <node id="2298" lat="43.0270982441" lon="-95.2808568151" version="1" timestamp="2026-09-02T12:00:00Z" changeset="1" uid="1" user="generator"/>
  <node id="2299" lat="43.0269931240" lon="-95.2810562188" version="1" timestamp="2026-09-02T12:00:00Z" changeset="1" uid="1" user="generator"/>
  <node id="2300" lat="43.0268901639" lon="-95.2812515576" version="1" timestamp="2026-09-02T12:00:00Z" changeset="1" uid="1" user="generator"/>
  <node id="2301" lat="43.0267872308" lon="-95.2814408112" version="1" timestamp="2026-09-02T12:00:00Z" changeset="1" uid="1" user="generator"/>
  <node id="2302" lat="43.0266800137" lon="-95.2816325408" version="1" timestamp="2026-09-02T12:00:00Z" changeset="1" uid="1" user="generator"/>
  <node id="2303" lat="43.0265719146" lon="-95.2818258718" version="1" timestamp="2026-09-02T12:00:00Z" changeset="1" uid="1" user="generator"/>
  <node id="2304" lat="43.0264669565" lon="-95.2820106417" version="1" timestamp="2026-09-02T12:00:00Z" changeset="1" uid="1" user="generator"/>
  <node id="2305" lat="43.0263571834" lon="-95.2821938965" version="1" timestamp="2026-09-02T12:00:00Z" changeset="1" uid="1" user="generator"/>
  <node id="2306" lat="43.0262436392" lon="-95.2823835567" version="1" timestamp="2026-09-02T12:00:00Z" changeset="1" uid="1" user="generator"/>
  <node id="2307" lat="43.0261358461" lon="-95.2825626234" version="1" timestamp="2026-09-02T12:00:00Z" changeset="1" uid="1" user="generator"/>
  <node id="2308" lat="43.0260227610" lon="-95.2827370585" version="1" timestamp="2026-09-02T12:00:00Z" changeset="1" uid="1" user="generator"/>
  <node id="2309" lat="43.0259038889" lon="-95.2829205966" version="1" timestamp="2026-09-02T12:00:00Z" changeset="1" uid="1" user="generator"/>
  <node id="2310" lat="43.0257922168" lon="-95.2830922479" version="1" timestamp="2026-09-02T12:00:00Z" changeset="1" uid="1" user="generator"/>
  <node id="2311" lat="43.0256746767" lon="-95.2832579619" version="1" timestamp="2026-09-02T12:00:00Z" changeset="1" uid="1" user="generator"/>
  <node id="2312" lat="43.0255512236" lon="-95.2834322492" version="1" timestamp="2026-09-02T12:00:00Z" changeset="1" uid="1" user="generator"/>
  <node id="2313" lat="43.0254344214" lon="-95.2835941446" version="1" timestamp="2026-09-02T12:00:00Z" changeset="1" uid="1" user="generator"/>
  <node id="2314" lat="43.0253107523" lon="-95.2837516425" version="1" timestamp="2026-09-02T12:00:00Z" changeset="1" uid="1" user="generator"/>
  <node id="2315" lat="43.0251842662" lon="-95.2839130205" version="1" timestamp="2026-09-02T12:00:00Z" changeset="1" uid="1" user="generator"/>
  <node id="2316" lat="43.0250610201" lon="-95.2840621422" version="1" timestamp="2026-09-02T12:00:00Z" changeset="1" uid="1" user="generator"/>
  <node id="2317" lat="43.0249289089" lon="-95.2842121754" version="1" timestamp="2026-09-02T12:00:00Z" changeset="1" uid="1" user="generator"/>
  <node id="2318" lat="43.0248018468" lon="-95.2843569241" version="1" timestamp="2026-09-02T12:00:00Z" changeset="1" uid="1" user="generator"/>
  <node id="2319" lat="43.0246690157" lon="-95.2844915352" version="1" timestamp="2026-09-02T12:00:00Z" changeset="1" uid="1" user="generator"/>
  <node id="2320" lat="43.0244276174" lon="-95.2840464614" version="1" timestamp="2026-09-02T12:00:00Z" changeset="1" uid="1" user="generator"/>
  <node id="2321" lat="43.0245516916" lon="-95.2839209903" version="1" timestamp="2026-09-02T12:00:00Z" changeset="1" uid="1" user="generator"/>
  <node id="2322" lat="43.0246701857" lon="-95.2837857017" version="1" timestamp="2026-09-02T12:00:00Z" changeset="1" uid="1" user="generator"/>
  <node id="2323" lat="43.0247975268" lon="-95.2836411993" version="1" timestamp="2026-09-02T12:00:00Z" changeset="1" uid="1" user="generator"/>
  <node id="2324" lat="43.0249120969" lon="-95.2835025480" version="1" timestamp="2026-09-02T12:00:00Z" changeset="1" uid="1" user="generator"/>
  <node id="2325" lat="43.0250346680" lon="-95.2833460848" version="1" timestamp="2026-09-02T12:00:00Z" changeset="1" uid="1" user="generator"/>
  <node id="2326" lat="43.0251523252" lon="-95.2831964212" version="1" timestamp="2026-09-02T12:00:00Z" changeset="1" uid="1" user="generator"/>
  <node id="2327" lat="43.0252618283" lon="-95.2830444541" version="1" timestamp="2026-09-02T12:00:00Z" changeset="1" uid="1" user="generator"/>
  <node id="2328" lat="43.0253838954" lon="-95.2828721253" version="1" timestamp="2026-09-02T12:00:00Z" changeset="1" uid="1" user="generator"/>
  <node id="2329" lat="43.0254956215" lon="-95.2827147999" version="1" timestamp="2026-09-02T12:00:00Z" changeset="1" uid="1" user="generator"/>
  <node id="2330" lat="43.0256012096" lon="-95.2825523009" version="1" timestamp="2026-09-02T12:00:00Z" changeset="1" uid="1" user="generator"/>
  <node id="2331" lat="43.0257196857" lon="-95.2823693664" version="1" timestamp="2026-09-02T12:00:00Z" changeset="1" uid="1" user="generator"/>
  <node id="2332" lat="43.0258280368" lon="-95.2822023836" version="1" timestamp="2026-09-02T12:00:00Z" changeset="1" uid="1" user="generator"/>
  <node id="2333" lat="43.0259307809" lon="-95.2820315453" version="1" timestamp="2026-09-02T12:00:00Z" changeset="1" uid="1" user="generator"/>
  <node id="2334" lat="43.0260439200" lon="-95.2818425627" version="1" timestamp="2026-09-02T12:00:00Z" changeset="1" uid="1" user="generator"/>
  <node id="2335" lat="43.0261504622" lon="-95.2816647770" version="1" timestamp="2026-09-02T12:00:00Z" changeset="1" uid="1" user="generator"/>
  <node id="2336" lat="43.0262512623" lon="-95.2814872624" version="1" timestamp="2026-09-02T12:00:00Z" changeset="1" uid="1" user="generator"/>
  <node id="2337" lat="43.0263583894" lon="-95.2812956683" version="1" timestamp="2026-09-02T12:00:00Z" changeset="1" uid="1" user="generator"/>
  <node id="2338" lat="43.0264639775" lon="-95.2811068704" version="1" timestamp="2026-09-02T12:00:00Z" changeset="1" uid="1" user="generator"/>
  <node id="2339" lat="43.0265634996" lon="-95.2809238866" version="1" timestamp="2026-09-02T12:00:00Z" changeset="1" uid="1" user="generator"/>
  <node id="2340" lat="43.0266646957" lon="-95.2807318737" version="1" timestamp="2026-09-02T12:00:00Z" changeset="1" uid="1" user="generator"/>
  <node id="2341" lat="43.0267696628" lon="-95.2805327656" version="1" timestamp="2026-09-02T12:00:00Z" changeset="1" uid="1" user="generator"/>
  <node id="2342" lat="43.0268683749" lon="-95.2803451502" version="1" timestamp="2026-09-02T12:00:00Z" changeset="1" uid="1" user="generator"/>
  <node id="2343" lat="43.0269642610" lon="-95.2801538271" version="1" timestamp="2026-09-02T12:00:00Z" changeset="1" uid="1" user="generator"/>
  <node id="2344" lat="43.0270661321" lon="-95.2799507157" version="1" timestamp="2026-09-02T12:00:00Z" changeset="1" uid="1" user="generator"/>
  <node id="2345" lat="43.0271653662" lon="-95.2797529133" version="1" timestamp="2026-09-02T12:00:00Z" changeset="1" uid="1" user="generator"/>
  <node id="2346" lat="43.0272631243" lon="-95.2795537560" version="1" timestamp="2026-09-02T12:00:00Z" changeset="1" uid="1" user="generator"/>
  <node id="2347" lat="43.0284957025" lon="-95.2806873318" version="1" timestamp="2026-09-02T12:00:00Z" changeset="1" uid="1" user="generator"/>
  <node id="2348" lat="43.0283938134" lon="-95.2808948531" version="1" timestamp="2026-09-02T12:00:00Z" changeset="1" uid="1" user="generator"/>
  <node id="2349" lat="43.0282904303" lon="-95.2811009824" version="1" timestamp="2026-09-02T12:00:00Z" changeset="1" uid="1" user="generator"/>
  <node id="2350" lat="43.0281885592" lon="-95.2813040938" version="1" timestamp="2026-09-02T12:00:00Z" changeset="1" uid="1" user="generator"/>
  <node id="2351" lat="43.0280832771" lon="-95.2815139432" version="1" timestamp="2026-09-02T12:00:00Z" changeset="1" uid="1" user="generator"/>
  <node id="2352" lat="43.0279744670" lon="-95.2817209594" version="1" timestamp="2026-09-02T12:00:00Z" changeset="1" uid="1" user="generator"/>
  <node id="2353" lat="43.0278689419" lon="-95.2819211268" version="1" timestamp="2026-09-02T12:00:00Z" changeset="1" uid="1" user="generator"/>
  <node id="2354" lat="43.0277612568" lon="-95.2821253592" version="1" timestamp="2026-09-02T12:00:00Z" changeset="1" uid="1" user="generator"/>
  <node id="2355" lat="43.0276492516" lon="-95.2823313037" version="1" timestamp="2026-09-02T12:00:00Z" changeset="1" uid="1" user="generator"/>
  <node id="2356" lat="43.0275376875" lon="-95.2825308676" version="1" timestamp="2026-09-02T12:00:00Z" changeset="1" uid="1" user="generator"/>
  <node id="2357" lat="43.0274269964" lon="-95.2827288178" version="1" timestamp="2026-09-02T12:00:00Z" changeset="1" uid="1" user="generator"/>
  <node id="2358" lat="43.0273109413" lon="-95.2829329269" version="1" timestamp="2026-09-02T12:00:00Z" changeset="1" uid="1" user="generator"/>
  <node id="2359" lat="43.0271925462" lon="-95.2831307786" version="1" timestamp="2026-09-02T12:00:00Z" changeset="1" uid="1" user="generator"/>
  <node id="2360" lat="43.0270779221" lon="-95.2833222372" version="1" timestamp="2026-09-02T12:00:00Z" changeset="1" uid="1" user="generator"/>
  <node id="2361" lat="43.0269566740" lon="-95.2835232669" version="1" timestamp="2026-09-02T12:00:00Z" changeset="1" uid="1" user="generator"/>
  <node id="2362" lat="43.0268309618" lon="-95.2837175586" version="1" timestamp="2026-09-02T12:00:00Z" changeset="1" uid="1" user="generator"/>
  <node id="2363" lat="43.0267110277" lon="-95.2839027350" version="1" timestamp="2026-09-02T12:00:00Z" changeset="1" uid="1" user="generator"/>
  <node id="2364" lat="43.0265831286" lon="-95.2840988005" version="1" timestamp="2026-09-02T12:00:00Z" changeset="1" uid="1" user="generator"/>
  <node id="2365" lat="43.0264500905" lon="-95.2842868594" version="1" timestamp="2026-09-02T12:00:00Z" changeset="1" uid="1" user="generator"/>
  <node id="2366" lat="43.0263229473" lon="-95.2844663326" version="1" timestamp="2026-09-02T12:00:00Z" changeset="1" uid="1" user="generator"/>
  <node id="2367" lat="43.0261866962" lon="-95.2846547363" version="1" timestamp="2026-09-02T12:00:00Z" changeset="1" uid="1" user="generator"/>
  <node id="2368" lat="43.0260469710" lon="-95.2848331255" version="1" timestamp="2026-09-02T12:00:00Z" changeset="1" uid="1" user="generator"/>
  <node id="2369" lat="43.0259100629" lon="-95.2850076222" version="1" timestamp="2026-09-02T12:00:00Z" changeset="1" uid="1" user="generator"/>
  <node id="2370" lat="43.0257636868" lon="-95.2851846811" version="1" timestamp="2026-09-02T12:00:00Z" changeset="1" uid="1" user="generator"/>
  <node id="2371" lat="43.0256188226" lon="-95.2853494096" version="1" timestamp="2026-09-02T12:00:00Z" changeset="1" uid="1" user="generator"/>
  <node id="2372" lat="43.0254689185" lon="-95.2855194103" version="1" timestamp="2026-09-02T12:00:00Z" changeset="1" uid="1" user="generator"/>
  <node id="2373" lat="43.0253127593" lon="-95.2856784110" version="1" timestamp="2026-09-02T12:00:00Z" changeset="1" uid="1" user="generator"/>
  <node id="2374" lat="43.0255541576" lon="-95.2861234971" version="1" timestamp="2026-09-02T12:00:00Z" changeset="1" uid="1" user="generator"/>
  <node id="2375" lat="43.0257190737" lon="-95.2859553441" version="1" timestamp="2026-09-02T12:00:00Z" changeset="1" uid="1" user="generator"/>
  <node id="2376" lat="43.0258775459" lon="-95.2857758709" version="1" timestamp="2026-09-02T12:00:00Z" changeset="1" uid="1" user="generator"/>
  <node id="2377" lat="43.0260271800" lon="-95.2856056239" version="1" timestamp="2026-09-02T12:00:00Z" changeset="1" uid="1" user="generator"/>
  <node id="2378" lat="43.0261822412" lon="-95.2854181071" version="1" timestamp="2026-09-02T12:00:00Z" changeset="1" uid="1" user="generator"/>
  <node id="2379" lat="43.0263230553" lon="-95.2852386832" version="1" timestamp="2026-09-02T12:00:00Z" changeset="1" uid="1" user="generator"/>
  <node id="2380" lat="43.0264688015" lon="-95.2850524597" version="1" timestamp="2026-09-02T12:00:00Z" changeset="1" uid="1" user="generator"/>
  <node id="2381" lat="43.0266123426" lon="-95.2848541154" version="1" timestamp="2026-09-02T12:00:00Z" changeset="1" uid="1" user="generator"/>
  <node id="2382" lat="43.0267408627" lon="-95.2846726959" version="1" timestamp="2026-09-02T12:00:00Z" changeset="1" uid="1" user="generator"/>
  <node id="2383" lat="43.0268797239" lon="-95.2844762609" version="1" timestamp="2026-09-02T12:00:00Z" changeset="1" uid="1" user="generator"/>
  <node id="2384" lat="43.0270137070" lon="-95.2842710307" version="1" timestamp="2026-09-02T12:00:00Z" changeset="1" uid="1" user="generator"/>
  <node id="2385" lat="43.0271340371" lon="-95.2840852384" version="1" timestamp="2026-09-02T12:00:00Z" changeset="1" uid="1" user="generator"/>
  <node id="2386" lat="43.0272644833" lon="-95.2838835066" version="1" timestamp="2026-09-02T12:00:00Z" changeset="1" uid="1" user="generator"/>
  <node id="2387" lat="43.0273907714" lon="-95.2836742485" version="1" timestamp="2026-09-02T12:00:00Z" changeset="1" uid="1" user="generator"/>
  <node id="2388" lat="43.0275058095" lon="-95.2834821124" version="1" timestamp="2026-09-02T12:00:00Z" changeset="1" uid="1" user="generator"/>
  <node id="2389" lat="43.0276274356" lon="-95.2832787916" version="1" timestamp="2026-09-02T12:00:00Z" changeset="1" uid="1" user="generator"/>
  <node id="2390" lat="43.0277476487" lon="-95.2830674271" version="1" timestamp="2026-09-02T12:00:00Z" changeset="1" uid="1" user="generator"/>
  <node id="2391" lat="43.0278593119" lon="-95.2828677401" version="1" timestamp="2026-09-02T12:00:00Z" changeset="1" uid="1" user="generator"/>
  <node id="2392" lat="43.0279725050" lon="-95.2826652446" version="1" timestamp="2026-09-02T12:00:00Z" changeset="1" uid="1" user="generator"/>
  <node id="2393" lat="43.0280879211" lon="-95.2824530302" version="1" timestamp="2026-09-02T12:00:00Z" changeset="1" uid="1" user="generator"/>
  <node id="2394" lat="43.0281973792" lon="-95.2822454720" version="1" timestamp="2026-09-02T12:00:00Z" changeset="1" uid="1" user="generator"/>
  <node id="2395" lat="43.0283030483" lon="-95.2820450212" version="1" timestamp="2026-09-02T12:00:00Z" changeset="1" uid="1" user="generator"/>
  <node id="2396" lat="43.0284146124" lon="-95.2818326959" version="1" timestamp="2026-09-02T12:00:00Z" changeset="1" uid="1" user="generator"/>
  <node id="2397" lat="43.0285224595" lon="-95.2816178085" version="1" timestamp="2026-09-02T12:00:00Z" changeset="1" uid="1" user="generator"/>
  <node id="2398" lat="43.0286243306" lon="-95.2814146971" version="1" timestamp="2026-09-02T12:00:00Z" changeset="1" uid="1" user="generator"/>
  <node id="2399" lat="43.0287288477" lon="-95.2812062889" version="1" timestamp="2026-09-02T12:00:00Z" changeset="1" uid="1" user="generator"/>
  <node id="2400" lat="43.0288318618" lon="-95.2809964888" version="1" timestamp="2026-09-02T12:00:00Z" changeset="1" uid="1" user="generator"/>
  <node id="2401" lat="43.0943590824" lon="-95.3103596205" version="1" timestamp="2026-09-02T12:00:00Z" changeset="1" uid="1" user="generator"/>
  <node id="2402" lat="43.0943590824" lon="-95.3081834249" version="1" timestamp="2026-09-02T12:00:00Z" changeset="1" uid="1" user="generator"/>
  <node id="2403" lat="43.0907830548" lon="-95.3081834249" version="1" timestamp="2026-09-02T12:00:00Z" changeset="1" uid="1" user="generator"/>
  <node id="2404" lat="43.0907830548" lon="-95.3103596205" version="1" timestamp="2026-09-02T12:00:00Z" changeset="1" uid="1" user="generator"/>
  <node id="2405" lat="43.0943590824" lon="-95.3081218349" version="1" timestamp="2026-09-02T12:00:00Z" changeset="1" uid="1" user="generator"/>
  <node id="2406" lat="43.0943590824" lon="-95.3057054385" version="1" timestamp="2026-09-02T12:00:00Z" changeset="1" uid="1" user="generator"/>
  <node id="2407" lat="43.0907830548" lon="-95.3057054385" version="1" timestamp="2026-09-02T12:00:00Z" changeset="1" uid="1" user="generator"/>
  <node id="2408" lat="43.0907830548" lon="-95.3081218349" version="1" timestamp="2026-09-02T12:00:00Z" changeset="1" uid="1" user="generator"/>
  <node id="2409" lat="43.0943590824" lon="-95.3056438485" version="1" timestamp="2026-09-02T12:00:00Z" changeset="1" uid="1" user="generator"/>
  <node id="2410" lat="43.0943590824" lon="-95.3032274520" version="1" timestamp="2026-09-02T12:00:00Z" changeset="1" uid="1" user="generator"/>
  <node id="2411" lat="43.0907830548" lon="-95.3032274520" version="1" timestamp="2026-09-02T12:00:00Z" changeset="1" uid="1" user="generator"/>
  <node id="2412" lat="43.0907830548" lon="-95.3056438485" version="1" timestamp="2026-09-02T12:00:00Z" changeset="1" uid="1" user="generator"/>
  <node id="2413" lat="43.0943590824" lon="-95.3031658621" version="1" timestamp="2026-09-02T12:00:00Z" changeset="1" uid="1" user="generator"/>
  <node id="2414" lat="43.0943590824" lon="-95.2982714792" version="1" timestamp="2026-09-02T12:00:00Z" changeset="1" uid="1" user="generator"/>
  <node id="2415" lat="43.0872970273" lon="-95.2982714792" version="1" timestamp="2026-09-02T12:00:00Z" changeset="1" uid="1" user="generator"/>
  <node id="2416" lat="43.0872970273" lon="-95.3031658621" version="1" timestamp="2026-09-02T12:00:00Z" changeset="1" uid="1" user="generator"/>
  <node id="2417" lat="43.0943590824" lon="-95.2982098892" version="1" timestamp="2026-09-02T12:00:00Z" changeset="1" uid="1" user="generator"/>
  <node id="2418" lat="43.0943590824" lon="-95.2933155063" version="1" timestamp="2026-09-02T12:00:00Z" changeset="1" uid="1" user="generator"/>
  <node id="2419" lat="43.0886508177" lon="-95.2933155063" version="1" timestamp="2026-09-02T12:00:00Z" changeset="1" uid="1" user="generator"/>
  <node id="2420" lat="43.0886508177" lon="-95.2982098892" version="1" timestamp="2026-09-02T12:00:00Z" changeset="1" uid="1" user="generator"/>
  <node id="2421" lat="43.0943590824" lon="-95.2932539163" version="1" timestamp="2026-09-02T12:00:00Z" changeset="1" uid="1" user="generator"/>
  <node id="2422" lat="43.0943590824" lon="-95.2908375199" version="1" timestamp="2026-09-02T12:00:00Z" changeset="1" uid="1" user="generator"/>
  <node id="2423" lat="43.0872970273" lon="-95.2908375199" version="1" timestamp="2026-09-02T12:00:00Z" changeset="1" uid="1" user="generator"/>
  <node id="2424" lat="43.0872970273" lon="-95.2932539163" version="1" timestamp="2026-09-02T12:00:00Z" changeset="1" uid="1" user="generator"/>
  <node id="2425" lat="43.0943590824" lon="-95.2907759299" version="1" timestamp="2026-09-02T12:00:00Z" changeset="1" uid="1" user="generator"/>
  <node id="2426" lat="43.0943590824" lon="-95.2890054152" version="1" timestamp="2026-09-02T12:00:00Z" changeset="1" uid="1" user="generator"/>
  <node id="2427" lat="43.0902250542" lon="-95.2890054152" version="1" timestamp="2026-09-02T12:00:00Z" changeset="1" uid="1" user="generator"/>
  <node id="2428" lat="43.0902250542" lon="-95.2907759299" version="1" timestamp="2026-09-02T12:00:00Z" changeset="1" uid="1" user="generator"/>
  <node id="2429" lat="43.0943590824" lon="-95.2677084147" version="1" timestamp="2026-09-02T12:00:00Z" changeset="1" uid="1" user="generator"/>
  <node id="2430" lat="43.0943590824" lon="-95.2611016827" version="1" timestamp="2026-09-02T12:00:00Z" changeset="1" uid="1" user="generator"/>
  <node id="2431" lat="43.0902250542" lon="-95.2611016827" version="1" timestamp="2026-09-02T12:00:00Z" changeset="1" uid="1" user="generator"/>
  <node id="2432" lat="43.0902250542" lon="-95.2677084147" version="1" timestamp="2026-09-02T12:00:00Z" changeset="1" uid="1" user="generator"/>
  <node id="2433" lat="43.0943590824" lon="-95.2610400927" version="1" timestamp="2026-09-02T12:00:00Z" changeset="1" uid="1" user="generator"/>
  <node id="2434" lat="43.0943590824" lon="-95.2561457098" version="1" timestamp="2026-09-02T12:00:00Z" changeset="1" uid="1" user="generator"/>
  <node id="2435" lat="43.0902250542" lon="-95.2561457098" version="1" timestamp="2026-09-02T12:00:00Z" changeset="1" uid="1" user="generator"/>
  <node id="2436" lat="43.0902250542" lon="-95.2610400927" version="1" timestamp="2026-09-02T12:00:00Z" changeset="1" uid="1" user="generator"/>
  <node id="2437" lat="43.0943590824" lon="-95.2560841199" version="1" timestamp="2026-09-02T12:00:00Z" changeset="1" uid="1" user="generator"/>
  <node id="2438" lat="43.0943590824" lon="-95.2536677234" version="1" timestamp="2026-09-02T12:00:00Z" changeset="1" uid="1" user="generator"/>
  <node id="2439" lat="43.0907830548" lon="-95.2536677234" version="1" timestamp="2026-09-02T12:00:00Z" changeset="1" uid="1" user="generator"/>
  <node id="2440" lat="43.0907830548" lon="-95.2560841199" version="1" timestamp="2026-09-02T12:00:00Z" changeset="1" uid="1" user="generator"/>
  <node id="2441" lat="43.0943590824" lon="-95.2536061334" version="1" timestamp="2026-09-02T12:00:00Z" changeset="1" uid="1" user="generator"/>
  <node id="2442" lat="43.0943590824" lon="-95.2511897370" version="1" timestamp="2026-09-02T12:00:00Z" changeset="1" uid="1" user="generator"/>
  <node id="2443" lat="43.0907830548" lon="-95.2511897370" version="1" timestamp="2026-09-02T12:00:00Z" changeset="1" uid="1" user="generator"/>
  <node id="2444" lat="43.0907830548" lon="-95.2536061334" version="1" timestamp="2026-09-02T12:00:00Z" changeset="1" uid="1" user="generator"/>
  <node id="2445" lat="43.0938190818" lon="-95.3279457264" version="1" timestamp="2026-09-02T12:00:00Z" changeset="1" uid="1" user="generator"/>
  <node id="2446" lat="43.0938190818" lon="-95.3235084766" version="1" timestamp="2026-09-02T12:00:00Z" changeset="1" uid="1" user="generator"/>
  <node id="2447" lat="43.0872970273" lon="-95.3235084766" version="1" timestamp="2026-09-02T12:00:00Z" changeset="1" uid="1" user="generator"/>
  <node id="2448" lat="43.0872970273" lon="-95.3279457264" version="1" timestamp="2026-09-02T12:00:00Z" changeset="1" uid="1" user="generator"/>
  <node id="2449" lat="43.0938190818" lon="-95.3229897535" version="1" timestamp="2026-09-02T12:00:00Z" changeset="1" uid="1" user="generator"/>
  <node id="2450" lat="43.0938190818" lon="-95.3205733571" version="1" timestamp="2026-09-02T12:00:00Z" changeset="1" uid="1" user="generator"/>
  <node id="2451" lat="43.0914029574" lon="-95.3205733571" version="1" timestamp="2026-09-02T12:00:00Z" changeset="1" uid="1" user="generator"/>
  <node id="2452" lat="43.0914029574" lon="-95.3229897535" version="1" timestamp="2026-09-02T12:00:00Z" changeset="1" uid="1" user="generator"/>
  <node id="2453" lat="43.0938190818" lon="-95.3205117671" version="1" timestamp="2026-09-02T12:00:00Z" changeset="1" uid="1" user="generator"/>
  <node id="2454" lat="43.0938190818" lon="-95.3109016122" version="1" timestamp="2026-09-02T12:00:00Z" changeset="1" uid="1" user="generator"/>
  <node id="2455" lat="43.0925935686" lon="-95.3109016122" version="1" timestamp="2026-09-02T12:00:00Z" changeset="1" uid="1" user="generator"/>
  <node id="2456" lat="43.0925935686" lon="-95.3205117671" version="1" timestamp="2026-09-02T12:00:00Z" changeset="1" uid="1" user="generator"/>
  <node id="2457" lat="43.0938190818" lon="-95.2436941877" version="1" timestamp="2026-09-02T12:00:00Z" changeset="1" uid="1" user="generator"/>
  <node id="2458" lat="43.0938190818" lon="-95.2412777912" version="1" timestamp="2026-09-02T12:00:00Z" changeset="1" uid="1" user="generator"/>
  <node id="2459" lat="43.0907830548" lon="-95.2412777912" version="1" timestamp="2026-09-02T12:00:00Z" changeset="1" uid="1" user="generator"/>
  <node id="2460" lat="43.0907830548" lon="-95.2436941877" version="1" timestamp="2026-09-02T12:00:00Z" changeset="1" uid="1" user="generator"/>
  <node id="2461" lat="43.0938190818" lon="-95.2412162013" version="1" timestamp="2026-09-02T12:00:00Z" changeset="1" uid="1" user="generator"/>
  <node id="2462" lat="43.0938190818" lon="-95.2363218184" version="1" timestamp="2026-09-02T12:00:00Z" changeset="1" uid="1" user="generator"/>
  <node id="2463" lat="43.0872970273" lon="-95.2363218184" version="1" timestamp="2026-09-02T12:00:00Z" changeset="1" uid="1" user="generator"/>
  <node id="2464" lat="43.0872970273" lon="-95.2412162013" version="1" timestamp="2026-09-02T12:00:00Z" changeset="1" uid="1" user="generator"/>
  <node id="2465" lat="43.0938190818" lon="-95.2362602284" version="1" timestamp="2026-09-02T12:00:00Z" changeset="1" uid="1" user="generator"/>
  <node id="2466" lat="43.0938190818" lon="-95.2313658455" version="1" timestamp="2026-09-02T12:00:00Z" changeset="1" uid="1" user="generator"/>
  <node id="2467" lat="43.0872970273" lon="-95.2313658455" version="1" timestamp="2026-09-02T12:00:00Z" changeset="1" uid="1" user="generator"/>
  <node id="2468" lat="43.0872970273" lon="-95.2362602284" version="1" timestamp="2026-09-02T12:00:00Z" changeset="1" uid="1" user="generator"/>
  <node id="2469" lat="43.0925485685" lon="-95.3205117671" version="1" timestamp="2026-09-02T12:00:00Z" changeset="1" uid="1" user="generator"/>
  <node id="2470" lat="43.0925485685" lon="-95.3156173842" version="1" timestamp="2026-09-02T12:00:00Z" changeset="1" uid="1" user="generator"/>
  <node id="2471" lat="43.0914029574" lon="-95.3156173842" version="1" timestamp="2026-09-02T12:00:00Z" changeset="1" uid="1" user="generator"/>
  <node id="2472" lat="43.0914029574" lon="-95.3205117671" version="1" timestamp="2026-09-02T12:00:00Z" changeset="1" uid="1" user="generator"/>
  <node id="2473" lat="43.0925485685" lon="-95.3155557942" version="1" timestamp="2026-09-02T12:00:00Z" changeset="1" uid="1" user="generator"/>
  <node id="2474" lat="43.0925485685" lon="-95.3109016122" version="1" timestamp="2026-09-02T12:00:00Z" changeset="1" uid="1" user="generator"/>
  <node id="2475" lat="43.0907830548" lon="-95.3109016122" version="1" timestamp="2026-09-02T12:00:00Z" changeset="1" uid="1" user="generator"/>
  <node id="2476" lat="43.0907830548" lon="-95.3155557942" version="1" timestamp="2026-09-02T12:00:00Z" changeset="1" uid="1" user="generator"/>
  <node id="2477" lat="43.0925485685" lon="-95.2882979435" version="1" timestamp="2026-09-02T12:00:00Z" changeset="1" uid="1" user="generator"/>
  <node id="2478" lat="43.0925485685" lon="-95.2858815470" version="1" timestamp="2026-09-02T12:00:00Z" changeset="1" uid="1" user="generator"/>
  <node id="2479" lat="43.0907830548" lon="-95.2858815470" version="1" timestamp="2026-09-02T12:00:00Z" changeset="1" uid="1" user="generator"/>
  <node id="2480" lat="43.0907830548" lon="-95.2882979435" version="1" timestamp="2026-09-02T12:00:00Z" changeset="1" uid="1" user="generator"/>
  <node id="2481" lat="43.0925485685" lon="-95.2486501606" version="1" timestamp="2026-09-02T12:00:00Z" changeset="1" uid="1" user="generator"/>
  <node id="2482" lat="43.0925485685" lon="-95.2437557777" version="1" timestamp="2026-09-02T12:00:00Z" changeset="1" uid="1" user="generator"/>
  <node id="2483" lat="43.0907830548" lon="-95.2437557777" version="1" timestamp="2026-09-02T12:00:00Z" changeset="1" uid="1" user="generator"/>
  <node id="2484" lat="43.0907830548" lon="-95.2486501606" version="1" timestamp="2026-09-02T12:00:00Z" changeset="1" uid="1" user="generator"/>
  <node id="2485" lat="43.0907380547" lon="-95.3176917469" version="1" timestamp="2026-09-02T12:00:00Z" changeset="1" uid="1" user="generator"/>
  <node id="2486" lat="43.0907380547" lon="-95.3156173842" version="1" timestamp="2026-09-02T12:00:00Z" changeset="1" uid="1" user="generator"/>
  <node id="2487" lat="43.0872970273" lon="-95.3156173842" version="1" timestamp="2026-09-02T12:00:00Z" changeset="1" uid="1" user="generator"/>
  <node id="2488" lat="43.0872970273" lon="-95.3176917469" version="1" timestamp="2026-09-02T12:00:00Z" changeset="1" uid="1" user="generator"/>
  <node id="2489" lat="43.0907380547" lon="-95.3056438485" version="1" timestamp="2026-09-02T12:00:00Z" changeset="1" uid="1" user="generator"/>
  <node id="2490" lat="43.0907380547" lon="-95.3032274520" version="1" timestamp="2026-09-02T12:00:00Z" changeset="1" uid="1" user="generator"/>
  <node id="2491" lat="43.0872970273" lon="-95.3032274520" version="1" timestamp="2026-09-02T12:00:00Z" changeset="1" uid="1" user="generator"/>
  <node id="2492" lat="43.0872970273" lon="-95.3056438485" version="1" timestamp="2026-09-02T12:00:00Z" changeset="1" uid="1" user="generator"/>
  <node id="2493" lat="43.0907380547" lon="-95.2559860809" version="1" timestamp="2026-09-02T12:00:00Z" changeset="1" uid="1" user="generator"/>
  <node id="2494" lat="43.0907380547" lon="-95.2536677234" version="1" timestamp="2026-09-02T12:00:00Z" changeset="1" uid="1" user="generator"/>
  <node id="2495" lat="43.0872970273" lon="-95.2536677234" version="1" timestamp="2026-09-02T12:00:00Z" changeset="1" uid="1" user="generator"/>
  <node id="2496" lat="43.0872970273" lon="-95.2559860809" version="1" timestamp="2026-09-02T12:00:00Z" changeset="1" uid="1" user="generator"/>
  <node id="2497" lat="43.0907380547" lon="-95.2460373660" version="1" timestamp="2026-09-02T12:00:00Z" changeset="1" uid="1" user="generator"/>
  <node id="2498" lat="43.0907380547" lon="-95.2437557777" version="1" timestamp="2026-09-02T12:00:00Z" changeset="1" uid="1" user="generator"/>
  <node id="2499" lat="43.0872970273" lon="-95.2437557777" version="1" timestamp="2026-09-02T12:00:00Z" changeset="1" uid="1" user="generator"/>
  <node id="2500" lat="43.0872970273" lon="-95.2460373660" version="1" timestamp="2026-09-02T12:00:00Z" changeset="1" uid="1" user="generator"/>
  <node id="2501" lat="43.0907380547" lon="-95.2436941877" version="1" timestamp="2026-09-02T12:00:00Z" changeset="1" uid="1" user="generator"/>
  <node id="2502" lat="43.0907380547" lon="-95.2412777912" version="1" timestamp="2026-09-02T12:00:00Z" changeset="1" uid="1" user="generator"/>
  <node id="2503" lat="43.0872970273" lon="-95.2412777912" version="1" timestamp="2026-09-02T12:00:00Z" changeset="1" uid="1" user="generator"/>
  <node id="2504" lat="43.0872970273" lon="-95.2436941877" version="1" timestamp="2026-09-02T12:00:00Z" changeset="1" uid="1" user="generator"/>
  <node id="2505" lat="43.0869820270" lon="-95.3279457264" version="1" timestamp="2026-09-02T12:00:00Z" changeset="1" uid="1" user="generator"/>
  <node id="2506" lat="43.0869820270" lon="-95.3213124368" version="1" timestamp="2026-09-02T12:00:00Z" changeset="1" uid="1" user="generator"/>
  <node id="2507" lat="43.0728129168" lon="-95.3213124368" version="1" timestamp="2026-09-02T12:00:00Z" changeset="1" uid="1" user="generator"/>
  <node id="2508" lat="43.0728129168" lon="-95.3279457264" version="1" timestamp="2026-09-02T12:00:00Z" changeset="1" uid="1" user="generator"/>
  <node id="2509" lat="43.0869820270" lon="-95.3197726874" version="1" timestamp="2026-09-02T12:00:00Z" changeset="1" uid="1" user="generator"/>
  <node id="2510" lat="43.0869820270" lon="-95.3180953706" version="1" timestamp="2026-09-02T12:00:00Z" changeset="1" uid="1" user="generator"/>
  <node id="2511" lat="43.0728129168" lon="-95.3180953706" version="1" timestamp="2026-09-02T12:00:00Z" changeset="1" uid="1" user="generator"/>
  <node id="2512" lat="43.0728129168" lon="-95.3197726874" version="1" timestamp="2026-09-02T12:00:00Z" changeset="1" uid="1" user="generator"/>
  <node id="2513" lat="43.0869820270" lon="-95.3180337807" version="1" timestamp="2026-09-02T12:00:00Z" changeset="1" uid="1" user="generator"/>
  <node id="2514" lat="43.0869820270" lon="-95.3156173842" version="1" timestamp="2026-09-02T12:00:00Z" changeset="1" uid="1" user="generator"/>
  <node id="2515" lat="43.0728129168" lon="-95.3156173842" version="1" timestamp="2026-09-02T12:00:00Z" changeset="1" uid="1" user="generator"/>
  <node id="2516" lat="43.0728129168" lon="-95.3180337807" version="1" timestamp="2026-09-02T12:00:00Z" changeset="1" uid="1" user="generator"/>
  <node id="2517" lat="43.0869820270" lon="-95.3056438485" version="1" timestamp="2026-09-02T12:00:00Z" changeset="1" uid="1" user="generator"/>
  <node id="2518" lat="43.0869820270" lon="-95.3032274520" version="1" timestamp="2026-09-02T12:00:00Z" changeset="1" uid="1" user="generator"/>
  <node id="2519" lat="43.0728129168" lon="-95.3032274520" version="1" timestamp="2026-09-02T12:00:00Z" changeset="1" uid="1" user="generator"/>
  <node id="2520" lat="43.0728129168" lon="-95.3056438485" version="1" timestamp="2026-09-02T12:00:00Z" changeset="1" uid="1" user="generator"/>
  <node id="2521" lat="43.0869820270" lon="-95.2932539163" version="1" timestamp="2026-09-02T12:00:00Z" changeset="1" uid="1" user="generator"/>
  <node id="2522" lat="43.0869820270" lon="-95.2908375199" version="1" timestamp="2026-09-02T12:00:00Z" changeset="1" uid="1" user="generator"/>
  <node id="2523" lat="43.0762989443" lon="-95.2908375199" version="1" timestamp="2026-09-02T12:00:00Z" changeset="1" uid="1" user="generator"/>
  <node id="2524" lat="43.0762989443" lon="-95.2932539163" version="1" timestamp="2026-09-02T12:00:00Z" changeset="1" uid="1" user="generator"/>
  <node id="2525" lat="43.0869820270" lon="-95.2559860809" version="1" timestamp="2026-09-02T12:00:00Z" changeset="1" uid="1" user="generator"/>
  <node id="2526" lat="43.0869820270" lon="-95.2536677234" version="1" timestamp="2026-09-02T12:00:00Z" changeset="1" uid="1" user="generator"/>
  <node id="2527" lat="43.0728129168" lon="-95.2536677234" version="1" timestamp="2026-09-02T12:00:00Z" changeset="1" uid="1" user="generator"/>
  <node id="2528" lat="43.0728129168" lon="-95.2559860809" version="1" timestamp="2026-09-02T12:00:00Z" changeset="1" uid="1" user="generator"/>
  <node id="2529" lat="43.0869820270" lon="-95.2460373660" version="1" timestamp="2026-09-02T12:00:00Z" changeset="1" uid="1" user="generator"/>
  <node id="2530" lat="43.0869820270" lon="-95.2437557777" version="1" timestamp="2026-09-02T12:00:00Z" changeset="1" uid="1" user="generator"/>
  <node id="2531" lat="43.0835409995" lon="-95.2437557777" version="1" timestamp="2026-09-02T12:00:00Z" changeset="1" uid="1" user="generator"/>
  <node id="2532" lat="43.0835409995" lon="-95.2460373660" version="1" timestamp="2026-09-02T12:00:00Z" changeset="1" uid="1" user="generator"/>
  <node id="2533" lat="43.0869820270" lon="-95.2436941877" version="1" timestamp="2026-09-02T12:00:00Z" changeset="1" uid="1" user="generator"/>
  <node id="2534" lat="43.0869820270" lon="-95.2412777912" version="1" timestamp="2026-09-02T12:00:00Z" changeset="1" uid="1" user="generator"/>
  <node id="2535" lat="43.0728129168" lon="-95.2412777912" version="1" timestamp="2026-09-02T12:00:00Z" changeset="1" uid="1" user="generator"/>
  <node id="2536" lat="43.0728129168" lon="-95.2436941877" version="1" timestamp="2026-09-02T12:00:00Z" changeset="1" uid="1" user="generator"/>
  <node id="2537" lat="43.0869820270" lon="-95.2386875632" version="1" timestamp="2026-09-02T12:00:00Z" changeset="1" uid="1" user="generator"/>
  <node id="2538" lat="43.0869820270" lon="-95.2313658455" version="1" timestamp="2026-09-02T12:00:00Z" changeset="1" uid="1" user="generator"/>
  <node id="2539" lat="43.0728129168" lon="-95.2313658455" version="1" timestamp="2026-09-02T12:00:00Z" changeset="1" uid="1" user="generator"/>
  <node id="2540" lat="43.0728129168" lon="-95.2386875632" version="1" timestamp="2026-09-02T12:00:00Z" changeset="1" uid="1" user="generator"/>
  <node id="2541" lat="43.0840549721" lon="-95.3031658621" version="1" timestamp="2026-09-02T12:00:00Z" changeset="1" uid="1" user="generator"/>
  <node id="2542" lat="43.0840549721" lon="-95.3007494656" version="1" timestamp="2026-09-02T12:00:00Z" changeset="1" uid="1" user="generator"/>
  <node id="2543" lat="43.0728129168" lon="-95.3007494656" version="1" timestamp="2026-09-02T12:00:00Z" changeset="1" uid="1" user="generator"/>
  <node id="2544" lat="43.0728129168" lon="-95.3031658621" version="1" timestamp="2026-09-02T12:00:00Z" changeset="1" uid="1" user="generator"/>
  <node id="2545" lat="43.0840549721" lon="-95.3006878756" version="1" timestamp="2026-09-02T12:00:00Z" changeset="1" uid="1" user="generator"/>
  <node id="2546" lat="43.0840549721" lon="-95.2982714792" version="1" timestamp="2026-09-02T12:00:00Z" changeset="1" uid="1" user="generator"/>
  <node id="2547" lat="43.0728129168" lon="-95.2982714792" version="1" timestamp="2026-09-02T12:00:00Z" changeset="1" uid="1" user="generator"/>
  <node id="2548" lat="43.0728129168" lon="-95.3006878756" version="1" timestamp="2026-09-02T12:00:00Z" changeset="1" uid="1" user="generator"/>
  <node id="2549" lat="43.0840549721" lon="-95.2982098892" version="1" timestamp="2026-09-02T12:00:00Z" changeset="1" uid="1" user="generator"/>
  <node id="2550" lat="43.0840549721" lon="-95.2957934927" version="1" timestamp="2026-09-02T12:00:00Z" changeset="1" uid="1" user="generator"/>
  <node id="2551" lat="43.0762989443" lon="-95.2957934927" version="1" timestamp="2026-09-02T12:00:00Z" changeset="1" uid="1" user="generator"/>
  <node id="2552" lat="43.0762989443" lon="-95.2982098892" version="1" timestamp="2026-09-02T12:00:00Z" changeset="1" uid="1" user="generator"/>
  <node id="2553" lat="43.0840549721" lon="-95.2957319028" version="1" timestamp="2026-09-02T12:00:00Z" changeset="1" uid="1" user="generator"/>
  <node id="2554" lat="43.0840549721" lon="-95.2933155063" version="1" timestamp="2026-09-02T12:00:00Z" changeset="1" uid="1" user="generator"/>
  <node id="2555" lat="43.0744884305" lon="-95.2933155063" version="1" timestamp="2026-09-02T12:00:00Z" changeset="1" uid="1" user="generator"/>
  <node id="2556" lat="43.0744884305" lon="-95.2957319028" version="1" timestamp="2026-09-02T12:00:00Z" changeset="1" uid="1" user="generator"/>
  <node id="2557" lat="43.0834959995" lon="-95.3155557942" version="1" timestamp="2026-09-02T12:00:00Z" changeset="1" uid="1" user="generator"/>
  <node id="2558" lat="43.0834959995" lon="-95.3131393978" version="1" timestamp="2026-09-02T12:00:00Z" changeset="1" uid="1" user="generator"/>
  <node id="2559" lat="43.0728129168" lon="-95.3131393978" version="1" timestamp="2026-09-02T12:00:00Z" changeset="1" uid="1" user="generator"/>
  <node id="2560" lat="43.0728129168" lon="-95.3155557942" version="1" timestamp="2026-09-02T12:00:00Z" changeset="1" uid="1" user="generator"/>
  <node id="2561" lat="43.0834959995" lon="-95.3130778078" version="1" timestamp="2026-09-02T12:00:00Z" changeset="1" uid="1" user="generator"/>
  <node id="2562" lat="43.0834959995" lon="-95.3109016122" version="1" timestamp="2026-09-02T12:00:00Z" changeset="1" uid="1" user="generator"/>
  <node id="2563" lat="43.0728129168" lon="-95.3109016122" version="1" timestamp="2026-09-02T12:00:00Z" changeset="1" uid="1" user="generator"/>
  <node id="2564" lat="43.0728129168" lon="-95.3130778078" version="1" timestamp="2026-09-02T12:00:00Z" changeset="1" uid="1" user="generator"/>
  <node id="2565" lat="43.0834959995" lon="-95.3103596205" version="1" timestamp="2026-09-02T12:00:00Z" changeset="1" uid="1" user="generator"/>
  <node id="2566" lat="43.0834959995" lon="-95.3081834249" version="1" timestamp="2026-09-02T12:00:00Z" changeset="1" uid="1" user="generator"/>
  <node id="2567" lat="43.0799199719" lon="-95.3081834249" version="1" timestamp="2026-09-02T12:00:00Z" changeset="1" uid="1" user="generator"/>
  <node id="2568" lat="43.0799199719" lon="-95.3103596205" version="1" timestamp="2026-09-02T12:00:00Z" changeset="1" uid="1" user="generator"/>
  <node id="2569" lat="43.0834959995" lon="-95.3081218349" version="1" timestamp="2026-09-02T12:00:00Z" changeset="1" uid="1" user="generator"/>
  <node id="2570" lat="43.0834959995" lon="-95.3057054385" version="1" timestamp="2026-09-02T12:00:00Z" changeset="1" uid="1" user="generator"/>
  <node id="2571" lat="43.0728129168" lon="-95.3057054385" version="1" timestamp="2026-09-02T12:00:00Z" changeset="1" uid="1" user="generator"/>
  <node id="2572" lat="43.0728129168" lon="-95.3081218349" version="1" timestamp="2026-09-02T12:00:00Z" changeset="1" uid="1" user="generator"/>
  <node id="2573" lat="43.0834959995" lon="-95.2536061334" version="1" timestamp="2026-09-02T12:00:00Z" changeset="1" uid="1" user="generator"/>
  <node id="2574" lat="43.0834959995" lon="-95.2511897370" version="1" timestamp="2026-09-02T12:00:00Z" changeset="1" uid="1" user="generator"/>
  <node id="2575" lat="43.0728129168" lon="-95.2511897370" version="1" timestamp="2026-09-02T12:00:00Z" changeset="1" uid="1" user="generator"/>
  <node id="2576" lat="43.0728129168" lon="-95.2536061334" version="1" timestamp="2026-09-02T12:00:00Z" changeset="1" uid="1" user="generator"/>
  <node id="2577" lat="43.0834959995" lon="-95.2486501606" version="1" timestamp="2026-09-02T12:00:00Z" changeset="1" uid="1" user="generator"/>
  <node id="2578" lat="43.0834959995" lon="-95.2462337641" version="1" timestamp="2026-09-02T12:00:00Z" changeset="1" uid="1" user="generator"/>
  <node id="2579" lat="43.0728129168" lon="-95.2462337641" version="1" timestamp="2026-09-02T12:00:00Z" changeset="1" uid="1" user="generator"/>
  <node id="2580" lat="43.0728129168" lon="-95.2486501606" version="1" timestamp="2026-09-02T12:00:00Z" changeset="1" uid="1" user="generator"/>
  <node id="2581" lat="43.0834959995" lon="-95.2461721741" version="1" timestamp="2026-09-02T12:00:00Z" changeset="1" uid="1" user="generator"/>
  <node id="2582" lat="43.0834959995" lon="-95.2437557777" version="1" timestamp="2026-09-02T12:00:00Z" changeset="1" uid="1" user="generator"/>
  <node id="2583" lat="43.0728129168" lon="-95.2437557777" version="1" timestamp="2026-09-02T12:00:00Z" changeset="1" uid="1" user="generator"/>
  <node id="2584" lat="43.0728129168" lon="-95.2461721741" version="1" timestamp="2026-09-02T12:00:00Z" changeset="1" uid="1" user="generator"/>
  <node id="2585" lat="43.0798749719" lon="-95.2511281470" version="1" timestamp="2026-09-02T12:00:00Z" changeset="1" uid="1" user="generator"/>
  <node id="2586" lat="43.0798749719" lon="-95.2496403795" version="1" timestamp="2026-09-02T12:00:00Z" changeset="1" uid="1" user="generator"/>
  <node id="2587" lat="43.0728129168" lon="-95.2496403795" version="1" timestamp="2026-09-02T12:00:00Z" changeset="1" uid="1" user="generator"/>
  <node id="2588" lat="43.0728129168" lon="-95.2511281470" version="1" timestamp="2026-09-02T12:00:00Z" changeset="1" uid="1" user="generator"/>
  <node id="2589" lat="43.0781151191" lon="-95.3103596205" version="1" timestamp="2026-09-02T12:00:00Z" changeset="1" uid="1" user="generator"/>
  <node id="2590" lat="43.0781151191" lon="-95.3081834249" version="1" timestamp="2026-09-02T12:00:00Z" changeset="1" uid="1" user="generator"/>
  <node id="2591" lat="43.0728129168" lon="-95.3081834249" version="1" timestamp="2026-09-02T12:00:00Z" changeset="1" uid="1" user="generator"/>
  <node id="2592" lat="43.0728129168" lon="-95.3103596205" version="1" timestamp="2026-09-02T12:00:00Z" changeset="1" uid="1" user="generator"/>
  <node id="2593" lat="43.0762539443" lon="-95.2982098892" version="1" timestamp="2026-09-02T12:00:00Z" changeset="1" uid="1" user="generator"/>
  <node id="2594" lat="43.0762539443" lon="-95.2965520226" version="1" timestamp="2026-09-02T12:00:00Z" changeset="1" uid="1" user="generator"/>
  <node id="2595" lat="43.0728129168" lon="-95.2965520226" version="1" timestamp="2026-09-02T12:00:00Z" changeset="1" uid="1" user="generator"/>
  <node id="2596" lat="43.0728129168" lon="-95.2982098892" version="1" timestamp="2026-09-02T12:00:00Z" changeset="1" uid="1" user="generator"/>
  <node id="2597" lat="43.0724979165" lon="-95.3279457264" version="1" timestamp="2026-09-02T12:00:00Z" changeset="1" uid="1" user="generator"/>
  <node id="2598" lat="43.0724979165" lon="-95.3205733571" version="1" timestamp="2026-09-02T12:00:00Z" changeset="1" uid="1" user="generator"/>
  <node id="2599" lat="43.0583288063" lon="-95.3205733571" version="1" timestamp="2026-09-02T12:00:00Z" changeset="1" uid="1" user="generator"/>
  <node id="2600" lat="43.0583288063" lon="-95.3279457264" version="1" timestamp="2026-09-02T12:00:00Z" changeset="1" uid="1" user="generator"/>
  <node id="2601" lat="43.0724979165" lon="-95.3155557942" version="1" timestamp="2026-09-02T12:00:00Z" changeset="1" uid="1" user="generator"/>
  <node id="2602" lat="43.0724979165" lon="-95.3109016122" version="1" timestamp="2026-09-02T12:00:00Z" changeset="1" uid="1" user="generator"/>
  <node id="2603" lat="43.0692225612" lon="-95.3109016122" version="1" timestamp="2026-09-02T12:00:00Z" changeset="1" uid="1" user="generator"/>
  <node id="2604" lat="43.0692225612" lon="-95.3155557942" version="1" timestamp="2026-09-02T12:00:00Z" changeset="1" uid="1" user="generator"/>
  <node id="2605" lat="43.0724979165" lon="-95.3103596205" version="1" timestamp="2026-09-02T12:00:00Z" changeset="1" uid="1" user="generator"/>
  <node id="2606" lat="43.0724979165" lon="-95.3081834249" version="1" timestamp="2026-09-02T12:00:00Z" changeset="1" uid="1" user="generator"/>
  <node id="2607" lat="43.0673827344" lon="-95.3081834249" version="1" timestamp="2026-09-02T12:00:00Z" changeset="1" uid="1" user="generator"/>
  <node id="2608" lat="43.0673827344" lon="-95.3103596205" version="1" timestamp="2026-09-02T12:00:00Z" changeset="1" uid="1" user="generator"/>
  <node id="2609" lat="43.0724979165" lon="-95.3081218349" version="1" timestamp="2026-09-02T12:00:00Z" changeset="1" uid="1" user="generator"/>
  <node id="2610" lat="43.0724979165" lon="-95.3057054385" version="1" timestamp="2026-09-02T12:00:00Z" changeset="1" uid="1" user="generator"/>
  <node id="2611" lat="43.0690568891" lon="-95.3057054385" version="1" timestamp="2026-09-02T12:00:00Z" changeset="1" uid="1" user="generator"/>
  <node id="2612" lat="43.0690568891" lon="-95.3081218349" version="1" timestamp="2026-09-02T12:00:00Z" changeset="1" uid="1" user="generator"/>
  <node id="2613" lat="43.0724979165" lon="-95.3056438485" version="1" timestamp="2026-09-02T12:00:00Z" changeset="1" uid="1" user="generator"/>
  <node id="2614" lat="43.0724979165" lon="-95.3017705658" version="1" timestamp="2026-09-02T12:00:00Z" changeset="1" uid="1" user="generator"/>
  <node id="2615" lat="43.0583288063" lon="-95.3017705658" version="1" timestamp="2026-09-02T12:00:00Z" changeset="1" uid="1" user="generator"/>
  <node id="2616" lat="43.0583288063" lon="-95.3056438485" version="1" timestamp="2026-09-02T12:00:00Z" changeset="1" uid="1" user="generator"/>
  <node id="2617" lat="43.0724979165" lon="-95.2559860809" version="1" timestamp="2026-09-02T12:00:00Z" changeset="1" uid="1" user="generator"/>
  <node id="2618" lat="43.0724979165" lon="-95.2511897370" version="1" timestamp="2026-09-02T12:00:00Z" changeset="1" uid="1" user="generator"/>
  <node id="2619" lat="43.0583288063" lon="-95.2511897370" version="1" timestamp="2026-09-02T12:00:00Z" changeset="1" uid="1" user="generator"/>
  <node id="2620" lat="43.0583288063" lon="-95.2559860809" version="1" timestamp="2026-09-02T12:00:00Z" changeset="1" uid="1" user="generator"/>
  <node id="2621" lat="43.0724979165" lon="-95.2490983878" version="1" timestamp="2026-09-02T12:00:00Z" changeset="1" uid="1" user="generator"/>
  <node id="2622" lat="43.0724979165" lon="-95.2462337641" version="1" timestamp="2026-09-02T12:00:00Z" changeset="1" uid="1" user="generator"/>
  <node id="2623" lat="43.0670129060" lon="-95.2462337641" version="1" timestamp="2026-09-02T12:00:00Z" changeset="1" uid="1" user="generator"/>
  <node id="2624" lat="43.0670129060" lon="-95.2490983878" version="1" timestamp="2026-09-02T12:00:00Z" changeset="1" uid="1" user="generator"/>
  <node id="2625" lat="43.0724979165" lon="-95.2387382148" version="1" timestamp="2026-09-02T12:00:00Z" changeset="1" uid="1" user="generator"/>
  <node id="2626" lat="43.0724979165" lon="-95.2363218184" version="1" timestamp="2026-09-02T12:00:00Z" changeset="1" uid="1" user="generator"/>
  <node id="2627" lat="43.0596825967" lon="-95.2363218184" version="1" timestamp="2026-09-02T12:00:00Z" changeset="1" uid="1" user="generator"/>
  <node id="2628" lat="43.0596825967" lon="-95.2387382148" version="1" timestamp="2026-09-02T12:00:00Z" changeset="1" uid="1" user="generator"/>
  <node id="2629" lat="43.0724979165" lon="-95.2362602284" version="1" timestamp="2026-09-02T12:00:00Z" changeset="1" uid="1" user="generator"/>
  <node id="2630" lat="43.0724979165" lon="-95.2313658455" version="1" timestamp="2026-09-02T12:00:00Z" changeset="1" uid="1" user="generator"/>
  <node id="2631" lat="43.0583288063" lon="-95.2313658455" version="1" timestamp="2026-09-02T12:00:00Z" changeset="1" uid="1" user="generator"/>
  <node id="2632" lat="43.0583288063" lon="-95.2362602284" version="1" timestamp="2026-09-02T12:00:00Z" changeset="1" uid="1" user="generator"/>
  <node id="2633" lat="43.0711441261" lon="-95.3205117671" version="1" timestamp="2026-09-02T12:00:00Z" changeset="1" uid="1" user="generator"/>
  <node id="2634" lat="43.0711441261" lon="-95.3156173842" version="1" timestamp="2026-09-02T12:00:00Z" changeset="1" uid="1" user="generator"/>
  <node id="2635" lat="43.0583288063" lon="-95.3156173842" version="1" timestamp="2026-09-02T12:00:00Z" changeset="1" uid="1" user="generator"/>
  <node id="2636" lat="43.0583288063" lon="-95.3205117671" version="1" timestamp="2026-09-02T12:00:00Z" changeset="1" uid="1" user="generator"/>
  <node id="2637" lat="43.0695726076" lon="-95.2659960656" version="1" timestamp="2026-09-02T12:00:00Z" changeset="1" uid="1" user="generator"/>
  <node id="2638" lat="43.0695726076" lon="-95.2611016827" version="1" timestamp="2026-09-02T12:00:00Z" changeset="1" uid="1" user="generator"/>
  <node id="2639" lat="43.0583288063" lon="-95.2611016827" version="1" timestamp="2026-09-02T12:00:00Z" changeset="1" uid="1" user="generator"/>
  <node id="2640" lat="43.0583288063" lon="-95.2659960656" version="1" timestamp="2026-09-02T12:00:00Z" changeset="1" uid="1" user="generator"/>
  <node id="2641" lat="43.0695726076" lon="-95.2610400927" version="1" timestamp="2026-09-02T12:00:00Z" changeset="1" uid="1" user="generator"/>
  <node id="2642" lat="43.0695726076" lon="-95.2561457098" version="1" timestamp="2026-09-02T12:00:00Z" changeset="1" uid="1" user="generator"/>
  <node id="2643" lat="43.0583288063" lon="-95.2561457098" version="1" timestamp="2026-09-02T12:00:00Z" changeset="1" uid="1" user="generator"/>
  <node id="2644" lat="43.0583288063" lon="-95.2610400927" version="1" timestamp="2026-09-02T12:00:00Z" changeset="1" uid="1" user="generator"/>
  <node id="2645" lat="43.0690118890" lon="-95.3075313226" version="1" timestamp="2026-09-02T12:00:00Z" changeset="1" uid="1" user="generator"/>
  <node id="2646" lat="43.0690118890" lon="-95.3057054385" version="1" timestamp="2026-09-02T12:00:00Z" changeset="1" uid="1" user="generator"/>
  <node id="2647" lat="43.0654358614" lon="-95.3057054385" version="1" timestamp="2026-09-02T12:00:00Z" changeset="1" uid="1" user="generator"/>
  <node id="2648" lat="43.0654358614" lon="-95.3075313226" version="1" timestamp="2026-09-02T12:00:00Z" changeset="1" uid="1" user="generator"/>
  <node id="2649" lat="43.0690118890" lon="-95.2709520384" version="1" timestamp="2026-09-02T12:00:00Z" changeset="1" uid="1" user="generator"/>
  <node id="2650" lat="43.0690118890" lon="-95.2660576556" version="1" timestamp="2026-09-02T12:00:00Z" changeset="1" uid="1" user="generator"/>
  <node id="2651" lat="43.0654358614" lon="-95.2660576556" version="1" timestamp="2026-09-02T12:00:00Z" changeset="1" uid="1" user="generator"/>
  <node id="2652" lat="43.0654358614" lon="-95.2709520384" version="1" timestamp="2026-09-02T12:00:00Z" changeset="1" uid="1" user="generator"/>
  <node id="2653" lat="43.0683919864" lon="-95.2461721741" version="1" timestamp="2026-09-02T12:00:00Z" changeset="1" uid="1" user="generator"/>
  <node id="2654" lat="43.0683919864" lon="-95.2412777912" version="1" timestamp="2026-09-02T12:00:00Z" changeset="1" uid="1" user="generator"/>
  <node id="2655" lat="43.0583288063" lon="-95.2412777912" version="1" timestamp="2026-09-02T12:00:00Z" changeset="1" uid="1" user="generator"/>
  <node id="2656" lat="43.0583288063" lon="-95.2461721741" version="1" timestamp="2026-09-02T12:00:00Z" changeset="1" uid="1" user="generator"/>
  <node id="2657" lat="43.0683919864" lon="-95.2412162013" version="1" timestamp="2026-09-02T12:00:00Z" changeset="1" uid="1" user="generator"/>
  <node id="2658" lat="43.0683919864" lon="-95.2387998048" version="1" timestamp="2026-09-02T12:00:00Z" changeset="1" uid="1" user="generator"/>
  <node id="2659" lat="43.0596825967" lon="-95.2387998048" version="1" timestamp="2026-09-02T12:00:00Z" changeset="1" uid="1" user="generator"/>
  <node id="2660" lat="43.0596825967" lon="-95.2412162013" version="1" timestamp="2026-09-02T12:00:00Z" changeset="1" uid="1" user="generator"/>
  <node id="2661" lat="43.0672013752" lon="-95.2759080113" version="1" timestamp="2026-09-02T12:00:00Z" changeset="1" uid="1" user="generator"/>
  <node id="2662" lat="43.0672013752" lon="-95.2710136284" version="1" timestamp="2026-09-02T12:00:00Z" changeset="1" uid="1" user="generator"/>
  <node id="2663" lat="43.0654358614" lon="-95.2710136284" version="1" timestamp="2026-09-02T12:00:00Z" changeset="1" uid="1" user="generator"/>
  <node id="2664" lat="43.0654358614" lon="-95.2759080113" version="1" timestamp="2026-09-02T12:00:00Z" changeset="1" uid="1" user="generator"/>
  <node id="2665" lat="43.0653908614" lon="-95.2806819981" version="1" timestamp="2026-09-02T12:00:00Z" changeset="1" uid="1" user="generator"/>
  <node id="2666" lat="43.0653908614" lon="-95.2784475877" version="1" timestamp="2026-09-02T12:00:00Z" changeset="1" uid="1" user="generator"/>
  <node id="2667" lat="43.0618148338" lon="-95.2784475877" version="1" timestamp="2026-09-02T12:00:00Z" changeset="1" uid="1" user="generator"/>
  <node id="2668" lat="43.0618148338" lon="-95.2806819981" version="1" timestamp="2026-09-02T12:00:00Z" changeset="1" uid="1" user="generator"/>
  <node id="2669" lat="43.0653908614" lon="-95.2783859977" version="1" timestamp="2026-09-02T12:00:00Z" changeset="1" uid="1" user="generator"/>
  <node id="2670" lat="43.0653908614" lon="-95.2660576556" version="1" timestamp="2026-09-02T12:00:00Z" changeset="1" uid="1" user="generator"/>
  <node id="2671" lat="43.0583288063" lon="-95.2660576556" version="1" timestamp="2026-09-02T12:00:00Z" changeset="1" uid="1" user="generator"/>
  <node id="2672" lat="43.0583288063" lon="-95.2783859977" version="1" timestamp="2026-09-02T12:00:00Z" changeset="1" uid="1" user="generator"/>
  <node id="2673" lat="43.0653908614" lon="-95.2490983878" version="1" timestamp="2026-09-02T12:00:00Z" changeset="1" uid="1" user="generator"/>
  <node id="2674" lat="43.0653908614" lon="-95.2462337641" version="1" timestamp="2026-09-02T12:00:00Z" changeset="1" uid="1" user="generator"/>
  <node id="2675" lat="43.0583288063" lon="-95.2462337641" version="1" timestamp="2026-09-02T12:00:00Z" changeset="1" uid="1" user="generator"/>
  <node id="2676" lat="43.0583288063" lon="-95.2490983878" version="1" timestamp="2026-09-02T12:00:00Z" changeset="1" uid="1" user="generator"/>
  <node id="2677" lat="43.0651452781" lon="-95.3103596205" version="1" timestamp="2026-09-02T12:00:00Z" changeset="1" uid="1" user="generator"/>
  <node id="2678" lat="43.0651452781" lon="-95.3057054385" version="1" timestamp="2026-09-02T12:00:00Z" changeset="1" uid="1" user="generator"/>
  <node id="2679" lat="43.0583288063" lon="-95.3057054385" version="1" timestamp="2026-09-02T12:00:00Z" changeset="1" uid="1" user="generator"/>
  <node id="2680" lat="43.0583288063" lon="-95.3103596205" version="1" timestamp="2026-09-02T12:00:00Z" changeset="1" uid="1" user="generator"/>
  <node id="2681" lat="43.0633054513" lon="-95.3155557942" version="1" timestamp="2026-09-02T12:00:00Z" changeset="1" uid="1" user="generator"/>
  <node id="2682" lat="43.0633054513" lon="-95.3109016122" version="1" timestamp="2026-09-02T12:00:00Z" changeset="1" uid="1" user="generator"/>
  <node id="2683" lat="43.0583288063" lon="-95.3109016122" version="1" timestamp="2026-09-02T12:00:00Z" changeset="1" uid="1" user="generator"/>
  <node id="2684" lat="43.0583288063" lon="-95.3155557942" version="1" timestamp="2026-09-02T12:00:00Z" changeset="1" uid="1" user="generator"/>
  <node id="2685" lat="43.0617698338" lon="-95.2806473353" version="1" timestamp="2026-09-02T12:00:00Z" changeset="1" uid="1" user="generator"/>
  <node id="2686" lat="43.0617698338" lon="-95.2784475877" version="1" timestamp="2026-09-02T12:00:00Z" changeset="1" uid="1" user="generator"/>
  <node id="2687" lat="43.0600043200" lon="-95.2784475877" version="1" timestamp="2026-09-02T12:00:00Z" changeset="1" uid="1" user="generator"/>
  <node id="2688" lat="43.0600043200" lon="-95.2806473353" version="1" timestamp="2026-09-02T12:00:00Z" changeset="1" uid="1" user="generator"/>
  <node id="2689" lat="43.0580138060" lon="-95.3279457264" version="1" timestamp="2026-09-02T12:00:00Z" changeset="1" uid="1" user="generator"/>
  <node id="2690" lat="43.0580138060" lon="-95.3230513435" version="1" timestamp="2026-09-02T12:00:00Z" changeset="1" uid="1" user="generator"/>
  <node id="2691" lat="43.0438446958" lon="-95.3230513435" version="1" timestamp="2026-09-02T12:00:00Z" changeset="1" uid="1" user="generator"/>
  <node id="2692" lat="43.0438446958" lon="-95.3279457264" version="1" timestamp="2026-09-02T12:00:00Z" changeset="1" uid="1" user="generator"/>
  <node id="2693" lat="43.0580138060" lon="-95.3155557942" version="1" timestamp="2026-09-02T12:00:00Z" changeset="1" uid="1" user="generator"/>
  <node id="2694" lat="43.0580138060" lon="-95.3131393978" version="1" timestamp="2026-09-02T12:00:00Z" changeset="1" uid="1" user="generator"/>
  <node id="2695" lat="43.0438446958" lon="-95.3131393978" version="1" timestamp="2026-09-02T12:00:00Z" changeset="1" uid="1" user="generator"/>
  <node id="2696" lat="43.0438446958" lon="-95.3155557942" version="1" timestamp="2026-09-02T12:00:00Z" changeset="1" uid="1" user="generator"/>
  <node id="2697" lat="43.0580138060" lon="-95.3130778078" version="1" timestamp="2026-09-02T12:00:00Z" changeset="1" uid="1" user="generator"/>
  <node id="2698" lat="43.0580138060" lon="-95.3109016122" version="1" timestamp="2026-09-02T12:00:00Z" changeset="1" uid="1" user="generator"/>
  <node id="2699" lat="43.0509517510" lon="-95.3109016122" version="1" timestamp="2026-09-02T12:00:00Z" changeset="1" uid="1" user="generator"/>
  <node id="2700" lat="43.0509517510" lon="-95.3130778078" version="1" timestamp="2026-09-02T12:00:00Z" changeset="1" uid="1" user="generator"/>
  <node id="2701" lat="43.0580138060" lon="-95.3090539130" version="1" timestamp="2026-09-02T12:00:00Z" changeset="1" uid="1" user="generator"/>
  <node id="2702" lat="43.0580138060" lon="-95.3057054385" version="1" timestamp="2026-09-02T12:00:00Z" changeset="1" uid="1" user="generator"/>
  <node id="2703" lat="43.0438446958" lon="-95.3057054385" version="1" timestamp="2026-09-02T12:00:00Z" changeset="1" uid="1" user="generator"/>
  <node id="2704" lat="43.0438446958" lon="-95.3090539130" version="1" timestamp="2026-09-02T12:00:00Z" changeset="1" uid="1" user="generator"/>
  <node id="2705" lat="43.0580138060" lon="-95.3056438485" version="1" timestamp="2026-09-02T12:00:00Z" changeset="1" uid="1" user="generator"/>
  <node id="2706" lat="43.0580138060" lon="-95.3013067563" version="1" timestamp="2026-09-02T12:00:00Z" changeset="1" uid="1" user="generator"/>
  <node id="2707" lat="43.0438446958" lon="-95.3013067563" version="1" timestamp="2026-09-02T12:00:00Z" changeset="1" uid="1" user="generator"/>
  <node id="2708" lat="43.0438446958" lon="-95.3056438485" version="1" timestamp="2026-09-02T12:00:00Z" changeset="1" uid="1" user="generator"/>
  <node id="2709" lat="43.0580138060" lon="-95.2791858052" version="1" timestamp="2026-09-02T12:00:00Z" changeset="1" uid="1" user="generator"/>
  <node id="2710" lat="43.0580138060" lon="-95.2759696013" version="1" timestamp="2026-09-02T12:00:00Z" changeset="1" uid="1" user="generator"/>
  <node id="2711" lat="43.0545727786" lon="-95.2759696013" version="1" timestamp="2026-09-02T12:00:00Z" changeset="1" uid="1" user="generator"/>
  <node id="2712" lat="43.0545727786" lon="-95.2791858052" version="1" timestamp="2026-09-02T12:00:00Z" changeset="1" uid="1" user="generator"/>
  <node id="2713" lat="43.0580138060" lon="-95.2759080113" version="1" timestamp="2026-09-02T12:00:00Z" changeset="1" uid="1" user="generator"/>
  <node id="2714" lat="43.0580138060" lon="-95.2734916149" version="1" timestamp="2026-09-02T12:00:00Z" changeset="1" uid="1" user="generator"/>
  <node id="2715" lat="43.0491412371" lon="-95.2734916149" version="1" timestamp="2026-09-02T12:00:00Z" changeset="1" uid="1" user="generator"/>
  <node id="2716" lat="43.0491412371" lon="-95.2759080113" version="1" timestamp="2026-09-02T12:00:00Z" changeset="1" uid="1" user="generator"/>
  <node id="2717" lat="43.0580138060" lon="-95.2734300249" version="1" timestamp="2026-09-02T12:00:00Z" changeset="1" uid="1" user="generator"/>
  <node id="2718" lat="43.0580138060" lon="-95.2635796691" version="1" timestamp="2026-09-02T12:00:00Z" changeset="1" uid="1" user="generator"/>
  <node id="2719" lat="43.0509517510" lon="-95.2635796691" version="1" timestamp="2026-09-02T12:00:00Z" changeset="1" uid="1" user="generator"/>
  <node id="2720" lat="43.0509517510" lon="-95.2734300249" version="1" timestamp="2026-09-02T12:00:00Z" changeset="1" uid="1" user="generator"/>
  <node id="2721" lat="43.0580138060" lon="-95.2635180792" version="1" timestamp="2026-09-02T12:00:00Z" changeset="1" uid="1" user="generator"/>
  <node id="2722" lat="43.0580138060" lon="-95.2611016827" version="1" timestamp="2026-09-02T12:00:00Z" changeset="1" uid="1" user="generator"/>
  <node id="2723" lat="43.0438446958" lon="-95.2611016827" version="1" timestamp="2026-09-02T12:00:00Z" changeset="1" uid="1" user="generator"/>
  <node id="2724" lat="43.0438446958" lon="-95.2635180792" version="1" timestamp="2026-09-02T12:00:00Z" changeset="1" uid="1" user="generator"/>
  <node id="2725" lat="43.0580138060" lon="-95.2585114547" version="1" timestamp="2026-09-02T12:00:00Z" changeset="1" uid="1" user="generator"/>
  <node id="2726" lat="43.0580138060" lon="-95.2536677234" version="1" timestamp="2026-09-02T12:00:00Z" changeset="1" uid="1" user="generator"/>
  <node id="2727" lat="43.0438446958" lon="-95.2536677234" version="1" timestamp="2026-09-02T12:00:00Z" changeset="1" uid="1" user="generator"/>
  <node id="2728" lat="43.0438446958" lon="-95.2585114547" version="1" timestamp="2026-09-02T12:00:00Z" changeset="1" uid="1" user="generator"/>
  <node id="2729" lat="43.0580138060" lon="-95.2536061334" version="1" timestamp="2026-09-02T12:00:00Z" changeset="1" uid="1" user="generator"/>
  <node id="2730" lat="43.0580138060" lon="-95.2511897370" version="1" timestamp="2026-09-02T12:00:00Z" changeset="1" uid="1" user="generator"/>
  <node id="2731" lat="43.0538827209" lon="-95.2511897370" version="1" timestamp="2026-09-02T12:00:00Z" changeset="1" uid="1" user="generator"/>
  <node id="2732" lat="43.0538827209" lon="-95.2536061334" version="1" timestamp="2026-09-02T12:00:00Z" changeset="1" uid="1" user="generator"/>
  <node id="2733" lat="43.0580138060" lon="-95.2511281470" version="1" timestamp="2026-09-02T12:00:00Z" changeset="1" uid="1" user="generator"/>
  <node id="2734" lat="43.0580138060" lon="-95.2496403795" version="1" timestamp="2026-09-02T12:00:00Z" changeset="1" uid="1" user="generator"/>
  <node id="2735" lat="43.0539225459" lon="-95.2496403795" version="1" timestamp="2026-09-02T12:00:00Z" changeset="1" uid="1" user="generator"/>
  <node id="2736" lat="43.0539225459" lon="-95.2511281470" version="1" timestamp="2026-09-02T12:00:00Z" changeset="1" uid="1" user="generator"/>
  <node id="2737" lat="43.0580138060" lon="-95.2486501606" version="1" timestamp="2026-09-02T12:00:00Z" changeset="1" uid="1" user="generator"/>
  <node id="2738" lat="43.0580138060" lon="-95.2462337641" version="1" timestamp="2026-09-02T12:00:00Z" changeset="1" uid="1" user="generator"/>
  <node id="2739" lat="43.0539225459" lon="-95.2462337641" version="1" timestamp="2026-09-02T12:00:00Z" changeset="1" uid="1" user="generator"/>
  <node id="2740" lat="43.0539225459" lon="-95.2486501606" version="1" timestamp="2026-09-02T12:00:00Z" changeset="1" uid="1" user="generator"/>
  <node id="2741" lat="43.0580138060" lon="-95.2461721741" version="1" timestamp="2026-09-02T12:00:00Z" changeset="1" uid="1" user="generator"/>
  <node id="2742" lat="43.0580138060" lon="-95.2437557777" version="1" timestamp="2026-09-02T12:00:00Z" changeset="1" uid="1" user="generator"/>
  <node id="2743" lat="43.0545727786" lon="-95.2437557777" version="1" timestamp="2026-09-02T12:00:00Z" changeset="1" uid="1" user="generator"/>
  <node id="2744" lat="43.0545727786" lon="-95.2461721741" version="1" timestamp="2026-09-02T12:00:00Z" changeset="1" uid="1" user="generator"/>
  <node id="2745" lat="43.0580138060" lon="-95.2436941877" version="1" timestamp="2026-09-02T12:00:00Z" changeset="1" uid="1" user="generator"/>
  <node id="2746" lat="43.0580138060" lon="-95.2363218184" version="1" timestamp="2026-09-02T12:00:00Z" changeset="1" uid="1" user="generator"/>
  <node id="2747" lat="43.0479506260" lon="-95.2363218184" version="1" timestamp="2026-09-02T12:00:00Z" changeset="1" uid="1" user="generator"/>
  <node id="2748" lat="43.0479506260" lon="-95.2436941877" version="1" timestamp="2026-09-02T12:00:00Z" changeset="1" uid="1" user="generator"/>
  <node id="2749" lat="43.0580138060" lon="-95.2362602284" version="1" timestamp="2026-09-02T12:00:00Z" changeset="1" uid="1" user="generator"/>
  <node id="2750" lat="43.0580138060" lon="-95.2313658455" version="1" timestamp="2026-09-02T12:00:00Z" changeset="1" uid="1" user="generator"/>
  <node id="2751" lat="43.0438446958" lon="-95.2313658455" version="1" timestamp="2026-09-02T12:00:00Z" changeset="1" uid="1" user="generator"/>
  <node id="2752" lat="43.0438446958" lon="-95.2362602284" version="1" timestamp="2026-09-02T12:00:00Z" changeset="1" uid="1" user="generator"/>
  <node id="2753" lat="43.0545277785" lon="-95.3006878756" version="1" timestamp="2026-09-02T12:00:00Z" changeset="1" uid="1" user="generator"/>
  <node id="2754" lat="43.0545277785" lon="-95.2982714792" version="1" timestamp="2026-09-02T12:00:00Z" changeset="1" uid="1" user="generator"/>
  <node id="2755" lat="43.0438446958" lon="-95.2982714792" version="1" timestamp="2026-09-02T12:00:00Z" changeset="1" uid="1" user="generator"/>
  <node id="2756" lat="43.0438446958" lon="-95.3006878756" version="1" timestamp="2026-09-02T12:00:00Z" changeset="1" uid="1" user="generator"/>
  <node id="2757" lat="43.0545277785" lon="-95.2790479791" version="1" timestamp="2026-09-02T12:00:00Z" changeset="1" uid="1" user="generator"/>
  <node id="2758" lat="43.0545277785" lon="-95.2759696013" version="1" timestamp="2026-09-02T12:00:00Z" changeset="1" uid="1" user="generator"/>
  <node id="2759" lat="43.0527622648" lon="-95.2759696013" version="1" timestamp="2026-09-02T12:00:00Z" changeset="1" uid="1" user="generator"/>
  <node id="2760" lat="43.0527622648" lon="-95.2790479791" version="1" timestamp="2026-09-02T12:00:00Z" changeset="1" uid="1" user="generator"/>
  <node id="2761" lat="43.0545277785" lon="-95.2451291848" version="1" timestamp="2026-09-02T12:00:00Z" changeset="1" uid="1" user="generator"/>
  <node id="2762" lat="43.0545277785" lon="-95.2437557777" version="1" timestamp="2026-09-02T12:00:00Z" changeset="1" uid="1" user="generator"/>
  <node id="2763" lat="43.0473307233" lon="-95.2437557777" version="1" timestamp="2026-09-02T12:00:00Z" changeset="1" uid="1" user="generator"/>
  <node id="2764" lat="43.0473307233" lon="-95.2451291848" version="1" timestamp="2026-09-02T12:00:00Z" changeset="1" uid="1" user="generator"/>
  <node id="2765" lat="43.0539078759" lon="-95.3229897535" version="1" timestamp="2026-09-02T12:00:00Z" changeset="1" uid="1" user="generator"/>
  <node id="2766" lat="43.0539078759" lon="-95.3156173842" version="1" timestamp="2026-09-02T12:00:00Z" changeset="1" uid="1" user="generator"/>
  <node id="2767" lat="43.0438446958" lon="-95.3156173842" version="1" timestamp="2026-09-02T12:00:00Z" changeset="1" uid="1" user="generator"/>
  <node id="2768" lat="43.0438446958" lon="-95.3229897535" version="1" timestamp="2026-09-02T12:00:00Z" changeset="1" uid="1" user="generator"/>
  <node id="2769" lat="43.0527172647" lon="-95.2982098892" version="1" timestamp="2026-09-02T12:00:00Z" changeset="1" uid="1" user="generator"/>
  <node id="2770" lat="43.0527172647" lon="-95.2957934927" version="1" timestamp="2026-09-02T12:00:00Z" changeset="1" uid="1" user="generator"/>
  <node id="2771" lat="43.0438446958" lon="-95.2957934927" version="1" timestamp="2026-09-02T12:00:00Z" changeset="1" uid="1" user="generator"/>
  <node id="2772" lat="43.0438446958" lon="-95.2982098892" version="1" timestamp="2026-09-02T12:00:00Z" changeset="1" uid="1" user="generator"/>
  <node id="2773" lat="43.0527172647" lon="-95.2780550379" version="1" timestamp="2026-09-02T12:00:00Z" changeset="1" uid="1" user="generator"/>
  <node id="2774" lat="43.0527172647" lon="-95.2759696013" version="1" timestamp="2026-09-02T12:00:00Z" changeset="1" uid="1" user="generator"/>
  <node id="2775" lat="43.0509517510" lon="-95.2759696013" version="1" timestamp="2026-09-02T12:00:00Z" changeset="1" uid="1" user="generator"/>
  <node id="2776" lat="43.0509517510" lon="-95.2780550379" version="1" timestamp="2026-09-02T12:00:00Z" changeset="1" uid="1" user="generator"/>
  <node id="2777" lat="43.0509067509" lon="-95.2957319028" version="1" timestamp="2026-09-02T12:00:00Z" changeset="1" uid="1" user="generator"/>
  <node id="2778" lat="43.0509067509" lon="-95.2927288741" version="1" timestamp="2026-09-02T12:00:00Z" changeset="1" uid="1" user="generator"/>
  <node id="2779" lat="43.0491412371" lon="-95.2927288741" version="1" timestamp="2026-09-02T12:00:00Z" changeset="1" uid="1" user="generator"/>
  <node id="2780" lat="43.0491412371" lon="-95.2957319028" version="1" timestamp="2026-09-02T12:00:00Z" changeset="1" uid="1" user="generator"/>
  <node id="2781" lat="43.0509067509" lon="-95.2727447255" version="1" timestamp="2026-09-02T12:00:00Z" changeset="1" uid="1" user="generator"/>
  <node id="2782" lat="43.0509067509" lon="-95.2635796691" version="1" timestamp="2026-09-02T12:00:00Z" changeset="1" uid="1" user="generator"/>
  <node id="2783" lat="43.0473307233" lon="-95.2635796691" version="1" timestamp="2026-09-02T12:00:00Z" changeset="1" uid="1" user="generator"/>
  <node id="2784" lat="43.0473307233" lon="-95.2727447255" version="1" timestamp="2026-09-02T12:00:00Z" changeset="1" uid="1" user="generator"/>
  <node id="2785" lat="43.0509067509" lon="-95.2536061334" version="1" timestamp="2026-09-02T12:00:00Z" changeset="1" uid="1" user="generator"/>
  <node id="2786" lat="43.0509067509" lon="-95.2496403795" version="1" timestamp="2026-09-02T12:00:00Z" changeset="1" uid="1" user="generator"/>
  <node id="2787" lat="43.0438446958" lon="-95.2496403795" version="1" timestamp="2026-09-02T12:00:00Z" changeset="1" uid="1" user="generator"/>
  <node id="2788" lat="43.0438446958" lon="-95.2536061334" version="1" timestamp="2026-09-02T12:00:00Z" changeset="1" uid="1" user="generator"/>
  <node id="2789" lat="43.0493150903" lon="-95.3130778078" version="1" timestamp="2026-09-02T12:00:00Z" changeset="1" uid="1" user="generator"/>
  <node id="2790" lat="43.0493150903" lon="-95.3109016122" version="1" timestamp="2026-09-02T12:00:00Z" changeset="1" uid="1" user="generator"/>
  <node id="2791" lat="43.0438446958" lon="-95.3109016122" version="1" timestamp="2026-09-02T12:00:00Z" changeset="1" uid="1" user="generator"/>
  <node id="2792" lat="43.0438446958" lon="-95.3130778078" version="1" timestamp="2026-09-02T12:00:00Z" changeset="1" uid="1" user="generator"/>
  <node id="2793" lat="43.0490962371" lon="-95.2957319028" version="1" timestamp="2026-09-02T12:00:00Z" changeset="1" uid="1" user="generator"/>
  <node id="2794" lat="43.0490962371" lon="-95.2917789966" version="1" timestamp="2026-09-02T12:00:00Z" changeset="1" uid="1" user="generator"/>
  <node id="2795" lat="43.0473307233" lon="-95.2917789966" version="1" timestamp="2026-09-02T12:00:00Z" changeset="1" uid="1" user="generator"/>
  <node id="2796" lat="43.0473307233" lon="-95.2957319028" version="1" timestamp="2026-09-02T12:00:00Z" changeset="1" uid="1" user="generator"/>
  <node id="2797" lat="43.0480054360" lon="-95.2486501606" version="1" timestamp="2026-09-02T12:00:00Z" changeset="1" uid="1" user="generator"/>
  <node id="2798" lat="43.0480054360" lon="-95.2462337641" version="1" timestamp="2026-09-02T12:00:00Z" changeset="1" uid="1" user="generator"/>
  <node id="2799" lat="43.0438446958" lon="-95.2462337641" version="1" timestamp="2026-09-02T12:00:00Z" changeset="1" uid="1" user="generator"/>
  <node id="2800" lat="43.0438446958" lon="-95.2486501606" version="1" timestamp="2026-09-02T12:00:00Z" changeset="1" uid="1" user="generator"/>
  <node id="2801" lat="43.0472857233" lon="-95.2957319028" version="1" timestamp="2026-09-02T12:00:00Z" changeset="1" uid="1" user="generator"/>
  <node id="2802" lat="43.0472857233" lon="-95.2916156353" version="1" timestamp="2026-09-02T12:00:00Z" changeset="1" uid="1" user="generator"/>
  <node id="2803" lat="43.0438446958" lon="-95.2916156353" version="1" timestamp="2026-09-02T12:00:00Z" changeset="1" uid="1" user="generator"/>
  <node id="2804" lat="43.0438446958" lon="-95.2957319028" version="1" timestamp="2026-09-02T12:00:00Z" changeset="1" uid="1" user="generator"/>
  <node id="2805" lat="43.0472857233" lon="-95.2684740520" version="1" timestamp="2026-09-02T12:00:00Z" changeset="1" uid="1" user="generator"/>
  <node id="2806" lat="43.0472857233" lon="-95.2660576556" version="1" timestamp="2026-09-02T12:00:00Z" changeset="1" uid="1" user="generator"/>
  <node id="2807" lat="43.0455202095" lon="-95.2660576556" version="1" timestamp="2026-09-02T12:00:00Z" changeset="1" uid="1" user="generator"/>
  <node id="2808" lat="43.0455202095" lon="-95.2684740520" version="1" timestamp="2026-09-02T12:00:00Z" changeset="1" uid="1" user="generator"/>
  <node id="2809" lat="43.0472857233" lon="-95.2653192164" version="1" timestamp="2026-09-02T12:00:00Z" changeset="1" uid="1" user="generator"/>
  <node id="2810" lat="43.0472857233" lon="-95.2635796691" version="1" timestamp="2026-09-02T12:00:00Z" changeset="1" uid="1" user="generator"/>
  <node id="2811" lat="43.0438446958" lon="-95.2635796691" version="1" timestamp="2026-09-02T12:00:00Z" changeset="1" uid="1" user="generator"/>
  <node id="2812" lat="43.0438446958" lon="-95.2653192164" version="1" timestamp="2026-09-02T12:00:00Z" changeset="1" uid="1" user="generator"/>
  <node id="2813" lat="43.0472857233" lon="-95.2461721741" version="1" timestamp="2026-09-02T12:00:00Z" changeset="1" uid="1" user="generator"/>
  <node id="2814" lat="43.0472857233" lon="-95.2437557777" version="1" timestamp="2026-09-02T12:00:00Z" changeset="1" uid="1" user="generator"/>
  <node id="2815" lat="43.0438446958" lon="-95.2437557777" version="1" timestamp="2026-09-02T12:00:00Z" changeset="1" uid="1" user="generator"/>
  <node id="2816" lat="43.0438446958" lon="-95.2461721741" version="1" timestamp="2026-09-02T12:00:00Z" changeset="1" uid="1" user="generator"/>
  <node id="2817" lat="43.0435296955" lon="-95.3103596205" version="1" timestamp="2026-09-02T12:00:00Z" changeset="1" uid="1" user="generator"/>
  <node id="2818" lat="43.0435296955" lon="-95.3081834249" version="1" timestamp="2026-09-02T12:00:00Z" changeset="1" uid="1" user="generator"/>
  <node id="2819" lat="43.0328466128" lon="-95.3081834249" version="1" timestamp="2026-09-02T12:00:00Z" changeset="1" uid="1" user="generator"/>
  <node id="2820" lat="43.0328466128" lon="-95.3103596205" version="1" timestamp="2026-09-02T12:00:00Z" changeset="1" uid="1" user="generator"/>
  <node id="2821" lat="43.0435296955" lon="-95.3081218349" version="1" timestamp="2026-09-02T12:00:00Z" changeset="1" uid="1" user="generator"/>
  <node id="2822" lat="43.0435296955" lon="-95.3057054385" version="1" timestamp="2026-09-02T12:00:00Z" changeset="1" uid="1" user="generator"/>
  <node id="2823" lat="43.0328466128" lon="-95.3057054385" version="1" timestamp="2026-09-02T12:00:00Z" changeset="1" uid="1" user="generator"/>
  <node id="2824" lat="43.0328466128" lon="-95.3081218349" version="1" timestamp="2026-09-02T12:00:00Z" changeset="1" uid="1" user="generator"/>
  <node id="2825" lat="43.0435296955" lon="-95.3056438485" version="1" timestamp="2026-09-02T12:00:00Z" changeset="1" uid="1" user="generator"/>
  <node id="2826" lat="43.0435296955" lon="-95.3032274520" version="1" timestamp="2026-09-02T12:00:00Z" changeset="1" uid="1" user="generator"/>
  <node id="2827" lat="43.0293605854" lon="-95.3032274520" version="1" timestamp="2026-09-02T12:00:00Z" changeset="1" uid="1" user="generator"/>
  <node id="2828" lat="43.0293605854" lon="-95.3056438485" version="1" timestamp="2026-09-02T12:00:00Z" changeset="1" uid="1" user="generator"/>
  <node id="2829" lat="43.0435296955" lon="-95.3031658621" version="1" timestamp="2026-09-02T12:00:00Z" changeset="1" uid="1" user="generator"/>
  <node id="2830" lat="43.0435296955" lon="-95.3007494656" version="1" timestamp="2026-09-02T12:00:00Z" changeset="1" uid="1" user="generator"/>
  <node id="2831" lat="43.0364676405" lon="-95.3007494656" version="1" timestamp="2026-09-02T12:00:00Z" changeset="1" uid="1" user="generator"/>
  <node id="2832" lat="43.0364676405" lon="-95.3031658621" version="1" timestamp="2026-09-02T12:00:00Z" changeset="1" uid="1" user="generator"/>
  <node id="2833" lat="43.0435296955" lon="-95.2957319028" version="1" timestamp="2026-09-02T12:00:00Z" changeset="1" uid="1" user="generator"/>
  <node id="2834" lat="43.0435296955" lon="-95.2933155063" version="1" timestamp="2026-09-02T12:00:00Z" changeset="1" uid="1" user="generator"/>
  <node id="2835" lat="43.0322876403" lon="-95.2933155063" version="1" timestamp="2026-09-02T12:00:00Z" changeset="1" uid="1" user="generator"/>
  <node id="2836" lat="43.0322876403" lon="-95.2957319028" version="1" timestamp="2026-09-02T12:00:00Z" changeset="1" uid="1" user="generator"/>
  <node id="2837" lat="43.0435296955" lon="-95.2932539163" version="1" timestamp="2026-09-02T12:00:00Z" changeset="1" uid="1" user="generator"/>
  <node id="2838" lat="43.0435296955" lon="-95.2913086462" version="1" timestamp="2026-09-02T12:00:00Z" changeset="1" uid="1" user="generator"/>
  <node id="2839" lat="43.0400886681" lon="-95.2913086462" version="1" timestamp="2026-09-02T12:00:00Z" changeset="1" uid="1" user="generator"/>
  <node id="2840" lat="43.0400886681" lon="-95.2932539163" version="1" timestamp="2026-09-02T12:00:00Z" changeset="1" uid="1" user="generator"/>
  <node id="2841" lat="43.0435296955" lon="-95.2524972675" version="1" timestamp="2026-09-02T12:00:00Z" changeset="1" uid="1" user="generator"/>
  <node id="2842" lat="43.0435296955" lon="-95.2511897370" version="1" timestamp="2026-09-02T12:00:00Z" changeset="1" uid="1" user="generator"/>
  <node id="2843" lat="43.0400886681" lon="-95.2511897370" version="1" timestamp="2026-09-02T12:00:00Z" changeset="1" uid="1" user="generator"/>
  <node id="2844" lat="43.0400886681" lon="-95.2524972675" version="1" timestamp="2026-09-02T12:00:00Z" changeset="1" uid="1" user="generator"/>
  <node id="2845" lat="43.0425486945" lon="-95.3279457264" version="1" timestamp="2026-09-02T12:00:00Z" changeset="1" uid="1" user="generator"/>
  <node id="2846" lat="43.0425486945" lon="-95.3109016122" version="1" timestamp="2026-09-02T12:00:00Z" changeset="1" uid="1" user="generator"/>
  <node id="2847" lat="43.0370076410" lon="-95.3109016122" version="1" timestamp="2026-09-02T12:00:00Z" changeset="1" uid="1" user="generator"/>
  <node id="2848" lat="43.0370076410" lon="-95.3279457264" version="1" timestamp="2026-09-02T12:00:00Z" changeset="1" uid="1" user="generator"/>
  <node id="2849" lat="43.0425486945" lon="-95.2511281470" version="1" timestamp="2026-09-02T12:00:00Z" changeset="1" uid="1" user="generator"/>
  <node id="2850" lat="43.0425486945" lon="-95.2496403795" version="1" timestamp="2026-09-02T12:00:00Z" changeset="1" uid="1" user="generator"/>
  <node id="2851" lat="43.0382128772" lon="-95.2496403795" version="1" timestamp="2026-09-02T12:00:00Z" changeset="1" uid="1" user="generator"/>
  <node id="2852" lat="43.0382128772" lon="-95.2511281470" version="1" timestamp="2026-09-02T12:00:00Z" changeset="1" uid="1" user="generator"/>
  <node id="2853" lat="43.0425486945" lon="-95.2486501606" version="1" timestamp="2026-09-02T12:00:00Z" changeset="1" uid="1" user="generator"/>
  <node id="2854" lat="43.0425486945" lon="-95.2313658455" version="1" timestamp="2026-09-02T12:00:00Z" changeset="1" uid="1" user="generator"/>
  <node id="2855" lat="43.0370076410" lon="-95.2313658455" version="1" timestamp="2026-09-02T12:00:00Z" changeset="1" uid="1" user="generator"/>
  <node id="2856" lat="43.0370076410" lon="-95.2486501606" version="1" timestamp="2026-09-02T12:00:00Z" changeset="1" uid="1" user="generator"/>
  <node id="2857" lat="43.0421759052" lon="-95.3006878756" version="1" timestamp="2026-09-02T12:00:00Z" changeset="1" uid="1" user="generator"/>
  <node id="2858" lat="43.0421759052" lon="-95.2957934927" version="1" timestamp="2026-09-02T12:00:00Z" changeset="1" uid="1" user="generator"/>
  <node id="2859" lat="43.0322876403" lon="-95.2957934927" version="1" timestamp="2026-09-02T12:00:00Z" changeset="1" uid="1" user="generator"/>
  <node id="2860" lat="43.0322876403" lon="-95.3006878756" version="1" timestamp="2026-09-02T12:00:00Z" changeset="1" uid="1" user="generator"/>
  <node id="2861" lat="43.0406026406" lon="-95.2610400927" version="1" timestamp="2026-09-02T12:00:00Z" changeset="1" uid="1" user="generator"/>
  <node id="2862" lat="43.0406026406" lon="-95.2586236963" version="1" timestamp="2026-09-02T12:00:00Z" changeset="1" uid="1" user="generator"/>
  <node id="2863" lat="43.0307143757" lon="-95.2586236963" version="1" timestamp="2026-09-02T12:00:00Z" changeset="1" uid="1" user="generator"/>
  <node id="2864" lat="43.0307143757" lon="-95.2610400927" version="1" timestamp="2026-09-02T12:00:00Z" changeset="1" uid="1" user="generator"/>
  <node id="2865" lat="43.0406026406" lon="-95.2585621063" version="1" timestamp="2026-09-02T12:00:00Z" changeset="1" uid="1" user="generator"/>
  <node id="2866" lat="43.0406026406" lon="-95.2561457098" version="1" timestamp="2026-09-02T12:00:00Z" changeset="1" uid="1" user="generator"/>
  <node id="2867" lat="43.0293605854" lon="-95.2561457098" version="1" timestamp="2026-09-02T12:00:00Z" changeset="1" uid="1" user="generator"/>
  <node id="2868" lat="43.0293605854" lon="-95.2585621063" version="1" timestamp="2026-09-02T12:00:00Z" changeset="1" uid="1" user="generator"/>
  <node id="2869" lat="43.0406026406" lon="-95.2560841199" version="1" timestamp="2026-09-02T12:00:00Z" changeset="1" uid="1" user="generator"/>
  <node id="2870" lat="43.0406026406" lon="-95.2536677234" version="1" timestamp="2026-09-02T12:00:00Z" changeset="1" uid="1" user="generator"/>
  <node id="2871" lat="43.0293605854" lon="-95.2536677234" version="1" timestamp="2026-09-02T12:00:00Z" changeset="1" uid="1" user="generator"/>
  <node id="2872" lat="43.0293605854" lon="-95.2560841199" version="1" timestamp="2026-09-02T12:00:00Z" changeset="1" uid="1" user="generator"/>
  <node id="2873" lat="43.0400436680" lon="-95.2932539163" version="1" timestamp="2026-09-02T12:00:00Z" changeset="1" uid="1" user="generator"/>
  <node id="2874" lat="43.0400436680" lon="-95.2883595334" version="1" timestamp="2026-09-02T12:00:00Z" changeset="1" uid="1" user="generator"/>
  <node id="2875" lat="43.0328466128" lon="-95.2883595334" version="1" timestamp="2026-09-02T12:00:00Z" changeset="1" uid="1" user="generator"/>
  <node id="2876" lat="43.0328466128" lon="-95.2932539163" version="1" timestamp="2026-09-02T12:00:00Z" changeset="1" uid="1" user="generator"/>
  <node id="2877" lat="43.0400436680" lon="-95.2536061334" version="1" timestamp="2026-09-02T12:00:00Z" changeset="1" uid="1" user="generator"/>
  <node id="2878" lat="43.0400436680" lon="-95.2514563107" version="1" timestamp="2026-09-02T12:00:00Z" changeset="1" uid="1" user="generator"/>
  <node id="2879" lat="43.0364676405" lon="-95.2514563107" version="1" timestamp="2026-09-02T12:00:00Z" changeset="1" uid="1" user="generator"/>
  <node id="2880" lat="43.0364676405" lon="-95.2536061334" version="1" timestamp="2026-09-02T12:00:00Z" changeset="1" uid="1" user="generator"/>
  <node id="2881" lat="43.0382331542" lon="-95.2882979435" version="1" timestamp="2026-09-02T12:00:00Z" changeset="1" uid="1" user="generator"/>
  <node id="2882" lat="43.0382331542" lon="-95.2858815470" version="1" timestamp="2026-09-02T12:00:00Z" changeset="1" uid="1" user="generator"/>
  <node id="2883" lat="43.0328466128" lon="-95.2858815470" version="1" timestamp="2026-09-02T12:00:00Z" changeset="1" uid="1" user="generator"/>
  <node id="2884" lat="43.0328466128" lon="-95.2882979435" version="1" timestamp="2026-09-02T12:00:00Z" changeset="1" uid="1" user="generator"/>
  <node id="2885" lat="43.0382331542" lon="-95.2858199570" version="1" timestamp="2026-09-02T12:00:00Z" changeset="1" uid="1" user="generator"/>
  <node id="2886" lat="43.0382331542" lon="-95.2836439463" version="1" timestamp="2026-09-02T12:00:00Z" changeset="1" uid="1" user="generator"/>
  <node id="2887" lat="43.0364676405" lon="-95.2836439463" version="1" timestamp="2026-09-02T12:00:00Z" changeset="1" uid="1" user="generator"/>
  <node id="2888" lat="43.0364676405" lon="-95.2858199570" version="1" timestamp="2026-09-02T12:00:00Z" changeset="1" uid="1" user="generator"/>
  <node id="2889" lat="43.0364226404" lon="-95.3031658621" version="1" timestamp="2026-09-02T12:00:00Z" changeset="1" uid="1" user="generator"/>
  <node id="2890" lat="43.0364226404" lon="-95.3012451910" version="1" timestamp="2026-09-02T12:00:00Z" changeset="1" uid="1" user="generator"/>
  <node id="2891" lat="43.0293605854" lon="-95.3012451910" version="1" timestamp="2026-09-02T12:00:00Z" changeset="1" uid="1" user="generator"/>
  <node id="2892" lat="43.0293605854" lon="-95.3031658621" version="1" timestamp="2026-09-02T12:00:00Z" changeset="1" uid="1" user="generator"/>
  <node id="2893" lat="43.0364226404" lon="-95.2858199570" version="1" timestamp="2026-09-02T12:00:00Z" changeset="1" uid="1" user="generator"/>
  <node id="2894" lat="43.0364226404" lon="-95.2818287542" version="1" timestamp="2026-09-02T12:00:00Z" changeset="1" uid="1" user="generator"/>
  <node id="2895" lat="43.0346571267" lon="-95.2818287542" version="1" timestamp="2026-09-02T12:00:00Z" changeset="1" uid="1" user="generator"/>
  <node id="2896" lat="43.0346571267" lon="-95.2858199570" version="1" timestamp="2026-09-02T12:00:00Z" changeset="1" uid="1" user="generator"/>
  <node id="2897" lat="43.0364226404" lon="-95.2536061334" version="1" timestamp="2026-09-02T12:00:00Z" changeset="1" uid="1" user="generator"/>
  <node id="2898" lat="43.0364226404" lon="-95.2511897370" version="1" timestamp="2026-09-02T12:00:00Z" changeset="1" uid="1" user="generator"/>
  <node id="2899" lat="43.0328466128" lon="-95.2511897370" version="1" timestamp="2026-09-02T12:00:00Z" changeset="1" uid="1" user="generator"/>
  <node id="2900" lat="43.0328466128" lon="-95.2536061334" version="1" timestamp="2026-09-02T12:00:00Z" changeset="1" uid="1" user="generator"/>
  <node id="2901" lat="43.0358826399" lon="-95.3279457264" version="1" timestamp="2026-09-02T12:00:00Z" changeset="1" uid="1" user="generator"/>
  <node id="2902" lat="43.0358826399" lon="-95.3235084766" version="1" timestamp="2026-09-02T12:00:00Z" changeset="1" uid="1" user="generator"/>
  <node id="2903" lat="43.0293605854" lon="-95.3235084766" version="1" timestamp="2026-09-02T12:00:00Z" changeset="1" uid="1" user="generator"/>
  <node id="2904" lat="43.0293605854" lon="-95.3279457264" version="1" timestamp="2026-09-02T12:00:00Z" changeset="1" uid="1" user="generator"/>
  <node id="2905" lat="43.0358826399" lon="-95.3229897535" version="1" timestamp="2026-09-02T12:00:00Z" changeset="1" uid="1" user="generator"/>
  <node id="2906" lat="43.0358826399" lon="-95.3180953706" version="1" timestamp="2026-09-02T12:00:00Z" changeset="1" uid="1" user="generator"/>
  <node id="2907" lat="43.0334665155" lon="-95.3180953706" version="1" timestamp="2026-09-02T12:00:00Z" changeset="1" uid="1" user="generator"/>
  <node id="2908" lat="43.0334665155" lon="-95.3229897535" version="1" timestamp="2026-09-02T12:00:00Z" changeset="1" uid="1" user="generator"/>
  <node id="2909" lat="43.0358826399" lon="-95.3176917469" version="1" timestamp="2026-09-02T12:00:00Z" changeset="1" uid="1" user="generator"/>
  <node id="2910" lat="43.0358826399" lon="-95.3156173842" version="1" timestamp="2026-09-02T12:00:00Z" changeset="1" uid="1" user="generator"/>
  <node id="2911" lat="43.0328466128" lon="-95.3156173842" version="1" timestamp="2026-09-02T12:00:00Z" changeset="1" uid="1" user="generator"/>
  <node id="2912" lat="43.0328466128" lon="-95.3176917469" version="1" timestamp="2026-09-02T12:00:00Z" changeset="1" uid="1" user="generator"/>
  <node id="2913" lat="43.0358826399" lon="-95.2436941877" version="1" timestamp="2026-09-02T12:00:00Z" changeset="1" uid="1" user="generator"/>
  <node id="2914" lat="43.0358826399" lon="-95.2363218184" version="1" timestamp="2026-09-02T12:00:00Z" changeset="1" uid="1" user="generator"/>
  <node id="2915" lat="43.0334665155" lon="-95.2363218184" version="1" timestamp="2026-09-02T12:00:00Z" changeset="1" uid="1" user="generator"/>
  <node id="2916" lat="43.0334665155" lon="-95.2436941877" version="1" timestamp="2026-09-02T12:00:00Z" changeset="1" uid="1" user="generator"/>
  <node id="2917" lat="43.0358826399" lon="-95.2362602284" version="1" timestamp="2026-09-02T12:00:00Z" changeset="1" uid="1" user="generator"/>
  <node id="2918" lat="43.0358826399" lon="-95.2313658455" version="1" timestamp="2026-09-02T12:00:00Z" changeset="1" uid="1" user="generator"/>
  <node id="2919" lat="43.0293605854" lon="-95.2313658455" version="1" timestamp="2026-09-02T12:00:00Z" changeset="1" uid="1" user="generator"/>
  <node id="2920" lat="43.0293605854" lon="-95.2362602284" version="1" timestamp="2026-09-02T12:00:00Z" changeset="1" uid="1" user="generator"/>
  <node id="2921" lat="43.0346121266" lon="-95.3155557942" version="1" timestamp="2026-09-02T12:00:00Z" changeset="1" uid="1" user="generator"/>
  <node id="2922" lat="43.0346121266" lon="-95.3109016122" version="1" timestamp="2026-09-02T12:00:00Z" changeset="1" uid="1" user="generator"/>
  <node id="2923" lat="43.0328466128" lon="-95.3109016122" version="1" timestamp="2026-09-02T12:00:00Z" changeset="1" uid="1" user="generator"/>
  <node id="2924" lat="43.0328466128" lon="-95.3155557942" version="1" timestamp="2026-09-02T12:00:00Z" changeset="1" uid="1" user="generator"/>
  <node id="2925" lat="43.0346121266" lon="-95.2486501606" version="1" timestamp="2026-09-02T12:00:00Z" changeset="1" uid="1" user="generator"/>
  <node id="2926" lat="43.0346121266" lon="-95.2437557777" version="1" timestamp="2026-09-02T12:00:00Z" changeset="1" uid="1" user="generator"/>
  <node id="2927" lat="43.0328466128" lon="-95.2437557777" version="1" timestamp="2026-09-02T12:00:00Z" changeset="1" uid="1" user="generator"/>
  <node id="2928" lat="43.0328466128" lon="-95.2486501606" version="1" timestamp="2026-09-02T12:00:00Z" changeset="1" uid="1" user="generator"/>
  <node id="2929" lat="43.0328016128" lon="-95.3176917469" version="1" timestamp="2026-09-02T12:00:00Z" changeset="1" uid="1" user="generator"/>
  <node id="2930" lat="43.0328016128" lon="-95.3156173842" version="1" timestamp="2026-09-02T12:00:00Z" changeset="1" uid="1" user="generator"/>
  <node id="2931" lat="43.0293605854" lon="-95.3156173842" version="1" timestamp="2026-09-02T12:00:00Z" changeset="1" uid="1" user="generator"/>
  <node id="2932" lat="43.0293605854" lon="-95.3176917469" version="1" timestamp="2026-09-02T12:00:00Z" changeset="1" uid="1" user="generator"/>
  <node id="2933" lat="43.0328016128" lon="-95.2931466512" version="1" timestamp="2026-09-02T12:00:00Z" changeset="1" uid="1" user="generator"/>
  <node id="2934" lat="43.0328016128" lon="-95.2915090600" version="1" timestamp="2026-09-02T12:00:00Z" changeset="1" uid="1" user="generator"/>
  <node id="2935" lat="43.0293605854" lon="-95.2915090600" version="1" timestamp="2026-09-02T12:00:00Z" changeset="1" uid="1" user="generator"/>
  <node id="2936" lat="43.0293605854" lon="-95.2931466512" version="1" timestamp="2026-09-02T12:00:00Z" changeset="1" uid="1" user="generator"/>
  <node id="2937" lat="43.0328016128" lon="-95.2460373660" version="1" timestamp="2026-09-02T12:00:00Z" changeset="1" uid="1" user="generator"/>
  <node id="2938" lat="43.0328016128" lon="-95.2437557777" version="1" timestamp="2026-09-02T12:00:00Z" changeset="1" uid="1" user="generator"/>
  <node id="2939" lat="43.0293605854" lon="-95.2437557777" version="1" timestamp="2026-09-02T12:00:00Z" changeset="1" uid="1" user="generator"/>
  <node id="2940" lat="43.0293605854" lon="-95.2460373660" version="1" timestamp="2026-09-02T12:00:00Z" changeset="1" uid="1" user="generator"/>
  <node id="2941" lat="43.0328016128" lon="-95.2376247789" version="1" timestamp="2026-09-02T12:00:00Z" changeset="1" uid="1" user="generator"/>
  <node id="2942" lat="43.0328016128" lon="-95.2363218184" version="1" timestamp="2026-09-02T12:00:00Z" changeset="1" uid="1" user="generator"/>
  <node id="2943" lat="43.0293605854" lon="-95.2363218184" version="1" timestamp="2026-09-02T12:00:00Z" changeset="1" uid="1" user="generator"/>
  <node id="2944" lat="43.0293605854" lon="-95.2376247789" version="1" timestamp="2026-09-02T12:00:00Z" changeset="1" uid="1" user="generator"/>
  <node id="2945" lat="43.0290455850" lon="-95.3279457264" version="1" timestamp="2026-09-02T12:00:00Z" changeset="1" uid="1" user="generator"/>
  <node id="2946" lat="43.0290455850" lon="-95.3180953706" version="1" timestamp="2026-09-02T12:00:00Z" changeset="1" uid="1" user="generator"/>
  <node id="2947" lat="43.0256045576" lon="-95.3180953706" version="1" timestamp="2026-09-02T12:00:00Z" changeset="1" uid="1" user="generator"/>
  <node id="2948" lat="43.0256045576" lon="-95.3279457264" version="1" timestamp="2026-09-02T12:00:00Z" changeset="1" uid="1" user="generator"/>
  <node id="2949" lat="43.0290455850" lon="-95.3180337807" version="1" timestamp="2026-09-02T12:00:00Z" changeset="1" uid="1" user="generator"/>
  <node id="2950" lat="43.0290455850" lon="-95.3156173842" version="1" timestamp="2026-09-02T12:00:00Z" changeset="1" uid="1" user="generator"/>
  <node id="2951" lat="43.0256045576" lon="-95.3156173842" version="1" timestamp="2026-09-02T12:00:00Z" changeset="1" uid="1" user="generator"/>
  <node id="2952" lat="43.0256045576" lon="-95.3180337807" version="1" timestamp="2026-09-02T12:00:00Z" changeset="1" uid="1" user="generator"/>
  <node id="2953" lat="43.0290455850" lon="-95.3056438485" version="1" timestamp="2026-09-02T12:00:00Z" changeset="1" uid="1" user="generator"/>
  <node id="2954" lat="43.0290455850" lon="-95.2957934927" version="1" timestamp="2026-09-02T12:00:00Z" changeset="1" uid="1" user="generator"/>
  <node id="2955" lat="43.0256045576" lon="-95.2957934927" version="1" timestamp="2026-09-02T12:00:00Z" changeset="1" uid="1" user="generator"/>
  <node id="2956" lat="43.0256045576" lon="-95.3056438485" version="1" timestamp="2026-09-02T12:00:00Z" changeset="1" uid="1" user="generator"/>
  <node id="2957" lat="43.0290455850" lon="-95.2957319028" version="1" timestamp="2026-09-02T12:00:00Z" changeset="1" uid="1" user="generator"/>
  <node id="2958" lat="43.0290455850" lon="-95.2927864238" version="1" timestamp="2026-09-02T12:00:00Z" changeset="1" uid="1" user="generator"/>
  <node id="2959" lat="43.0256045576" lon="-95.2927864238" version="1" timestamp="2026-09-02T12:00:00Z" changeset="1" uid="1" user="generator"/>
  <node id="2960" lat="43.0256045576" lon="-95.2957319028" version="1" timestamp="2026-09-02T12:00:00Z" changeset="1" uid="1" user="generator"/>
  <node id="2961" lat="43.0290455850" lon="-95.2632456913" version="1" timestamp="2026-09-02T12:00:00Z" changeset="1" uid="1" user="generator"/>
  <node id="2962" lat="43.0290455850" lon="-95.2536677234" version="1" timestamp="2026-09-02T12:00:00Z" changeset="1" uid="1" user="generator"/>
  <node id="2963" lat="43.0256045576" lon="-95.2536677234" version="1" timestamp="2026-09-02T12:00:00Z" changeset="1" uid="1" user="generator"/>
  <node id="2964" lat="43.0256045576" lon="-95.2632456913" version="1" timestamp="2026-09-02T12:00:00Z" changeset="1" uid="1" user="generator"/>
  <node id="2965" lat="43.0290455850" lon="-95.2460373660" version="1" timestamp="2026-09-02T12:00:00Z" changeset="1" uid="1" user="generator"/>
  <node id="2966" lat="43.0290455850" lon="-95.2437557777" version="1" timestamp="2026-09-02T12:00:00Z" changeset="1" uid="1" user="generator"/>
  <node id="2967" lat="43.0256045576" lon="-95.2437557777" version="1" timestamp="2026-09-02T12:00:00Z" changeset="1" uid="1" user="generator"/>
  <node id="2968" lat="43.0256045576" lon="-95.2460373660" version="1" timestamp="2026-09-02T12:00:00Z" changeset="1" uid="1" user="generator"/>
  <node id="2969" lat="43.0290455850" lon="-95.2436941877" version="1" timestamp="2026-09-02T12:00:00Z" changeset="1" uid="1" user="generator"/>
  <node id="2970" lat="43.0290455850" lon="-95.2412777912" version="1" timestamp="2026-09-02T12:00:00Z" changeset="1" uid="1" user="generator"/>
  <node id="2971" lat="43.0256045576" lon="-95.2412777912" version="1" timestamp="2026-09-02T12:00:00Z" changeset="1" uid="1" user="generator"/>
  <node id="2972" lat="43.0256045576" lon="-95.2436941877" version="1" timestamp="2026-09-02T12:00:00Z" changeset="1" uid="1" user="generator"/>
  <node id="2973" lat="43.0290455850" lon="-95.2412162013" version="1" timestamp="2026-09-02T12:00:00Z" changeset="1" uid="1" user="generator"/>
  <node id="2974" lat="43.0290455850" lon="-95.2313658455" version="1" timestamp="2026-09-02T12:00:00Z" changeset="1" uid="1" user="generator"/>
  <node id="2975" lat="43.0256045576" lon="-95.2313658455" version="1" timestamp="2026-09-02T12:00:00Z" changeset="1" uid="1" user="generator"/>
  <node id="2976" lat="43.0256045576" lon="-95.2412162013" version="1" timestamp="2026-09-02T12:00:00Z" changeset="1" uid="1" user="generator"/>
  <node id="2977" lat="43.0273700714" lon="-95.2659960656" version="1" timestamp="2026-09-02T12:00:00Z" changeset="1" uid="1" user="generator"/>
  <node id="2978" lat="43.0273700714" lon="-95.2635796691" version="1" timestamp="2026-09-02T12:00:00Z" changeset="1" uid="1" user="generator"/>
  <node id="2979" lat="43.0256045576" lon="-95.2635796691" version="1" timestamp="2026-09-02T12:00:00Z" changeset="1" uid="1" user="generator"/>
  <node id="2980" lat="43.0256045576" lon="-95.2659960656" version="1" timestamp="2026-09-02T12:00:00Z" changeset="1" uid="1" user="generator"/>
  <node id="2981" lat="43.0968640369" lon="-95.3106306163" version="1" timestamp="2026-09-02T12:00:00Z" changeset="1" uid="1" user="generator"/>
  <node id="2982" lat="43.0892545293" lon="-95.3106306163" version="1" timestamp="2026-09-02T12:00:00Z" changeset="1" uid="1" user="generator"/>
  <node id="2983" lat="43.0882105282" lon="-95.3106306163" version="1" timestamp="2026-09-02T12:00:00Z" changeset="1" uid="1" user="generator"/>
  <node id="2984" lat="43.0871395271" lon="-95.3106306163" version="1" timestamp="2026-09-02T12:00:00Z" changeset="1" uid="1" user="generator"/>
  <node id="2985" lat="43.0860685261" lon="-95.3106306163" version="1" timestamp="2026-09-02T12:00:00Z" changeset="1" uid="1" user="generator"/>
  <node id="2986" lat="43.0850245250" lon="-95.3106306163" version="1" timestamp="2026-09-02T12:00:00Z" changeset="1" uid="1" user="generator"/>
  <node id="2987" lat="43.0726554167" lon="-95.3106306163" version="1" timestamp="2026-09-02T12:00:00Z" changeset="1" uid="1" user="generator"/>
  <node id="2988" lat="43.0581713062" lon="-95.3106306163" version="1" timestamp="2026-09-02T12:00:00Z" changeset="1" uid="1" user="generator"/>
  <node id="2989" lat="43.0436871957" lon="-95.3106306163" version="1" timestamp="2026-09-02T12:00:00Z" changeset="1" uid="1" user="generator"/>
  <node id="2990" lat="43.0313180873" lon="-95.3106306163" version="1" timestamp="2026-09-02T12:00:00Z" changeset="1" uid="1" user="generator"/>
  <node id="2991" lat="43.0302740863" lon="-95.3106306163" version="1" timestamp="2026-09-02T12:00:00Z" changeset="1" uid="1" user="generator"/>
  <node id="2992" lat="43.0292030852" lon="-95.3106306163" version="1" timestamp="2026-09-02T12:00:00Z" changeset="1" uid="1" user="generator"/>
  <node id="2993" lat="43.0281320841" lon="-95.3106306163" version="1" timestamp="2026-09-02T12:00:00Z" changeset="1" uid="1" user="generator"/>
  <node id="2994" lat="43.0270880831" lon="-95.3106306163" version="1" timestamp="2026-09-02T12:00:00Z" changeset="1" uid="1" user="generator"/>
  <node id="2995" lat="43.0231359631" lon="-95.3106306163" version="1" timestamp="2026-09-02T12:00:00Z" changeset="1" uid="1" user="generator"/>
  <node id="2996" lat="43.0968640369" lon="-95.2493693837" version="1" timestamp="2026-09-02T12:00:00Z" changeset="1" uid="1" user="generator"/>
  <node id="2997" lat="43.0892545293" lon="-95.2493693837" version="1" timestamp="2026-09-02T12:00:00Z" changeset="1" uid="1" user="generator"/>
  <node id="2998" lat="43.0882105282" lon="-95.2493693837" version="1" timestamp="2026-09-02T12:00:00Z" changeset="1" uid="1" user="generator"/>
  <node id="2999" lat="43.0871395271" lon="-95.2493693837" version="1" timestamp="2026-09-02T12:00:00Z" changeset="1" uid="1" user="generator"/>
  <node id="3000" lat="43.0860685261" lon="-95.2493693837" version="1" timestamp="2026-09-02T12:00:00Z" changeset="1" uid="1" user="generator"/>
  <node id="3001" lat="43.0850245250" lon="-95.2493693837" version="1" timestamp="2026-09-02T12:00:00Z" changeset="1" uid="1" user="generator"/>
  <node id="3002" lat="43.0726554167" lon="-95.2493693837" version="1" timestamp="2026-09-02T12:00:00Z" changeset="1" uid="1" user="generator"/>
  <node id="3003" lat="43.0581713062" lon="-95.2493693837" version="1" timestamp="2026-09-02T12:00:00Z" changeset="1" uid="1" user="generator"/>
  <node id="3004" lat="43.0436871957" lon="-95.2493693837" version="1" timestamp="2026-09-02T12:00:00Z" changeset="1" uid="1" user="generator"/>
  <node id="3005" lat="43.0313180873" lon="-95.2493693837" version="1" timestamp="2026-09-02T12:00:00Z" changeset="1" uid="1" user="generator"/>
  <node id="3006" lat="43.0302740863" lon="-95.2493693837" version="1" timestamp="2026-09-02T12:00:00Z" changeset="1" uid="1" user="generator"/>
  <node id="3007" lat="43.0292030852" lon="-95.2493693837" version="1" timestamp="2026-09-02T12:00:00Z" changeset="1" uid="1" user="generator"/>
  <node id="3008" lat="43.0281320841" lon="-95.2493693837" version="1" timestamp="2026-09-02T12:00:00Z" changeset="1" uid="1" user="generator"/>
  <node id="3009" lat="43.0270880831" lon="-95.2493693837" version="1" timestamp="2026-09-02T12:00:00Z" changeset="1" uid="1" user="generator"/>
  <node id="3010" lat="43.0231359631" lon="-95.2493693837" version="1" timestamp="2026-09-02T12:00:00Z" changeset="1" uid="1" user="generator"/>
  <node id="3011" lat="43.0871395271" lon="-95.3304545078" version="1" timestamp="2026-09-02T12:00:00Z" changeset="1" uid="1" user="generator"/>
  <node id="3012" lat="43.0871395271" lon="-95.3135622992" version="1" timestamp="2026-09-02T12:00:00Z" changeset="1" uid="1" user="generator"/>
  <node id="3013" lat="43.0871395271" lon="-95.3121334117" version="1" timestamp="2026-09-02T12:00:00Z" changeset="1" uid="1" user="generator"/>
  <node id="3014" lat="43.0871395271" lon="-95.3091278209" version="1" timestamp="2026-09-02T12:00:00Z" changeset="1" uid="1" user="generator"/>
  <node id="3015" lat="43.0871395271" lon="-95.3076989335" version="1" timestamp="2026-09-02T12:00:00Z" changeset="1" uid="1" user="generator"/>
  <node id="3016" lat="43.0871395271" lon="-95.2766002334" version="1" timestamp="2026-09-02T12:00:00Z" changeset="1" uid="1" user="generator"/>
  <node id="3017" lat="43.0871395271" lon="-95.2749988940" version="1" timestamp="2026-09-02T12:00:00Z" changeset="1" uid="1" user="generator"/>
  <node id="3018" lat="43.0871395271" lon="-95.2523010665" version="1" timestamp="2026-09-02T12:00:00Z" changeset="1" uid="1" user="generator"/>
  <node id="3019" lat="43.0871395271" lon="-95.2508721791" version="1" timestamp="2026-09-02T12:00:00Z" changeset="1" uid="1" user="generator"/>
  <node id="3020" lat="43.0871395271" lon="-95.2478665883" version="1" timestamp="2026-09-02T12:00:00Z" changeset="1" uid="1" user="generator"/>
  <node id="3021" lat="43.0871395271" lon="-95.2464377008" version="1" timestamp="2026-09-02T12:00:00Z" changeset="1" uid="1" user="generator"/>
  <node id="3022" lat="43.0871395271" lon="-95.2295454922" version="1" timestamp="2026-09-02T12:00:00Z" changeset="1" uid="1" user="generator"/>
  <node id="3023" lat="43.0726554167" lon="-95.3304545078" version="1" timestamp="2026-09-02T12:00:00Z" changeset="1" uid="1" user="generator"/>
  <node id="3024" lat="43.0726554167" lon="-95.2820201512" version="1" timestamp="2026-09-02T12:00:00Z" changeset="1" uid="1" user="generator"/>
  <node id="3025" lat="43.0726554167" lon="-95.2769697732" version="1" timestamp="2026-09-02T12:00:00Z" changeset="1" uid="1" user="generator"/>
  <node id="3026" lat="43.0726554167" lon="-95.2295454922" version="1" timestamp="2026-09-02T12:00:00Z" changeset="1" uid="1" user="generator"/>
  <node id="3027" lat="43.0581713062" lon="-95.3304545078" version="1" timestamp="2026-09-02T12:00:00Z" changeset="1" uid="1" user="generator"/>
  <node id="3028" lat="43.0581713062" lon="-95.2915050074" version="1" timestamp="2026-09-02T12:00:00Z" changeset="1" uid="1" user="generator"/>
  <node id="3029" lat="43.0581713062" lon="-95.2878096089" version="1" timestamp="2026-09-02T12:00:00Z" changeset="1" uid="1" user="generator"/>
  <node id="3030" lat="43.0581713062" lon="-95.2295454922" version="1" timestamp="2026-09-02T12:00:00Z" changeset="1" uid="1" user="generator"/>
  <node id="3031" lat="43.0436871957" lon="-95.3304545078" version="1" timestamp="2026-09-02T12:00:00Z" changeset="1" uid="1" user="generator"/>
  <node id="3032" lat="43.0436871957" lon="-95.2821433311" version="1" timestamp="2026-09-02T12:00:00Z" changeset="1" uid="1" user="generator"/>
  <node id="3033" lat="43.0436871957" lon="-95.2777088529" version="1" timestamp="2026-09-02T12:00:00Z" changeset="1" uid="1" user="generator"/>
  <node id="3034" lat="43.0436871957" lon="-95.2295454922" version="1" timestamp="2026-09-02T12:00:00Z" changeset="1" uid="1" user="generator"/>
  <node id="3035" lat="43.0292030852" lon="-95.3304545078" version="1" timestamp="2026-09-02T12:00:00Z" changeset="1" uid="1" user="generator"/>
  <node id="3036" lat="43.0292030852" lon="-95.3135622992" version="1" timestamp="2026-09-02T12:00:00Z" changeset="1" uid="1" user="generator"/>
  <node id="3037" lat="43.0292030852" lon="-95.3121334117" version="1" timestamp="2026-09-02T12:00:00Z" changeset="1" uid="1" user="generator"/>
  <node id="3038" lat="43.0292030852" lon="-95.3091278209" version="1" timestamp="2026-09-02T12:00:00Z" changeset="1" uid="1" user="generator"/>
  <node id="3039" lat="43.0292030852" lon="-95.3076989335" version="1" timestamp="2026-09-02T12:00:00Z" changeset="1" uid="1" user="generator"/>
  <node id="3040" lat="43.0292030852" lon="-95.2791870123" version="1" timestamp="2026-09-02T12:00:00Z" changeset="1" uid="1" user="generator"/>
  <node id="3041" lat="43.0292030852" lon="-95.2762306935" version="1" timestamp="2026-09-02T12:00:00Z" changeset="1" uid="1" user="generator"/>
  <node id="3042" lat="43.0292030852" lon="-95.2523010665" version="1" timestamp="2026-09-02T12:00:00Z" changeset="1" uid="1" user="generator"/>
  <node id="3043" lat="43.0292030852" lon="-95.2508721791" version="1" timestamp="2026-09-02T12:00:00Z" changeset="1" uid="1" user="generator"/>
  <node id="3044" lat="43.0292030852" lon="-95.2478665883" version="1" timestamp="2026-09-02T12:00:00Z" changeset="1" uid="1" user="generator"/>
  <node id="3045" lat="43.0292030852" lon="-95.2464377008" version="1" timestamp="2026-09-02T12:00:00Z" changeset="1" uid="1" user="generator"/>
  <node id="3046" lat="43.0292030852" lon="-95.2295454922" version="1" timestamp="2026-09-02T12:00:00Z" changeset="1" uid="1" user="generator"/>
  <node id="3047" lat="43.0892545293" lon="-95.3135622992" version="1" timestamp="2026-09-02T12:00:00Z" changeset="1" uid="1" user="generator"/>
  <node id="3048" lat="43.0882105282" lon="-95.3135622992" version="1" timestamp="2026-09-02T12:00:00Z" changeset="1" uid="1" user="generator"/>
  <node id="3049" lat="43.0860685261" lon="-95.3135622992" version="1" timestamp="2026-09-02T12:00:00Z" changeset="1" uid="1" user="generator"/>
  <node id="3050" lat="43.0850245250" lon="-95.3135622992" version="1" timestamp="2026-09-02T12:00:00Z" changeset="1" uid="1" user="generator"/>
  <node id="3051" lat="43.0892545293" lon="-95.3121334117" version="1" timestamp="2026-09-02T12:00:00Z" changeset="1" uid="1" user="generator"/>
  <node id="3052" lat="43.0882105282" lon="-95.3121334117" version="1" timestamp="2026-09-02T12:00:00Z" changeset="1" uid="1" user="generator"/>
  <node id="3053" lat="43.0860685261" lon="-95.3121334117" version="1" timestamp="2026-09-02T12:00:00Z" changeset="1" uid="1" user="generator"/>
  <node id="3054" lat="43.0850245250" lon="-95.3121334117" version="1" timestamp="2026-09-02T12:00:00Z" changeset="1" uid="1" user="generator"/>
  <node id="3055" lat="43.0892545293" lon="-95.3091278209" version="1" timestamp="2026-09-02T12:00:00Z" changeset="1" uid="1" user="generator"/>
  <node id="3056" lat="43.0882105282" lon="-95.3091278209" version="1" timestamp="2026-09-02T12:00:00Z" changeset="1" uid="1" user="generator"/>
  <node id="3057" lat="43.0860685261" lon="-95.3091278209" version="1" timestamp="2026-09-02T12:00:00Z" changeset="1" uid="1" user="generator"/>
  <node id="3058" lat="43.0850245250" lon="-95.3091278209" version="1" timestamp="2026-09-02T12:00:00Z" changeset="1" uid="1" user="generator"/>
  <node id="3059" lat="43.0892545293" lon="-95.3076989335" version="1" timestamp="2026-09-02T12:00:00Z" changeset="1" uid="1" user="generator"/>
  <node id="3060" lat="43.0882105282" lon="-95.3076989335" version="1" timestamp="2026-09-02T12:00:00Z" changeset="1" uid="1" user="generator"/>
  <node id="3061" lat="43.0860685261" lon="-95.3076989335" version="1" timestamp="2026-09-02T12:00:00Z" changeset="1" uid="1" user="generator"/>
  <node id="3062" lat="43.0850245250" lon="-95.3076989335" version="1" timestamp="2026-09-02T12:00:00Z" changeset="1" uid="1" user="generator"/>
  <node id="3063" lat="43.0892545293" lon="-95.2523010665" version="1" timestamp="2026-09-02T12:00:00Z" changeset="1" uid="1" user="generator"/>
  <node id="3064" lat="43.0882105282" lon="-95.2523010665" version="1" timestamp="2026-09-02T12:00:00Z" changeset="1" uid="1" user="generator"/>
  <node id="3065" lat="43.0860685261" lon="-95.2523010665" version="1" timestamp="2026-09-02T12:00:00Z" changeset="1" uid="1" user="generator"/>
  <node id="3066" lat="43.0850245250" lon="-95.2523010665" version="1" timestamp="2026-09-02T12:00:00Z" changeset="1" uid="1" user="generator"/>
  <node id="3067" lat="43.0892545293" lon="-95.2508721791" version="1" timestamp="2026-09-02T12:00:00Z" changeset="1" uid="1" user="generator"/>
  <node id="3068" lat="43.0882105282" lon="-95.2508721791" version="1" timestamp="2026-09-02T12:00:00Z" changeset="1" uid="1" user="generator"/>
  <node id="3069" lat="43.0860685261" lon="-95.2508721791" version="1" timestamp="2026-09-02T12:00:00Z" changeset="1" uid="1" user="generator"/>
  <node id="3070" lat="43.0850245250" lon="-95.2508721791" version="1" timestamp="2026-09-02T12:00:00Z" changeset="1" uid="1" user="generator"/>
  <node id="3071" lat="43.0892545293" lon="-95.2478665883" version="1" timestamp="2026-09-02T12:00:00Z" changeset="1" uid="1" user="generator"/>
  <node id="3072" lat="43.0882105282" lon="-95.2478665883" version="1" timestamp="2026-09-02T12:00:00Z" changeset="1" uid="1" user="generator"/>
  <node id="3073" lat="43.0860685261" lon="-95.2478665883" version="1" timestamp="2026-09-02T12:00:00Z" changeset="1" uid="1" user="generator"/>
  <node id="3074" lat="43.0850245250" lon="-95.2478665883" version="1" timestamp="2026-09-02T12:00:00Z" changeset="1" uid="1" user="generator"/>
  <node id="3075" lat="43.0892545293" lon="-95.2464377008" version="1" timestamp="2026-09-02T12:00:00Z" changeset="1" uid="1" user="generator"/>
  <node id="3076" lat="43.0882105282" lon="-95.2464377008" version="1" timestamp="2026-09-02T12:00:00Z" changeset="1" uid="1" user="generator"/>
  <node id="3077" lat="43.0860685261" lon="-95.2464377008" version="1" timestamp="2026-09-02T12:00:00Z" changeset="1" uid="1" user="generator"/>
  <node id="3078" lat="43.0850245250" lon="-95.2464377008" version="1" timestamp="2026-09-02T12:00:00Z" changeset="1" uid="1" user="generator"/>
  <node id="3079" lat="43.0313180873" lon="-95.3135622992" version="1" timestamp="2026-09-02T12:00:00Z" changeset="1" uid="1" user="generator"/>
  <node id="3080" lat="43.0302740863" lon="-95.3135622992" version="1" timestamp="2026-09-02T12:00:00Z" changeset="1" uid="1" user="generator"/>
  <node id="3081" lat="43.0281320841" lon="-95.3135622992" version="1" timestamp="2026-09-02T12:00:00Z" changeset="1" uid="1" user="generator"/>
  <node id="3082" lat="43.0270880831" lon="-95.3135622992" version="1" timestamp="2026-09-02T12:00:00Z" changeset="1" uid="1" user="generator"/>
  <node id="3083" lat="43.0313180873" lon="-95.3121334117" version="1" timestamp="2026-09-02T12:00:00Z" changeset="1" uid="1" user="generator"/>
  <node id="3084" lat="43.0302740863" lon="-95.3121334117" version="1" timestamp="2026-09-02T12:00:00Z" changeset="1" uid="1" user="generator"/>
  <node id="3085" lat="43.0281320841" lon="-95.3121334117" version="1" timestamp="2026-09-02T12:00:00Z" changeset="1" uid="1" user="generator"/>
  <node id="3086" lat="43.0270880831" lon="-95.3121334117" version="1" timestamp="2026-09-02T12:00:00Z" changeset="1" uid="1" user="generator"/>
  <node id="3087" lat="43.0313180873" lon="-95.3091278209" version="1" timestamp="2026-09-02T12:00:00Z" changeset="1" uid="1" user="generator"/>
  <node id="3088" lat="43.0302740863" lon="-95.3091278209" version="1" timestamp="2026-09-02T12:00:00Z" changeset="1" uid="1" user="generator"/>
  <node id="3089" lat="43.0281320841" lon="-95.3091278209" version="1" timestamp="2026-09-02T12:00:00Z" changeset="1" uid="1" user="generator"/>
  <node id="3090" lat="43.0270880831" lon="-95.3091278209" version="1" timestamp="2026-09-02T12:00:00Z" changeset="1" uid="1" user="generator"/>
  <node id="3091" lat="43.0313180873" lon="-95.3076989335" version="1" timestamp="2026-09-02T12:00:00Z" changeset="1" uid="1" user="generator"/>
  <node id="3092" lat="43.0302740863" lon="-95.3076989335" version="1" timestamp="2026-09-02T12:00:00Z" changeset="1" uid="1" user="generator"/>
  <node id="3093" lat="43.0281320841" lon="-95.3076989335" version="1" timestamp="2026-09-02T12:00:00Z" changeset="1" uid="1" user="generator"/>
  <node id="3094" lat="43.0270880831" lon="-95.3076989335" version="1" timestamp="2026-09-02T12:00:00Z" changeset="1" uid="1" user="generator"/>
  <node id="3095" lat="43.0313180873" lon="-95.2523010665" version="1" timestamp="2026-09-02T12:00:00Z" changeset="1" uid="1" user="generator"/>
  <node id="3096" lat="43.0302740863" lon="-95.2523010665" version="1" timestamp="2026-09-02T12:00:00Z" changeset="1" uid="1" user="generator"/>
  <node id="3097" lat="43.0281320841" lon="-95.2523010665" version="1" timestamp="2026-09-02T12:00:00Z" changeset="1" uid="1" user="generator"/>
  <node id="3098" lat="43.0270880831" lon="-95.2523010665" version="1" timestamp="2026-09-02T12:00:00Z" changeset="1" uid="1" user="generator"/>
  <node id="3099" lat="43.0313180873" lon="-95.2508721791" version="1" timestamp="2026-09-02T12:00:00Z" changeset="1" uid="1" user="generator"/>
  <node id="3100" lat="43.0302740863" lon="-95.2508721791" version="1" timestamp="2026-09-02T12:00:00Z" changeset="1" uid="1" user="generator"/>
  <node id="3101" lat="43.0281320841" lon="-95.2508721791" version="1" timestamp="2026-09-02T12:00:00Z" changeset="1" uid="1" user="generator"/>
  <node id="3102" lat="43.0270880831" lon="-95.2508721791" version="1" timestamp="2026-09-02T12:00:00Z" changeset="1" uid="1" user="generator"/>
  <node id="3103" lat="43.0313180873" lon="-95.2478665883" version="1" timestamp="2026-09-02T12:00:00Z" changeset="1" uid="1" user="generator"/>
  <node id="3104" lat="43.0302740863" lon="-95.2478665883" version="1" timestamp="2026-09-02T12:00:00Z" changeset="1" uid="1" user="generator"/>
  <node id="3105" lat="43.0281320841" lon="-95.2478665883" version="1" timestamp="2026-09-02T12:00:00Z" changeset="1" uid="1" user="generator"/>
  <node id="3106" lat="43.0270880831" lon="-95.2478665883" version="1" timestamp="2026-09-02T12:00:00Z" changeset="1" uid="1" user="generator"/>
  <node id="3107" lat="43.0313180873" lon="-95.2464377008" version="1" timestamp="2026-09-02T12:00:00Z" changeset="1" uid="1" user="generator"/>
  <node id="3108" lat="43.0302740863" lon="-95.2464377008" version="1" timestamp="2026-09-02T12:00:00Z" changeset="1" uid="1" user="generator"/>
  <node id="3109" lat="43.0281320841" lon="-95.2464377008" version="1" timestamp="2026-09-02T12:00:00Z" changeset="1" uid="1" user="generator"/>
  <node id="3110" lat="43.0270880831" lon="-95.2464377008" version="1" timestamp="2026-09-02T12:00:00Z" changeset="1" uid="1" user="generator"/>
  <way id="1" version="1" timestamp="2026-09-02T12:00:00Z" changeset="1" uid="1" user="generator">
    <nd ref="1"/>
    <nd ref="2"/>
    <nd ref="3"/>
    <nd ref="4"/>
    <nd ref="5"/>
    <nd ref="6"/>
    <nd ref="7"/>
    <nd ref="8"/>
    <nd ref="9"/>
    <nd ref="10"/>
    <nd ref="11"/>
    <nd ref="12"/>
    <nd ref="13"/>
    <nd ref="14"/>
    <nd ref="15"/>
    <nd ref="16"/>
    <nd ref="17"/>
    <nd ref="18"/>
    <nd ref="19"/>
    <nd ref="20"/>
    <nd ref="21"/>
    <nd ref="22"/>
    <nd ref="23"/>
    <nd ref="24"/>
    <nd ref="25"/>
    <nd ref="26"/>
    <nd ref="27"/>
    <nd ref="28"/>
    <nd ref="29"/>
    <nd ref="30"/>
    <nd ref="31"/>
    <nd ref="32"/>
    <nd ref="33"/>
    <nd ref="34"/>
    <nd ref="35"/>
    <nd ref="36"/>
    <nd ref="37"/>
    <nd ref="38"/>
    <nd ref="39"/>
    <nd ref="40"/>
    <nd ref="41"/>
    <nd ref="42"/>
    <nd ref="43"/>
    <nd ref="44"/>
    <nd ref="45"/>
    <nd ref="46"/>
    <nd ref="47"/>
    <nd ref="48"/>
    <nd ref="49"/>
    <nd ref="50"/>
    <nd ref="51"/>
    <nd ref="52"/>
    <nd ref="53"/>
    <nd ref="54"/>
    <nd ref="55"/>
    <nd ref="56"/>
    <nd ref="57"/>
    <nd ref="58"/>
    <nd ref="59"/>
    <nd ref="60"/>
    <nd ref="61"/>
    <nd ref="62"/>
    <nd ref="63"/>
    <nd ref="64"/>
    <nd ref="65"/>
    <nd ref="66"/>
    <nd ref="67"/>
    <nd ref="68"/>
    <nd ref="69"/>
    <nd ref="70"/>
    <nd ref="71"/>
    <nd ref="72"/>
    <nd ref="73"/>
    <nd ref="74"/>
    <nd ref="75"/>
    <nd ref="76"/>
    <nd ref="77"/>
    <nd ref="78"/>
    <nd ref="79"/>
    <nd ref="80"/>
    <nd ref="81"/>
    <nd ref="82"/>
    <nd ref="83"/>
    <nd ref="84"/>
    <nd ref="85"/>
    <nd ref="86"/>
    <nd ref="87"/>
    <nd ref="88"/>
    <nd ref="89"/>
    <nd ref="90"/>
    <nd ref="91"/>
    <nd ref="92"/>
    <nd ref="93"/>
    <nd ref="94"/>
    <nd ref="95"/>
    <nd ref="96"/>
    <nd ref="97"/>
    <nd ref="98"/>
    <nd ref="99"/>
    <nd ref="100"/>
    <nd ref="101"/>
    <nd ref="102"/>
    <nd ref="103"/>
    <nd ref="104"/>
    <nd ref="105"/>
    <nd ref="106"/>
    <nd ref="107"/>
    <nd ref="108"/>
    <nd ref="109"/>
    <nd ref="110"/>
    <nd ref="111"/>
    <nd ref="112"/>
    <nd ref="113"/>
    <nd ref="114"/>
    <nd ref="115"/>
    <nd ref="116"/>
    <nd ref="117"/>
    <nd ref="118"/>
    <nd ref="119"/>
    <nd ref="120"/>
    <nd ref="121"/>
    <nd ref="122"/>
    <nd ref="123"/>
    <nd ref="124"/>
    <nd ref="125"/>
    <nd ref="126"/>
    <nd ref="127"/>
    <nd ref="128"/>
    <nd ref="129"/>
    <nd ref="130"/>
    <nd ref="131"/>
    <nd ref="132"/>
    <nd ref="133"/>
    <nd ref="134"/>
    <nd ref="135"/>
    <nd ref="136"/>
    <nd ref="137"/>
    <nd ref="138"/>
    <nd ref="139"/>
    <nd ref="140"/>
    <nd ref="141"/>
    <nd ref="142"/>
    <nd ref="143"/>
    <nd ref="144"/>
    <nd ref="145"/>
    <nd ref="146"/>
    <nd ref="147"/>
    <nd ref="148"/>
    <nd ref="149"/>
    <nd ref="150"/>
    <nd ref="151"/>
    <nd ref="152"/>
    <nd ref="153"/>
    <nd ref="154"/>
    <nd ref="155"/>
    <nd ref="156"/>
    <nd ref="157"/>
    <nd ref="158"/>
    <nd ref="159"/>
    <nd ref="160"/>
    <nd ref="161"/>
    <nd ref="162"/>
    <nd ref="163"/>
    <nd ref="164"/>
    <nd ref="165"/>
    <nd ref="166"/>
    <nd ref="167"/>
    <nd ref="168"/>
    <nd ref="169"/>
    <nd ref="170"/>
    <nd ref="171"/>
    <nd ref="172"/>
    <nd ref="173"/>
    <nd ref="174"/>
    <nd ref="175"/>
    <nd ref="176"/>
    <nd ref="177"/>
    <nd ref="178"/>
    <nd ref="179"/>
    <nd ref="180"/>
    <nd ref="181"/>
    <nd ref="182"/>
    <nd ref="183"/>
    <nd ref="184"/>
    <nd ref="185"/>
    <nd ref="186"/>
    <nd ref="187"/>
    <nd ref="188"/>
    <nd ref="189"/>
    <nd ref="190"/>
    <nd ref="191"/>
    <nd ref="192"/>
    <nd ref="193"/>
    <nd ref="194"/>
    <nd ref="195"/>
    <nd ref="196"/>
    <nd ref="197"/>
    <nd ref="198"/>
    <nd ref="199"/>
    <nd ref="200"/>
    <nd ref="201"/>
    <nd ref="202"/>
    <nd ref="203"/>
    <nd ref="204"/>
    <nd ref="205"/>
    <nd ref="206"/>
    <nd ref="207"/>
    <nd ref="208"/>
    <nd ref="209"/>
    <nd ref="210"/>
    <nd ref="211"/>
    <nd ref="212"/>
    <nd ref="213"/>
    <nd ref="214"/>
    <nd ref="215"/>
    <nd ref="216"/>
    <nd ref="217"/>
    <nd ref="218"/>
    <nd ref="219"/>
    <nd ref="220"/>
    <nd ref="221"/>
    <nd ref="222"/>
    <nd ref="223"/>
    <nd ref="224"/>
    <nd ref="225"/>
    <nd ref="226"/>
    <nd ref="227"/>
    <nd ref="228"/>
    <nd ref="229"/>
    <nd ref="230"/>
    <nd ref="231"/>
    <nd ref="232"/>
    <nd ref="233"/>
    <nd ref="234"/>
    <nd ref="235"/>
    <nd ref="236"/>
    <nd ref="237"/>
    <nd ref="238"/>
    <nd ref="239"/>
    <nd ref="240"/>
    <nd ref="241"/>
    <nd ref="242"/>
    <nd ref="243"/>
    <nd ref="244"/>
    <nd ref="245"/>
    <nd ref="246"/>
    <nd ref="247"/>
    <nd ref="248"/>
    <nd ref="249"/>
    <nd ref="250"/>
    <nd ref="251"/>
    <nd ref="252"/>
    <nd ref="253"/>
    <nd ref="254"/>
    <nd ref="255"/>
    <nd ref="256"/>
    <nd ref="257"/>
    <nd ref="258"/>
    <nd ref="259"/>
    <nd ref="260"/>
    <nd ref="261"/>
    <nd ref="262"/>
    <nd ref="263"/>
    <nd ref="264"/>
    <nd ref="265"/>
    <nd ref="266"/>
    <nd ref="267"/>
    <nd ref="268"/>
    <nd ref="269"/>
    <nd ref="270"/>
    <nd ref="271"/>
    <nd ref="272"/>
    <nd ref="273"/>
    <nd ref="274"/>
    <nd ref="275"/>
    <nd ref="276"/>
    <nd ref="277"/>
    <nd ref="278"/>
    <nd ref="279"/>
    <nd ref="280"/>
    <nd ref="281"/>
    <nd ref="282"/>
    <nd ref="283"/>
    <nd ref="284"/>
    <nd ref="285"/>
    <nd ref="286"/>
    <nd ref="287"/>
    <nd ref="288"/>
    <nd ref="289"/>
    <nd ref="290"/>
    <nd ref="291"/>
    <nd ref="292"/>
    <nd ref="293"/>
    <nd ref="294"/>
    <nd ref="295"/>
    <nd ref="296"/>
    <nd ref="297"/>
    <nd ref="298"/>
    <nd ref="299"/>
    <nd ref="300"/>
    <nd ref="301"/>
    <nd ref="302"/>
    <nd ref="303"/>
    <nd ref="304"/>
    <nd ref="305"/>
    <nd ref="306"/>
    <nd ref="307"/>
    <nd ref="308"/>
    <nd ref="309"/>
    <nd ref="310"/>
    <nd ref="311"/>
    <nd ref="312"/>
    <nd ref="313"/>
    <nd ref="314"/>
    <nd ref="315"/>
    <nd ref="316"/>
    <nd ref="317"/>
    <nd ref="318"/>
    <nd ref="319"/>
    <nd ref="320"/>
    <nd ref="321"/>
    <nd ref="322"/>
    <nd ref="323"/>
    <nd ref="324"/>
    <nd ref="325"/>
    <nd ref="326"/>
    <nd ref="327"/>
    <nd ref="328"/>
    <nd ref="329"/>
    <nd ref="330"/>
    <nd ref="331"/>
    <nd ref="332"/>
    <nd ref="333"/>
    <nd ref="334"/>
    <nd ref="335"/>
    <nd ref="336"/>
    <nd ref="337"/>
    <nd ref="338"/>
    <nd ref="339"/>
    <nd ref="340"/>
    <nd ref="341"/>
    <nd ref="342"/>
    <nd ref="343"/>
    <nd ref="344"/>
    <nd ref="345"/>
    <nd ref="346"/>
    <nd ref="347"/>
    <nd ref="348"/>
    <nd ref="349"/>
    <nd ref="350"/>
    <nd ref="351"/>
    <nd ref="352"/>
    <nd ref="353"/>
    <nd ref="354"/>
    <nd ref="355"/>
    <nd ref="356"/>
    <nd ref="357"/>
    <nd ref="358"/>
    <nd ref="359"/>
    <nd ref="360"/>
    <nd ref="361"/>
    <nd ref="362"/>
    <nd ref="363"/>
    <nd ref="364"/>
    <nd ref="365"/>
    <nd ref="366"/>
    <nd ref="367"/>
    <nd ref="368"/>
    <nd ref="369"/>
    <nd ref="370"/>
    <nd ref="371"/>
    <nd ref="372"/>
    <nd ref="373"/>
    <nd ref="374"/>
    <nd ref="375"/>
    <nd ref="376"/>
    <nd ref="377"/>
    <nd ref="378"/>
    <nd ref="379"/>
    <nd ref="380"/>
    <nd ref="381"/>
    <nd ref="382"/>
    <nd ref="383"/>
    <nd ref="384"/>
    <nd ref="385"/>
    <nd ref="386"/>
    <nd ref="387"/>
    <nd ref="388"/>
    <nd ref="389"/>
    <nd ref="390"/>
    <nd ref="391"/>
    <nd ref="392"/>
    <nd ref="393"/>
    <nd ref="394"/>
    <nd ref="395"/>
    <nd ref="396"/>
    <nd ref="397"/>
    <nd ref="398"/>
    <nd ref="399"/>
    <nd ref="400"/>
    <nd ref="401"/>
    <nd ref="402"/>
    <nd ref="403"/>
    <nd ref="404"/>
    <nd ref="405"/>
    <nd ref="406"/>
    <nd ref="407"/>
    <nd ref="408"/>
    <nd ref="409"/>
    <nd ref="410"/>
    <nd ref="411"/>
    <nd ref="412"/>
    <nd ref="413"/>
    <nd ref="414"/>
    <nd ref="415"/>
    <nd ref="416"/>
    <nd ref="417"/>
    <nd ref="418"/>
    <nd ref="419"/>
    <nd ref="420"/>
    <nd ref="421"/>
    <nd ref="422"/>
    <nd ref="423"/>
    <nd ref="424"/>
    <nd ref="425"/>
    <nd ref="426"/>
    <nd ref="427"/>
    <nd ref="428"/>
    <nd ref="429"/>
    <nd ref="430"/>
    <nd ref="431"/>
    <nd ref="432"/>
    <nd ref="433"/>
    <nd ref="434"/>
    <nd ref="435"/>
    <nd ref="436"/>
    <nd ref="437"/>
    <nd ref="438"/>
    <nd ref="439"/>
    <nd ref="440"/>
    <nd ref="1"/>
    <tag k="natural" v="water"/>
    <tag k="water" v="river"/>
    <tag k="name" v="Rio Valle Bonito"/>
  </way>
  <way id="2" version="1" timestamp="2026-09-02T12:00:00Z" changeset="1" uid="1" user="generator">
    <nd ref="441"/>
    <nd ref="442"/>
    <nd ref="443"/>
    <nd ref="444"/>
    <nd ref="445"/>
    <nd ref="446"/>
    <nd ref="447"/>
    <nd ref="448"/>
    <nd ref="449"/>
    <nd ref="450"/>
    <nd ref="451"/>
    <nd ref="452"/>
    <nd ref="453"/>
    <nd ref="454"/>
    <nd ref="455"/>
    <nd ref="456"/>
    <nd ref="457"/>
    <nd ref="458"/>
    <nd ref="459"/>
    <nd ref="460"/>
    <nd ref="461"/>
    <nd ref="462"/>
    <nd ref="463"/>
    <nd ref="464"/>
    <nd ref="465"/>
    <nd ref="466"/>
    <nd ref="467"/>
    <nd ref="468"/>
    <nd ref="469"/>
    <nd ref="470"/>
    <nd ref="471"/>
    <nd ref="472"/>
    <nd ref="473"/>
    <nd ref="474"/>
    <nd ref="475"/>
    <nd ref="476"/>
    <nd ref="477"/>
    <nd ref="478"/>
    <nd ref="479"/>
    <nd ref="480"/>
    <nd ref="481"/>
    <nd ref="482"/>
    <nd ref="483"/>
    <nd ref="484"/>
    <nd ref="485"/>
    <nd ref="486"/>
    <nd ref="487"/>
    <nd ref="488"/>
    <nd ref="489"/>
    <nd ref="490"/>
    <nd ref="491"/>
    <nd ref="492"/>
    <nd ref="493"/>
    <nd ref="494"/>
    <nd ref="495"/>
    <nd ref="496"/>
    <nd ref="497"/>
    <nd ref="498"/>
    <nd ref="499"/>
    <nd ref="500"/>
    <nd ref="501"/>
    <nd ref="502"/>
    <nd ref="503"/>
    <nd ref="504"/>
    <nd ref="505"/>
    <nd ref="506"/>
    <nd ref="507"/>
    <nd ref="508"/>
    <nd ref="509"/>
    <nd ref="510"/>
    <nd ref="511"/>
    <nd ref="512"/>
    <nd ref="513"/>
    <nd ref="514"/>
    <nd ref="515"/>
    <nd ref="516"/>
    <nd ref="517"/>
    <nd ref="518"/>
    <nd ref="519"/>
    <nd ref="520"/>
    <nd ref="521"/>
    <nd ref="522"/>
    <nd ref="523"/>
    <nd ref="524"/>
    <nd ref="525"/>
    <nd ref="526"/>
    <nd ref="527"/>
    <nd ref="528"/>
    <nd ref="529"/>
    <nd ref="530"/>
    <nd ref="531"/>
    <nd ref="532"/>
    <nd ref="533"/>
    <nd ref="534"/>
    <nd ref="535"/>
    <nd ref="536"/>
    <nd ref="441"/>
    <tag k="natural" v="water"/>
    <tag k="water" v="lake"/>
    <tag k="name" v="Lago del Norte"/>
  </way>
  <way id="3" version="1" timestamp="2026-09-02T12:00:00Z" changeset="1" uid="1" user="generator">
    <nd ref="537"/>
    <nd ref="538"/>
    <nd ref="539"/>
    <nd ref="540"/>
    <nd ref="537"/>
    <tag k="landuse" v="farmyard"/>
    <tag k="building" v="industrial"/>
    <tag k="name" v="Zona Industrial del Oeste 1"/>
  </way>
  <way id="4" version="1" timestamp="2026-09-02T12:00:00Z" changeset="1" uid="1" user="generator">
    <nd ref="541"/>
    <nd ref="542"/>
    <nd ref="543"/>
    <nd ref="544"/>
    <nd ref="541"/>
    <tag k="landuse" v="farmyard"/>
    <tag k="building" v="industrial"/>
    <tag k="name" v="Zona Industrial del Oeste 2"/>
  </way>
  <way id="5" version="1" timestamp="2026-09-02T12:00:00Z" changeset="1" uid="1" user="generator">
    <nd ref="545"/>
    <nd ref="546"/>
    <nd ref="547"/>
    <nd ref="548"/>
    <nd ref="545"/>
    <tag k="landuse" v="farmyard"/>
    <tag k="building" v="industrial"/>
    <tag k="name" v="Zona Industrial del Este 1"/>
  </way>
  <way id="6" version="1" timestamp="2026-09-02T12:00:00Z" changeset="1" uid="1" user="generator">
    <nd ref="549"/>
    <nd ref="550"/>
    <nd ref="551"/>
    <nd ref="552"/>
    <nd ref="549"/>
    <tag k="landuse" v="farmyard"/>
    <tag k="building" v="industrial"/>
    <tag k="name" v="Zona Industrial del Este 2"/>
  </way>
  <way id="7" version="1" timestamp="2026-09-02T12:00:00Z" changeset="1" uid="1" user="generator">
    <nd ref="553"/>
    <nd ref="554"/>
    <nd ref="555"/>
    <nd ref="556"/>
    <nd ref="553"/>
    <tag k="landuse" v="farmyard"/>
    <tag k="building" v="industrial"/>
    <tag k="name" v="Zona Industrial de Servicio 1"/>
  </way>
  <way id="8" version="1" timestamp="2026-09-02T12:00:00Z" changeset="1" uid="1" user="generator">
    <nd ref="557"/>
    <nd ref="558"/>
    <nd ref="559"/>
    <nd ref="560"/>
    <nd ref="557"/>
    <tag k="landuse" v="farmyard"/>
    <tag k="building" v="industrial"/>
    <tag k="name" v="Zona Industrial de Servicio 2"/>
  </way>
  <way id="9" version="1" timestamp="2026-09-02T12:00:00Z" changeset="1" uid="1" user="generator">
    <nd ref="561"/>
    <nd ref="562"/>
    <nd ref="563"/>
    <nd ref="564"/>
    <nd ref="561"/>
    <tag k="landuse" v="farmyard"/>
    <tag k="building" v="industrial"/>
    <tag k="name" v="Zona Industrial de Servicio 3"/>
  </way>
  <way id="10" version="1" timestamp="2026-09-02T12:00:00Z" changeset="1" uid="1" user="generator">
    <nd ref="565"/>
    <nd ref="566"/>
    <nd ref="567"/>
    <nd ref="568"/>
    <nd ref="565"/>
    <tag k="landuse" v="farmyard"/>
    <tag k="building" v="industrial"/>
    <tag k="name" v="Zona Industrial de Servicio 4"/>
  </way>
  <way id="11" version="1" timestamp="2026-09-02T12:00:00Z" changeset="1" uid="1" user="generator">
    <nd ref="569"/>
    <nd ref="570"/>
    <nd ref="571"/>
    <nd ref="572"/>
    <nd ref="569"/>
    <tag k="landuse" v="farmyard"/>
    <tag k="building" v="industrial"/>
    <tag k="name" v="Zona Industrial de Servicio 5"/>
  </way>
  <way id="12" version="1" timestamp="2026-09-02T12:00:00Z" changeset="1" uid="1" user="generator">
    <nd ref="573"/>
    <nd ref="574"/>
    <nd ref="575"/>
    <nd ref="576"/>
    <nd ref="573"/>
    <tag k="landuse" v="farmyard"/>
    <tag k="building" v="industrial"/>
    <tag k="name" v="Zona Industrial de Servicio 6"/>
  </way>
  <way id="13" version="1" timestamp="2026-09-02T12:00:00Z" changeset="1" uid="1" user="generator">
    <nd ref="577"/>
    <nd ref="578"/>
    <nd ref="579"/>
    <nd ref="580"/>
    <nd ref="577"/>
    <tag k="landuse" v="farmyard"/>
    <tag k="building" v="industrial"/>
    <tag k="name" v="Zona Industrial Mayor del Oeste"/>
  </way>
  <way id="14" version="1" timestamp="2026-09-02T12:00:00Z" changeset="1" uid="1" user="generator">
    <nd ref="581"/>
    <nd ref="582"/>
    <nd ref="583"/>
    <nd ref="584"/>
    <nd ref="581"/>
    <tag k="landuse" v="farmyard"/>
    <tag k="building" v="industrial"/>
    <tag k="name" v="Zona Industrial Mayor del Este"/>
  </way>
  <way id="15" version="1" timestamp="2026-09-02T12:00:00Z" changeset="1" uid="1" user="generator">
    <nd ref="585"/>
    <nd ref="586"/>
    <nd ref="587"/>
    <nd ref="588"/>
    <nd ref="585"/>
    <tag k="landuse" v="farmyard"/>
    <tag k="name" v="Granja del Noroeste"/>
  </way>
  <way id="16" version="1" timestamp="2026-09-02T12:00:00Z" changeset="1" uid="1" user="generator">
    <nd ref="589"/>
    <nd ref="590"/>
    <nd ref="591"/>
    <nd ref="592"/>
    <nd ref="589"/>
    <tag k="landuse" v="farmyard"/>
    <tag k="name" v="Granja del Oeste"/>
  </way>
  <way id="17" version="1" timestamp="2026-09-02T12:00:00Z" changeset="1" uid="1" user="generator">
    <nd ref="593"/>
    <nd ref="594"/>
    <nd ref="595"/>
    <nd ref="596"/>
    <nd ref="593"/>
    <tag k="landuse" v="farmyard"/>
    <tag k="name" v="Granja del Suroeste"/>
  </way>
  <way id="18" version="1" timestamp="2026-09-02T12:00:00Z" changeset="1" uid="1" user="generator">
    <nd ref="597"/>
    <nd ref="598"/>
    <nd ref="599"/>
    <nd ref="600"/>
    <nd ref="597"/>
    <tag k="landuse" v="farmyard"/>
    <tag k="name" v="Granja del Noreste"/>
  </way>
  <way id="19" version="1" timestamp="2026-09-02T12:00:00Z" changeset="1" uid="1" user="generator">
    <nd ref="601"/>
    <nd ref="602"/>
    <nd ref="603"/>
    <nd ref="604"/>
    <nd ref="601"/>
    <tag k="landuse" v="farmyard"/>
    <tag k="name" v="Granja del Este"/>
  </way>
  <way id="20" version="1" timestamp="2026-09-02T12:00:00Z" changeset="1" uid="1" user="generator">
    <nd ref="605"/>
    <nd ref="606"/>
    <nd ref="607"/>
    <nd ref="608"/>
    <nd ref="605"/>
    <tag k="landuse" v="farmyard"/>
    <tag k="name" v="Granja del Sureste"/>
  </way>
  <way id="21" version="1" timestamp="2026-09-02T12:00:00Z" changeset="1" uid="1" user="generator">
    <nd ref="609"/>
    <nd ref="610"/>
    <nd ref="611"/>
    <nd ref="612"/>
    <nd ref="613"/>
    <nd ref="614"/>
    <nd ref="615"/>
    <nd ref="616"/>
    <nd ref="617"/>
    <nd ref="618"/>
    <nd ref="619"/>
    <nd ref="620"/>
    <nd ref="621"/>
    <nd ref="622"/>
    <nd ref="623"/>
    <nd ref="624"/>
    <nd ref="625"/>
    <nd ref="626"/>
    <nd ref="627"/>
    <nd ref="628"/>
    <nd ref="629"/>
    <nd ref="630"/>
    <nd ref="631"/>
    <nd ref="632"/>
    <nd ref="633"/>
    <nd ref="634"/>
    <nd ref="635"/>
    <nd ref="636"/>
    <nd ref="637"/>
    <nd ref="638"/>
    <nd ref="639"/>
    <nd ref="640"/>
    <nd ref="641"/>
    <nd ref="642"/>
    <nd ref="643"/>
    <nd ref="644"/>
    <nd ref="645"/>
    <nd ref="646"/>
    <nd ref="647"/>
    <nd ref="648"/>
    <nd ref="649"/>
    <nd ref="650"/>
    <nd ref="651"/>
    <nd ref="652"/>
    <nd ref="653"/>
    <nd ref="654"/>
    <nd ref="655"/>
    <nd ref="656"/>
    <nd ref="657"/>
    <nd ref="658"/>
    <nd ref="659"/>
    <nd ref="660"/>
    <nd ref="661"/>
    <nd ref="662"/>
    <nd ref="663"/>
    <nd ref="664"/>
    <nd ref="665"/>
    <nd ref="666"/>
    <nd ref="667"/>
    <nd ref="668"/>
    <nd ref="669"/>
    <nd ref="670"/>
    <nd ref="671"/>
    <nd ref="672"/>
    <nd ref="609"/>
    <tag k="natural" v="wood"/>
    <tag k="leaf_type" v="needleleaved"/>
    <tag k="name" v="Isla del Lago"/>
  </way>
  <way id="22" version="1" timestamp="2026-09-02T12:00:00Z" changeset="1" uid="1" user="generator">
    <nd ref="673"/>
    <nd ref="674"/>
    <nd ref="675"/>
    <nd ref="676"/>
    <nd ref="673"/>
    <tag k="landuse" v="farmyard"/>
    <tag k="name" v="Ciudad del Noroeste Cuadra 1-1"/>
  </way>
  <way id="23" version="1" timestamp="2026-09-02T12:00:00Z" changeset="1" uid="1" user="generator">
    <nd ref="677"/>
    <nd ref="678"/>
    <nd ref="679"/>
    <nd ref="680"/>
    <nd ref="677"/>
    <tag k="landuse" v="farmyard"/>
    <tag k="name" v="Ciudad del Noroeste Cuadra 1-2"/>
  </way>
  <way id="24" version="1" timestamp="2026-09-02T12:00:00Z" changeset="1" uid="1" user="generator">
    <nd ref="681"/>
    <nd ref="682"/>
    <nd ref="683"/>
    <nd ref="684"/>
    <nd ref="681"/>
    <tag k="landuse" v="farmyard"/>
    <tag k="name" v="Ciudad del Noroeste Cuadra 1-3"/>
  </way>
  <way id="25" version="1" timestamp="2026-09-02T12:00:00Z" changeset="1" uid="1" user="generator">
    <nd ref="685"/>
    <nd ref="686"/>
    <nd ref="687"/>
    <nd ref="688"/>
    <nd ref="685"/>
    <tag k="landuse" v="farmyard"/>
    <tag k="name" v="Ciudad del Noroeste Cuadra 1-4"/>
  </way>
  <way id="26" version="1" timestamp="2026-09-02T12:00:00Z" changeset="1" uid="1" user="generator">
    <nd ref="689"/>
    <nd ref="690"/>
    <nd ref="691"/>
    <nd ref="692"/>
    <nd ref="689"/>
    <tag k="landuse" v="farmyard"/>
    <tag k="name" v="Ciudad del Noroeste Cuadra 2-1"/>
  </way>
  <way id="27" version="1" timestamp="2026-09-02T12:00:00Z" changeset="1" uid="1" user="generator">
    <nd ref="693"/>
    <nd ref="694"/>
    <nd ref="695"/>
    <nd ref="696"/>
    <nd ref="693"/>
    <tag k="landuse" v="farmyard"/>
    <tag k="name" v="Ciudad del Noroeste Cuadra 2-2"/>
  </way>
  <way id="28" version="1" timestamp="2026-09-02T12:00:00Z" changeset="1" uid="1" user="generator">
    <nd ref="697"/>
    <nd ref="698"/>
    <nd ref="699"/>
    <nd ref="700"/>
    <nd ref="697"/>
    <tag k="landuse" v="farmyard"/>
    <tag k="name" v="Ciudad del Noroeste Cuadra 2-3"/>
  </way>
  <way id="29" version="1" timestamp="2026-09-02T12:00:00Z" changeset="1" uid="1" user="generator">
    <nd ref="701"/>
    <nd ref="702"/>
    <nd ref="703"/>
    <nd ref="704"/>
    <nd ref="701"/>
    <tag k="landuse" v="farmyard"/>
    <tag k="name" v="Ciudad del Noroeste Cuadra 2-4"/>
  </way>
  <way id="30" version="1" timestamp="2026-09-02T12:00:00Z" changeset="1" uid="1" user="generator">
    <nd ref="705"/>
    <nd ref="706"/>
    <nd ref="707"/>
    <nd ref="708"/>
    <nd ref="705"/>
    <tag k="landuse" v="farmyard"/>
    <tag k="name" v="Ciudad del Noroeste Cuadra 3-1"/>
  </way>
  <way id="31" version="1" timestamp="2026-09-02T12:00:00Z" changeset="1" uid="1" user="generator">
    <nd ref="709"/>
    <nd ref="710"/>
    <nd ref="711"/>
    <nd ref="712"/>
    <nd ref="709"/>
    <tag k="landuse" v="farmyard"/>
    <tag k="name" v="Ciudad del Noroeste Cuadra 3-2"/>
  </way>
  <way id="32" version="1" timestamp="2026-09-02T12:00:00Z" changeset="1" uid="1" user="generator">
    <nd ref="713"/>
    <nd ref="714"/>
    <nd ref="715"/>
    <nd ref="716"/>
    <nd ref="713"/>
    <tag k="landuse" v="farmyard"/>
    <tag k="name" v="Ciudad del Noroeste Cuadra 3-3"/>
  </way>
  <way id="33" version="1" timestamp="2026-09-02T12:00:00Z" changeset="1" uid="1" user="generator">
    <nd ref="717"/>
    <nd ref="718"/>
    <nd ref="719"/>
    <nd ref="720"/>
    <nd ref="717"/>
    <tag k="landuse" v="farmyard"/>
    <tag k="name" v="Ciudad del Noroeste Cuadra 3-4"/>
  </way>
  <way id="34" version="1" timestamp="2026-09-02T12:00:00Z" changeset="1" uid="1" user="generator">
    <nd ref="721"/>
    <nd ref="722"/>
    <nd ref="723"/>
    <nd ref="724"/>
    <nd ref="721"/>
    <tag k="landuse" v="farmyard"/>
    <tag k="name" v="Ciudad del Noroeste Cuadra 4-1"/>
  </way>
  <way id="35" version="1" timestamp="2026-09-02T12:00:00Z" changeset="1" uid="1" user="generator">
    <nd ref="725"/>
    <nd ref="726"/>
    <nd ref="727"/>
    <nd ref="728"/>
    <nd ref="725"/>
    <tag k="landuse" v="farmyard"/>
    <tag k="name" v="Ciudad del Noroeste Cuadra 4-2"/>
  </way>
  <way id="36" version="1" timestamp="2026-09-02T12:00:00Z" changeset="1" uid="1" user="generator">
    <nd ref="729"/>
    <nd ref="730"/>
    <nd ref="731"/>
    <nd ref="732"/>
    <nd ref="729"/>
    <tag k="landuse" v="farmyard"/>
    <tag k="name" v="Ciudad del Noroeste Cuadra 4-3"/>
  </way>
  <way id="37" version="1" timestamp="2026-09-02T12:00:00Z" changeset="1" uid="1" user="generator">
    <nd ref="733"/>
    <nd ref="734"/>
    <nd ref="735"/>
    <nd ref="736"/>
    <nd ref="733"/>
    <tag k="landuse" v="farmyard"/>
    <tag k="name" v="Ciudad del Noroeste Cuadra 4-4"/>
  </way>
  <way id="38" version="1" timestamp="2026-09-02T12:00:00Z" changeset="1" uid="1" user="generator">
    <nd ref="737"/>
    <nd ref="738"/>
    <nd ref="739"/>
    <nd ref="740"/>
    <nd ref="737"/>
    <tag k="landuse" v="farmyard"/>
    <tag k="name" v="Ciudad del Noreste Cuadra 1-1"/>
  </way>
  <way id="39" version="1" timestamp="2026-09-02T12:00:00Z" changeset="1" uid="1" user="generator">
    <nd ref="741"/>
    <nd ref="742"/>
    <nd ref="743"/>
    <nd ref="744"/>
    <nd ref="741"/>
    <tag k="landuse" v="farmyard"/>
    <tag k="name" v="Ciudad del Noreste Cuadra 1-2"/>
  </way>
  <way id="40" version="1" timestamp="2026-09-02T12:00:00Z" changeset="1" uid="1" user="generator">
    <nd ref="745"/>
    <nd ref="746"/>
    <nd ref="747"/>
    <nd ref="748"/>
    <nd ref="745"/>
    <tag k="landuse" v="farmyard"/>
    <tag k="name" v="Ciudad del Noreste Cuadra 1-3"/>
  </way>
  <way id="41" version="1" timestamp="2026-09-02T12:00:00Z" changeset="1" uid="1" user="generator">
    <nd ref="749"/>
    <nd ref="750"/>
    <nd ref="751"/>
    <nd ref="752"/>
    <nd ref="749"/>
    <tag k="landuse" v="farmyard"/>
    <tag k="name" v="Ciudad del Noreste Cuadra 1-4"/>
  </way>
  <way id="42" version="1" timestamp="2026-09-02T12:00:00Z" changeset="1" uid="1" user="generator">
    <nd ref="753"/>
    <nd ref="754"/>
    <nd ref="755"/>
    <nd ref="756"/>
    <nd ref="753"/>
    <tag k="landuse" v="farmyard"/>
    <tag k="name" v="Ciudad del Noreste Cuadra 2-1"/>
  </way>
  <way id="43" version="1" timestamp="2026-09-02T12:00:00Z" changeset="1" uid="1" user="generator">
    <nd ref="757"/>
    <nd ref="758"/>
    <nd ref="759"/>
    <nd ref="760"/>
    <nd ref="757"/>
    <tag k="landuse" v="farmyard"/>
    <tag k="name" v="Ciudad del Noreste Cuadra 2-2"/>
  </way>
  <way id="44" version="1" timestamp="2026-09-02T12:00:00Z" changeset="1" uid="1" user="generator">
    <nd ref="761"/>
    <nd ref="762"/>
    <nd ref="763"/>
    <nd ref="764"/>
    <nd ref="761"/>
    <tag k="landuse" v="farmyard"/>
    <tag k="name" v="Ciudad del Noreste Cuadra 2-3"/>
  </way>
  <way id="45" version="1" timestamp="2026-09-02T12:00:00Z" changeset="1" uid="1" user="generator">
    <nd ref="765"/>
    <nd ref="766"/>
    <nd ref="767"/>
    <nd ref="768"/>
    <nd ref="765"/>
    <tag k="landuse" v="farmyard"/>
    <tag k="name" v="Ciudad del Noreste Cuadra 2-4"/>
  </way>
  <way id="46" version="1" timestamp="2026-09-02T12:00:00Z" changeset="1" uid="1" user="generator">
    <nd ref="769"/>
    <nd ref="770"/>
    <nd ref="771"/>
    <nd ref="772"/>
    <nd ref="769"/>
    <tag k="landuse" v="farmyard"/>
    <tag k="name" v="Ciudad del Noreste Cuadra 3-1"/>
  </way>
  <way id="47" version="1" timestamp="2026-09-02T12:00:00Z" changeset="1" uid="1" user="generator">
    <nd ref="773"/>
    <nd ref="774"/>
    <nd ref="775"/>
    <nd ref="776"/>
    <nd ref="773"/>
    <tag k="landuse" v="farmyard"/>
    <tag k="name" v="Ciudad del Noreste Cuadra 3-2"/>
  </way>
  <way id="48" version="1" timestamp="2026-09-02T12:00:00Z" changeset="1" uid="1" user="generator">
    <nd ref="777"/>
    <nd ref="778"/>
    <nd ref="779"/>
    <nd ref="780"/>
    <nd ref="777"/>
    <tag k="landuse" v="farmyard"/>
    <tag k="name" v="Ciudad del Noreste Cuadra 3-3"/>
  </way>
  <way id="49" version="1" timestamp="2026-09-02T12:00:00Z" changeset="1" uid="1" user="generator">
    <nd ref="781"/>
    <nd ref="782"/>
    <nd ref="783"/>
    <nd ref="784"/>
    <nd ref="781"/>
    <tag k="landuse" v="farmyard"/>
    <tag k="name" v="Ciudad del Noreste Cuadra 3-4"/>
  </way>
  <way id="50" version="1" timestamp="2026-09-02T12:00:00Z" changeset="1" uid="1" user="generator">
    <nd ref="785"/>
    <nd ref="786"/>
    <nd ref="787"/>
    <nd ref="788"/>
    <nd ref="785"/>
    <tag k="landuse" v="farmyard"/>
    <tag k="name" v="Ciudad del Noreste Cuadra 4-1"/>
  </way>
  <way id="51" version="1" timestamp="2026-09-02T12:00:00Z" changeset="1" uid="1" user="generator">
    <nd ref="789"/>
    <nd ref="790"/>
    <nd ref="791"/>
    <nd ref="792"/>
    <nd ref="789"/>
    <tag k="landuse" v="farmyard"/>
    <tag k="name" v="Ciudad del Noreste Cuadra 4-2"/>
  </way>
  <way id="52" version="1" timestamp="2026-09-02T12:00:00Z" changeset="1" uid="1" user="generator">
    <nd ref="793"/>
    <nd ref="794"/>
    <nd ref="795"/>
    <nd ref="796"/>
    <nd ref="793"/>
    <tag k="landuse" v="farmyard"/>
    <tag k="name" v="Ciudad del Noreste Cuadra 4-3"/>
  </way>
  <way id="53" version="1" timestamp="2026-09-02T12:00:00Z" changeset="1" uid="1" user="generator">
    <nd ref="797"/>
    <nd ref="798"/>
    <nd ref="799"/>
    <nd ref="800"/>
    <nd ref="797"/>
    <tag k="landuse" v="farmyard"/>
    <tag k="name" v="Ciudad del Noreste Cuadra 4-4"/>
  </way>
  <way id="54" version="1" timestamp="2026-09-02T12:00:00Z" changeset="1" uid="1" user="generator">
    <nd ref="801"/>
    <nd ref="802"/>
    <nd ref="803"/>
    <nd ref="804"/>
    <nd ref="801"/>
    <tag k="landuse" v="farmyard"/>
    <tag k="name" v="Ciudad del Suroeste Cuadra 1-1"/>
  </way>
  <way id="55" version="1" timestamp="2026-09-02T12:00:00Z" changeset="1" uid="1" user="generator">
    <nd ref="805"/>
    <nd ref="806"/>
    <nd ref="807"/>
    <nd ref="808"/>
    <nd ref="805"/>
    <tag k="landuse" v="farmyard"/>
    <tag k="name" v="Ciudad del Suroeste Cuadra 1-2"/>
  </way>
  <way id="56" version="1" timestamp="2026-09-02T12:00:00Z" changeset="1" uid="1" user="generator">
    <nd ref="809"/>
    <nd ref="810"/>
    <nd ref="811"/>
    <nd ref="812"/>
    <nd ref="809"/>
    <tag k="landuse" v="farmyard"/>
    <tag k="name" v="Ciudad del Suroeste Cuadra 1-3"/>
  </way>
  <way id="57" version="1" timestamp="2026-09-02T12:00:00Z" changeset="1" uid="1" user="generator">
    <nd ref="813"/>
    <nd ref="814"/>
    <nd ref="815"/>
    <nd ref="816"/>
    <nd ref="813"/>
    <tag k="landuse" v="farmyard"/>
    <tag k="name" v="Ciudad del Suroeste Cuadra 1-4"/>
  </way>
  <way id="58" version="1" timestamp="2026-09-02T12:00:00Z" changeset="1" uid="1" user="generator">
    <nd ref="817"/>
    <nd ref="818"/>
    <nd ref="819"/>
    <nd ref="820"/>
    <nd ref="817"/>
    <tag k="landuse" v="farmyard"/>
    <tag k="name" v="Ciudad del Suroeste Cuadra 2-1"/>
  </way>
  <way id="59" version="1" timestamp="2026-09-02T12:00:00Z" changeset="1" uid="1" user="generator">
    <nd ref="821"/>
    <nd ref="822"/>
    <nd ref="823"/>
    <nd ref="824"/>
    <nd ref="821"/>
    <tag k="landuse" v="farmyard"/>
    <tag k="name" v="Ciudad del Suroeste Cuadra 2-2"/>
  </way>
  <way id="60" version="1" timestamp="2026-09-02T12:00:00Z" changeset="1" uid="1" user="generator">
    <nd ref="825"/>
    <nd ref="826"/>
    <nd ref="827"/>
    <nd ref="828"/>
    <nd ref="825"/>
    <tag k="landuse" v="farmyard"/>
    <tag k="name" v="Ciudad del Suroeste Cuadra 2-3"/>
  </way>
  <way id="61" version="1" timestamp="2026-09-02T12:00:00Z" changeset="1" uid="1" user="generator">
    <nd ref="829"/>
    <nd ref="830"/>
    <nd ref="831"/>
    <nd ref="832"/>
    <nd ref="829"/>
    <tag k="landuse" v="farmyard"/>
    <tag k="name" v="Ciudad del Suroeste Cuadra 2-4"/>
  </way>
  <way id="62" version="1" timestamp="2026-09-02T12:00:00Z" changeset="1" uid="1" user="generator">
    <nd ref="833"/>
    <nd ref="834"/>
    <nd ref="835"/>
    <nd ref="836"/>
    <nd ref="833"/>
    <tag k="landuse" v="farmyard"/>
    <tag k="name" v="Ciudad del Suroeste Cuadra 3-1"/>
  </way>
  <way id="63" version="1" timestamp="2026-09-02T12:00:00Z" changeset="1" uid="1" user="generator">
    <nd ref="837"/>
    <nd ref="838"/>
    <nd ref="839"/>
    <nd ref="840"/>
    <nd ref="837"/>
    <tag k="landuse" v="farmyard"/>
    <tag k="name" v="Ciudad del Suroeste Cuadra 3-2"/>
  </way>
  <way id="64" version="1" timestamp="2026-09-02T12:00:00Z" changeset="1" uid="1" user="generator">
    <nd ref="841"/>
    <nd ref="842"/>
    <nd ref="843"/>
    <nd ref="844"/>
    <nd ref="841"/>
    <tag k="landuse" v="farmyard"/>
    <tag k="name" v="Ciudad del Suroeste Cuadra 3-3"/>
  </way>
  <way id="65" version="1" timestamp="2026-09-02T12:00:00Z" changeset="1" uid="1" user="generator">
    <nd ref="845"/>
    <nd ref="846"/>
    <nd ref="847"/>
    <nd ref="848"/>
    <nd ref="845"/>
    <tag k="landuse" v="farmyard"/>
    <tag k="name" v="Ciudad del Suroeste Cuadra 3-4"/>
  </way>
  <way id="66" version="1" timestamp="2026-09-02T12:00:00Z" changeset="1" uid="1" user="generator">
    <nd ref="849"/>
    <nd ref="850"/>
    <nd ref="851"/>
    <nd ref="852"/>
    <nd ref="849"/>
    <tag k="landuse" v="farmyard"/>
    <tag k="name" v="Ciudad del Suroeste Cuadra 4-1"/>
  </way>
  <way id="67" version="1" timestamp="2026-09-02T12:00:00Z" changeset="1" uid="1" user="generator">
    <nd ref="853"/>
    <nd ref="854"/>
    <nd ref="855"/>
    <nd ref="856"/>
    <nd ref="853"/>
    <tag k="landuse" v="farmyard"/>
    <tag k="name" v="Ciudad del Suroeste Cuadra 4-2"/>
  </way>
  <way id="68" version="1" timestamp="2026-09-02T12:00:00Z" changeset="1" uid="1" user="generator">
    <nd ref="857"/>
    <nd ref="858"/>
    <nd ref="859"/>
    <nd ref="860"/>
    <nd ref="857"/>
    <tag k="landuse" v="farmyard"/>
    <tag k="name" v="Ciudad del Suroeste Cuadra 4-3"/>
  </way>
  <way id="69" version="1" timestamp="2026-09-02T12:00:00Z" changeset="1" uid="1" user="generator">
    <nd ref="861"/>
    <nd ref="862"/>
    <nd ref="863"/>
    <nd ref="864"/>
    <nd ref="861"/>
    <tag k="landuse" v="farmyard"/>
    <tag k="name" v="Ciudad del Suroeste Cuadra 4-4"/>
  </way>
  <way id="70" version="1" timestamp="2026-09-02T12:00:00Z" changeset="1" uid="1" user="generator">
    <nd ref="865"/>
    <nd ref="866"/>
    <nd ref="867"/>
    <nd ref="868"/>
    <nd ref="865"/>
    <tag k="landuse" v="farmyard"/>
    <tag k="name" v="Ciudad del Sureste Cuadra 1-1"/>
  </way>
  <way id="71" version="1" timestamp="2026-09-02T12:00:00Z" changeset="1" uid="1" user="generator">
    <nd ref="869"/>
    <nd ref="870"/>
    <nd ref="871"/>
    <nd ref="872"/>
    <nd ref="869"/>
    <tag k="landuse" v="farmyard"/>
    <tag k="name" v="Ciudad del Sureste Cuadra 1-2"/>
  </way>
  <way id="72" version="1" timestamp="2026-09-02T12:00:00Z" changeset="1" uid="1" user="generator">
    <nd ref="873"/>
    <nd ref="874"/>
    <nd ref="875"/>
    <nd ref="876"/>
    <nd ref="873"/>
    <tag k="landuse" v="farmyard"/>
    <tag k="name" v="Ciudad del Sureste Cuadra 1-3"/>
  </way>
  <way id="73" version="1" timestamp="2026-09-02T12:00:00Z" changeset="1" uid="1" user="generator">
    <nd ref="877"/>
    <nd ref="878"/>
    <nd ref="879"/>
    <nd ref="880"/>
    <nd ref="877"/>
    <tag k="landuse" v="farmyard"/>
    <tag k="name" v="Ciudad del Sureste Cuadra 1-4"/>
  </way>
  <way id="74" version="1" timestamp="2026-09-02T12:00:00Z" changeset="1" uid="1" user="generator">
    <nd ref="881"/>
    <nd ref="882"/>
    <nd ref="883"/>
    <nd ref="884"/>
    <nd ref="881"/>
    <tag k="landuse" v="farmyard"/>
    <tag k="name" v="Ciudad del Sureste Cuadra 2-1"/>
  </way>
  <way id="75" version="1" timestamp="2026-09-02T12:00:00Z" changeset="1" uid="1" user="generator">
    <nd ref="885"/>
    <nd ref="886"/>
    <nd ref="887"/>
    <nd ref="888"/>
    <nd ref="885"/>
    <tag k="landuse" v="farmyard"/>
    <tag k="name" v="Ciudad del Sureste Cuadra 2-2"/>
  </way>
  <way id="76" version="1" timestamp="2026-09-02T12:00:00Z" changeset="1" uid="1" user="generator">
    <nd ref="889"/>
    <nd ref="890"/>
    <nd ref="891"/>
    <nd ref="892"/>
    <nd ref="889"/>
    <tag k="landuse" v="farmyard"/>
    <tag k="name" v="Ciudad del Sureste Cuadra 2-3"/>
  </way>
  <way id="77" version="1" timestamp="2026-09-02T12:00:00Z" changeset="1" uid="1" user="generator">
    <nd ref="893"/>
    <nd ref="894"/>
    <nd ref="895"/>
    <nd ref="896"/>
    <nd ref="893"/>
    <tag k="landuse" v="farmyard"/>
    <tag k="name" v="Ciudad del Sureste Cuadra 2-4"/>
  </way>
  <way id="78" version="1" timestamp="2026-09-02T12:00:00Z" changeset="1" uid="1" user="generator">
    <nd ref="897"/>
    <nd ref="898"/>
    <nd ref="899"/>
    <nd ref="900"/>
    <nd ref="897"/>
    <tag k="landuse" v="farmyard"/>
    <tag k="name" v="Ciudad del Sureste Cuadra 3-1"/>
  </way>
  <way id="79" version="1" timestamp="2026-09-02T12:00:00Z" changeset="1" uid="1" user="generator">
    <nd ref="901"/>
    <nd ref="902"/>
    <nd ref="903"/>
    <nd ref="904"/>
    <nd ref="901"/>
    <tag k="landuse" v="farmyard"/>
    <tag k="name" v="Ciudad del Sureste Cuadra 3-2"/>
  </way>
  <way id="80" version="1" timestamp="2026-09-02T12:00:00Z" changeset="1" uid="1" user="generator">
    <nd ref="905"/>
    <nd ref="906"/>
    <nd ref="907"/>
    <nd ref="908"/>
    <nd ref="905"/>
    <tag k="landuse" v="farmyard"/>
    <tag k="name" v="Ciudad del Sureste Cuadra 3-3"/>
  </way>
  <way id="81" version="1" timestamp="2026-09-02T12:00:00Z" changeset="1" uid="1" user="generator">
    <nd ref="909"/>
    <nd ref="910"/>
    <nd ref="911"/>
    <nd ref="912"/>
    <nd ref="909"/>
    <tag k="landuse" v="farmyard"/>
    <tag k="name" v="Ciudad del Sureste Cuadra 3-4"/>
  </way>
  <way id="82" version="1" timestamp="2026-09-02T12:00:00Z" changeset="1" uid="1" user="generator">
    <nd ref="913"/>
    <nd ref="914"/>
    <nd ref="915"/>
    <nd ref="916"/>
    <nd ref="913"/>
    <tag k="landuse" v="farmyard"/>
    <tag k="name" v="Ciudad del Sureste Cuadra 4-1"/>
  </way>
  <way id="83" version="1" timestamp="2026-09-02T12:00:00Z" changeset="1" uid="1" user="generator">
    <nd ref="917"/>
    <nd ref="918"/>
    <nd ref="919"/>
    <nd ref="920"/>
    <nd ref="917"/>
    <tag k="landuse" v="farmyard"/>
    <tag k="name" v="Ciudad del Sureste Cuadra 4-2"/>
  </way>
  <way id="84" version="1" timestamp="2026-09-02T12:00:00Z" changeset="1" uid="1" user="generator">
    <nd ref="921"/>
    <nd ref="922"/>
    <nd ref="923"/>
    <nd ref="924"/>
    <nd ref="921"/>
    <tag k="landuse" v="farmyard"/>
    <tag k="name" v="Ciudad del Sureste Cuadra 4-3"/>
  </way>
  <way id="85" version="1" timestamp="2026-09-02T12:00:00Z" changeset="1" uid="1" user="generator">
    <nd ref="925"/>
    <nd ref="926"/>
    <nd ref="927"/>
    <nd ref="928"/>
    <nd ref="925"/>
    <tag k="landuse" v="farmyard"/>
    <tag k="name" v="Ciudad del Sureste Cuadra 4-4"/>
  </way>
  <way id="86" version="1" timestamp="2026-09-02T12:00:00Z" changeset="1" uid="1" user="generator">
    <nd ref="929"/>
    <nd ref="930"/>
    <nd ref="931"/>
    <nd ref="932"/>
    <nd ref="929"/>
    <tag k="natural" v="wood"/>
    <tag k="leaf_type" v="needleleaved"/>
    <tag k="name" v="Bosque del Oeste"/>
  </way>
  <way id="87" version="1" timestamp="2026-09-02T12:00:00Z" changeset="1" uid="1" user="generator">
    <nd ref="933"/>
    <nd ref="934"/>
    <nd ref="935"/>
    <nd ref="936"/>
    <nd ref="933"/>
    <tag k="natural" v="wood"/>
    <tag k="leaf_type" v="needleleaved"/>
    <tag k="name" v="Bosque del Este"/>
  </way>
  <way id="88" version="1" timestamp="2026-09-02T12:00:00Z" changeset="1" uid="1" user="generator">
    <nd ref="937"/>
    <nd ref="938"/>
    <nd ref="939"/>
    <nd ref="940"/>
    <nd ref="937"/>
    <tag k="natural" v="wood"/>
    <tag k="leaf_type" v="needleleaved"/>
    <tag k="name" v="Bosque del Norte"/>
  </way>
  <way id="89" version="1" timestamp="2026-09-02T12:00:00Z" changeset="1" uid="1" user="generator">
    <nd ref="941"/>
    <nd ref="942"/>
    <nd ref="943"/>
    <nd ref="944"/>
    <nd ref="941"/>
    <tag k="natural" v="wood"/>
    <tag k="leaf_type" v="needleleaved"/>
    <tag k="name" v="Bosque del Este Bajo"/>
  </way>
  <way id="90" version="1" timestamp="2026-09-02T12:00:00Z" changeset="1" uid="1" user="generator">
    <nd ref="945"/>
    <nd ref="946"/>
    <nd ref="947"/>
    <nd ref="948"/>
    <nd ref="945"/>
    <tag k="natural" v="wood"/>
    <tag k="leaf_type" v="needleleaved"/>
    <tag k="name" v="Bosque del Suroeste"/>
  </way>
  <way id="91" version="1" timestamp="2026-09-02T12:00:00Z" changeset="1" uid="1" user="generator">
    <nd ref="949"/>
    <nd ref="950"/>
    <nd ref="951"/>
    <nd ref="952"/>
    <nd ref="949"/>
    <tag k="natural" v="wood"/>
    <tag k="leaf_type" v="broadleaved"/>
    <tag k="name" v="Rompevientos Oeste 1"/>
  </way>
  <way id="92" version="1" timestamp="2026-09-02T12:00:00Z" changeset="1" uid="1" user="generator">
    <nd ref="953"/>
    <nd ref="954"/>
    <nd ref="955"/>
    <nd ref="956"/>
    <nd ref="953"/>
    <tag k="natural" v="wood"/>
    <tag k="leaf_type" v="broadleaved"/>
    <tag k="name" v="Rompevientos Oeste 2"/>
  </way>
  <way id="93" version="1" timestamp="2026-09-02T12:00:00Z" changeset="1" uid="1" user="generator">
    <nd ref="957"/>
    <nd ref="958"/>
    <nd ref="959"/>
    <nd ref="960"/>
    <nd ref="957"/>
    <tag k="natural" v="wood"/>
    <tag k="leaf_type" v="broadleaved"/>
    <tag k="name" v="Rompevientos Este 1"/>
  </way>
  <way id="94" version="1" timestamp="2026-09-02T12:00:00Z" changeset="1" uid="1" user="generator">
    <nd ref="961"/>
    <nd ref="962"/>
    <nd ref="963"/>
    <nd ref="964"/>
    <nd ref="961"/>
    <tag k="natural" v="wood"/>
    <tag k="leaf_type" v="broadleaved"/>
    <tag k="name" v="Rompevientos Este 2"/>
  </way>
  <way id="95" version="1" timestamp="2026-09-02T12:00:00Z" changeset="1" uid="1" user="generator">
    <nd ref="965"/>
    <nd ref="966"/>
    <nd ref="967"/>
    <nd ref="968"/>
    <nd ref="965"/>
    <tag k="natural" v="wood"/>
    <tag k="leaf_type" v="broadleaved"/>
    <tag k="name" v="Rompevientos Este 3"/>
  </way>
  <way id="96" version="1" timestamp="2026-09-02T12:00:00Z" changeset="1" uid="1" user="generator">
    <nd ref="969"/>
    <nd ref="970"/>
    <nd ref="971"/>
    <nd ref="972"/>
    <nd ref="969"/>
    <tag k="natural" v="wood"/>
    <tag k="leaf_type" v="broadleaved"/>
    <tag k="name" v="Rompevientos Transversal Oeste 1"/>
  </way>
  <way id="97" version="1" timestamp="2026-09-02T12:00:00Z" changeset="1" uid="1" user="generator">
    <nd ref="973"/>
    <nd ref="974"/>
    <nd ref="975"/>
    <nd ref="976"/>
    <nd ref="973"/>
    <tag k="natural" v="wood"/>
    <tag k="leaf_type" v="broadleaved"/>
    <tag k="name" v="Rompevientos Transversal Este 1"/>
  </way>
  <way id="98" version="1" timestamp="2026-09-02T12:00:00Z" changeset="1" uid="1" user="generator">
    <nd ref="977"/>
    <nd ref="978"/>
    <nd ref="979"/>
    <nd ref="980"/>
    <nd ref="977"/>
    <tag k="natural" v="wood"/>
    <tag k="leaf_type" v="broadleaved"/>
    <tag k="name" v="Rompevientos Transversal Oeste 2"/>
  </way>
  <way id="99" version="1" timestamp="2026-09-02T12:00:00Z" changeset="1" uid="1" user="generator">
    <nd ref="981"/>
    <nd ref="982"/>
    <nd ref="983"/>
    <nd ref="984"/>
    <nd ref="981"/>
    <tag k="natural" v="wood"/>
    <tag k="leaf_type" v="broadleaved"/>
    <tag k="name" v="Rompevientos Transversal Este 2"/>
  </way>
  <way id="100" version="1" timestamp="2026-09-02T12:00:00Z" changeset="1" uid="1" user="generator">
    <nd ref="985"/>
    <nd ref="986"/>
    <nd ref="987"/>
    <nd ref="988"/>
    <nd ref="985"/>
    <tag k="natural" v="wood"/>
    <tag k="leaf_type" v="broadleaved"/>
    <tag k="name" v="Rompevientos Transversal Oeste 3"/>
  </way>
  <way id="101" version="1" timestamp="2026-09-02T12:00:00Z" changeset="1" uid="1" user="generator">
    <nd ref="989"/>
    <nd ref="990"/>
    <nd ref="991"/>
    <nd ref="992"/>
    <nd ref="989"/>
    <tag k="natural" v="wood"/>
    <tag k="leaf_type" v="broadleaved"/>
    <tag k="name" v="Rompevientos Transversal Este 3"/>
  </way>
  <way id="102" version="1" timestamp="2026-09-02T12:00:00Z" changeset="1" uid="1" user="generator">
    <nd ref="993"/>
    <nd ref="994"/>
    <nd ref="995"/>
    <nd ref="996"/>
    <nd ref="997"/>
    <nd ref="998"/>
    <nd ref="999"/>
    <nd ref="1000"/>
    <nd ref="1001"/>
    <nd ref="1002"/>
    <nd ref="1003"/>
    <nd ref="1004"/>
    <nd ref="1005"/>
    <nd ref="1006"/>
    <nd ref="1007"/>
    <nd ref="1008"/>
    <nd ref="1009"/>
    <nd ref="1010"/>
    <nd ref="1011"/>
    <nd ref="1012"/>
    <nd ref="1013"/>
    <nd ref="1014"/>
    <nd ref="1015"/>
    <nd ref="1016"/>
    <nd ref="1017"/>
    <nd ref="1018"/>
    <nd ref="1019"/>
    <nd ref="1020"/>
    <nd ref="1021"/>
    <nd ref="1022"/>
    <nd ref="1023"/>
    <nd ref="1024"/>
    <nd ref="1025"/>
    <nd ref="1026"/>
    <nd ref="1027"/>
    <nd ref="1028"/>
    <nd ref="1029"/>
    <nd ref="1030"/>
    <nd ref="1031"/>
    <nd ref="1032"/>
    <nd ref="1033"/>
    <nd ref="1034"/>
    <nd ref="1035"/>
    <nd ref="1036"/>
    <nd ref="1037"/>
    <nd ref="1038"/>
    <nd ref="1039"/>
    <nd ref="1040"/>
    <nd ref="1041"/>
    <nd ref="1042"/>
    <nd ref="1043"/>
    <nd ref="1044"/>
    <nd ref="1045"/>
    <nd ref="1046"/>
    <nd ref="1047"/>
    <nd ref="1048"/>
    <nd ref="1049"/>
    <nd ref="1050"/>
    <nd ref="1051"/>
    <nd ref="1052"/>
    <nd ref="1053"/>
    <nd ref="1054"/>
    <nd ref="1055"/>
    <nd ref="1056"/>
    <nd ref="1057"/>
    <nd ref="1058"/>
    <nd ref="1059"/>
    <nd ref="1060"/>
    <nd ref="1061"/>
    <nd ref="1062"/>
    <nd ref="1063"/>
    <nd ref="1064"/>
    <nd ref="1065"/>
    <nd ref="1066"/>
    <nd ref="1067"/>
    <nd ref="1068"/>
    <nd ref="1069"/>
    <nd ref="1070"/>
    <nd ref="1071"/>
    <nd ref="1072"/>
    <nd ref="1073"/>
    <nd ref="1074"/>
    <nd ref="993"/>
    <tag k="natural" v="wood"/>
    <tag k="leaf_type" v="broadleaved"/>
    <tag k="name" v="Bosque de Ribera Oeste 1"/>
  </way>
  <way id="103" version="1" timestamp="2026-09-02T12:00:00Z" changeset="1" uid="1" user="generator">
    <nd ref="1075"/>
    <nd ref="1076"/>
    <nd ref="1077"/>
    <nd ref="1078"/>
    <nd ref="1079"/>
    <nd ref="1080"/>
    <nd ref="1081"/>
    <nd ref="1082"/>
    <nd ref="1083"/>
    <nd ref="1084"/>
    <nd ref="1085"/>
    <nd ref="1086"/>
    <nd ref="1087"/>
    <nd ref="1088"/>
    <nd ref="1089"/>
    <nd ref="1090"/>
    <nd ref="1091"/>
    <nd ref="1092"/>
    <nd ref="1093"/>
    <nd ref="1094"/>
    <nd ref="1095"/>
    <nd ref="1096"/>
    <nd ref="1097"/>
    <nd ref="1098"/>
    <nd ref="1099"/>
    <nd ref="1100"/>
    <nd ref="1101"/>
    <nd ref="1102"/>
    <nd ref="1103"/>
    <nd ref="1104"/>
    <nd ref="1105"/>
    <nd ref="1106"/>
    <nd ref="1107"/>
    <nd ref="1108"/>
    <nd ref="1109"/>
    <nd ref="1110"/>
    <nd ref="1111"/>
    <nd ref="1112"/>
    <nd ref="1113"/>
    <nd ref="1114"/>
    <nd ref="1115"/>
    <nd ref="1116"/>
    <nd ref="1117"/>
    <nd ref="1118"/>
    <nd ref="1119"/>
    <nd ref="1120"/>
    <nd ref="1121"/>
    <nd ref="1122"/>
    <nd ref="1123"/>
    <nd ref="1124"/>
    <nd ref="1125"/>
    <nd ref="1126"/>
    <nd ref="1127"/>
    <nd ref="1128"/>
    <nd ref="1129"/>
    <nd ref="1130"/>
    <nd ref="1131"/>
    <nd ref="1132"/>
    <nd ref="1133"/>
    <nd ref="1134"/>
    <nd ref="1135"/>
    <nd ref="1136"/>
    <nd ref="1137"/>
    <nd ref="1138"/>
    <nd ref="1139"/>
    <nd ref="1140"/>
    <nd ref="1141"/>
    <nd ref="1142"/>
    <nd ref="1143"/>
    <nd ref="1144"/>
    <nd ref="1145"/>
    <nd ref="1146"/>
    <nd ref="1147"/>
    <nd ref="1148"/>
    <nd ref="1149"/>
    <nd ref="1150"/>
    <nd ref="1151"/>
    <nd ref="1152"/>
    <nd ref="1153"/>
    <nd ref="1154"/>
    <nd ref="1155"/>
    <nd ref="1156"/>
    <nd ref="1075"/>
    <tag k="natural" v="wood"/>
    <tag k="leaf_type" v="broadleaved"/>
    <tag k="name" v="Bosque de Ribera Este 1"/>
  </way>
  <way id="104" version="1" timestamp="2026-09-02T12:00:00Z" changeset="1" uid="1" user="generator">
    <nd ref="1157"/>
    <nd ref="1158"/>
    <nd ref="1159"/>
    <nd ref="1160"/>
    <nd ref="1161"/>
    <nd ref="1162"/>
    <nd ref="1163"/>
    <nd ref="1164"/>
    <nd ref="1165"/>
    <nd ref="1166"/>
    <nd ref="1167"/>
    <nd ref="1168"/>
    <nd ref="1169"/>
    <nd ref="1170"/>
    <nd ref="1171"/>
    <nd ref="1172"/>
    <nd ref="1173"/>
    <nd ref="1174"/>
    <nd ref="1175"/>
    <nd ref="1176"/>
    <nd ref="1177"/>
    <nd ref="1178"/>
    <nd ref="1179"/>
    <nd ref="1180"/>
    <nd ref="1181"/>
    <nd ref="1182"/>
    <nd ref="1183"/>
    <nd ref="1184"/>
    <nd ref="1185"/>
    <nd ref="1186"/>
    <nd ref="1187"/>
    <nd ref="1188"/>
    <nd ref="1189"/>
    <nd ref="1190"/>
    <nd ref="1191"/>
    <nd ref="1192"/>
    <nd ref="1193"/>
    <nd ref="1194"/>
    <nd ref="1195"/>
    <nd ref="1196"/>
    <nd ref="1197"/>
    <nd ref="1198"/>
    <nd ref="1199"/>
    <nd ref="1200"/>
    <nd ref="1201"/>
    <nd ref="1202"/>
    <nd ref="1203"/>
    <nd ref="1204"/>
    <nd ref="1205"/>
    <nd ref="1206"/>
    <nd ref="1207"/>
    <nd ref="1208"/>
    <nd ref="1209"/>
    <nd ref="1210"/>
    <nd ref="1211"/>
    <nd ref="1212"/>
    <nd ref="1213"/>
    <nd ref="1214"/>
    <nd ref="1215"/>
    <nd ref="1216"/>
    <nd ref="1217"/>
    <nd ref="1218"/>
    <nd ref="1219"/>
    <nd ref="1220"/>
    <nd ref="1221"/>
    <nd ref="1222"/>
    <nd ref="1223"/>
    <nd ref="1224"/>
    <nd ref="1225"/>
    <nd ref="1226"/>
    <nd ref="1227"/>
    <nd ref="1228"/>
    <nd ref="1229"/>
    <nd ref="1230"/>
    <nd ref="1231"/>
    <nd ref="1232"/>
    <nd ref="1233"/>
    <nd ref="1234"/>
    <nd ref="1235"/>
    <nd ref="1236"/>
    <nd ref="1237"/>
    <nd ref="1238"/>
    <nd ref="1239"/>
    <nd ref="1240"/>
    <nd ref="1241"/>
    <nd ref="1242"/>
    <nd ref="1243"/>
    <nd ref="1244"/>
    <nd ref="1245"/>
    <nd ref="1246"/>
    <nd ref="1247"/>
    <nd ref="1248"/>
    <nd ref="1249"/>
    <nd ref="1250"/>
    <nd ref="1251"/>
    <nd ref="1252"/>
    <nd ref="1253"/>
    <nd ref="1254"/>
    <nd ref="1255"/>
    <nd ref="1256"/>
    <nd ref="1257"/>
    <nd ref="1258"/>
    <nd ref="1259"/>
    <nd ref="1260"/>
    <nd ref="1261"/>
    <nd ref="1262"/>
    <nd ref="1263"/>
    <nd ref="1264"/>
    <nd ref="1265"/>
    <nd ref="1266"/>
    <nd ref="1267"/>
    <nd ref="1268"/>
    <nd ref="1269"/>
    <nd ref="1270"/>
    <nd ref="1271"/>
    <nd ref="1272"/>
    <nd ref="1273"/>
    <nd ref="1274"/>
    <nd ref="1275"/>
    <nd ref="1276"/>
    <nd ref="1277"/>
    <nd ref="1278"/>
    <nd ref="1279"/>
    <nd ref="1280"/>
    <nd ref="1281"/>
    <nd ref="1282"/>
    <nd ref="1283"/>
    <nd ref="1284"/>
    <nd ref="1285"/>
    <nd ref="1286"/>
    <nd ref="1287"/>
    <nd ref="1288"/>
    <nd ref="1289"/>
    <nd ref="1290"/>
    <nd ref="1291"/>
    <nd ref="1292"/>
    <nd ref="1293"/>
    <nd ref="1294"/>
    <nd ref="1295"/>
    <nd ref="1296"/>
    <nd ref="1297"/>
    <nd ref="1298"/>
    <nd ref="1299"/>
    <nd ref="1300"/>
    <nd ref="1301"/>
    <nd ref="1302"/>
    <nd ref="1303"/>
    <nd ref="1304"/>
    <nd ref="1305"/>
    <nd ref="1306"/>
    <nd ref="1307"/>
    <nd ref="1308"/>
    <nd ref="1309"/>
    <nd ref="1310"/>
    <nd ref="1311"/>
    <nd ref="1312"/>
    <nd ref="1313"/>
    <nd ref="1314"/>
    <nd ref="1315"/>
    <nd ref="1316"/>
    <nd ref="1317"/>
    <nd ref="1318"/>
    <nd ref="1319"/>
    <nd ref="1320"/>
    <nd ref="1321"/>
    <nd ref="1322"/>
    <nd ref="1323"/>
    <nd ref="1324"/>
    <nd ref="1325"/>
    <nd ref="1326"/>
    <nd ref="1327"/>
    <nd ref="1328"/>
    <nd ref="1329"/>
    <nd ref="1330"/>
    <nd ref="1331"/>
    <nd ref="1332"/>
    <nd ref="1333"/>
    <nd ref="1334"/>
    <nd ref="1335"/>
    <nd ref="1336"/>
    <nd ref="1337"/>
    <nd ref="1338"/>
    <nd ref="1339"/>
    <nd ref="1340"/>
    <nd ref="1341"/>
    <nd ref="1342"/>
    <nd ref="1343"/>
    <nd ref="1344"/>
    <nd ref="1345"/>
    <nd ref="1346"/>
    <nd ref="1347"/>
    <nd ref="1348"/>
    <nd ref="1349"/>
    <nd ref="1350"/>
    <nd ref="1351"/>
    <nd ref="1352"/>
    <nd ref="1353"/>
    <nd ref="1354"/>
    <nd ref="1355"/>
    <nd ref="1356"/>
    <nd ref="1357"/>
    <nd ref="1358"/>
    <nd ref="1359"/>
    <nd ref="1360"/>
    <nd ref="1361"/>
    <nd ref="1362"/>
    <nd ref="1363"/>
    <nd ref="1364"/>
    <nd ref="1157"/>
    <tag k="natural" v="wood"/>
    <tag k="leaf_type" v="broadleaved"/>
    <tag k="name" v="Bosque de Ribera Oeste 2"/>
  </way>
  <way id="105" version="1" timestamp="2026-09-02T12:00:00Z" changeset="1" uid="1" user="generator">
    <nd ref="1365"/>
    <nd ref="1366"/>
    <nd ref="1367"/>
    <nd ref="1368"/>
    <nd ref="1369"/>
    <nd ref="1370"/>
    <nd ref="1371"/>
    <nd ref="1372"/>
    <nd ref="1373"/>
    <nd ref="1374"/>
    <nd ref="1375"/>
    <nd ref="1376"/>
    <nd ref="1377"/>
    <nd ref="1378"/>
    <nd ref="1379"/>
    <nd ref="1380"/>
    <nd ref="1381"/>
    <nd ref="1382"/>
    <nd ref="1383"/>
    <nd ref="1384"/>
    <nd ref="1385"/>
    <nd ref="1386"/>
    <nd ref="1387"/>
    <nd ref="1388"/>
    <nd ref="1389"/>
    <nd ref="1390"/>
    <nd ref="1391"/>
    <nd ref="1392"/>
    <nd ref="1393"/>
    <nd ref="1394"/>
    <nd ref="1395"/>
    <nd ref="1396"/>
    <nd ref="1397"/>
    <nd ref="1398"/>
    <nd ref="1399"/>
    <nd ref="1400"/>
    <nd ref="1401"/>
    <nd ref="1402"/>
    <nd ref="1403"/>
    <nd ref="1404"/>
    <nd ref="1405"/>
    <nd ref="1406"/>
    <nd ref="1407"/>
    <nd ref="1408"/>
    <nd ref="1409"/>
    <nd ref="1410"/>
    <nd ref="1411"/>
    <nd ref="1412"/>
    <nd ref="1413"/>
    <nd ref="1414"/>
    <nd ref="1415"/>
    <nd ref="1416"/>
    <nd ref="1417"/>
    <nd ref="1418"/>
    <nd ref="1419"/>
    <nd ref="1420"/>
    <nd ref="1421"/>
    <nd ref="1422"/>
    <nd ref="1423"/>
    <nd ref="1424"/>
    <nd ref="1425"/>
    <nd ref="1426"/>
    <nd ref="1427"/>
    <nd ref="1428"/>
    <nd ref="1429"/>
    <nd ref="1430"/>
    <nd ref="1431"/>
    <nd ref="1432"/>
    <nd ref="1433"/>
    <nd ref="1434"/>
    <nd ref="1435"/>
    <nd ref="1436"/>
    <nd ref="1437"/>
    <nd ref="1438"/>
    <nd ref="1439"/>
    <nd ref="1440"/>
    <nd ref="1441"/>
    <nd ref="1442"/>
    <nd ref="1443"/>
    <nd ref="1444"/>
    <nd ref="1445"/>
    <nd ref="1446"/>
    <nd ref="1447"/>
    <nd ref="1448"/>
    <nd ref="1449"/>
    <nd ref="1450"/>
    <nd ref="1451"/>
    <nd ref="1452"/>
    <nd ref="1453"/>
    <nd ref="1454"/>
    <nd ref="1455"/>
    <nd ref="1456"/>
    <nd ref="1457"/>
    <nd ref="1458"/>
    <nd ref="1459"/>
    <nd ref="1460"/>
    <nd ref="1461"/>
    <nd ref="1462"/>
    <nd ref="1463"/>
    <nd ref="1464"/>
    <nd ref="1465"/>
    <nd ref="1466"/>
    <nd ref="1467"/>
    <nd ref="1468"/>
    <nd ref="1469"/>
    <nd ref="1470"/>
    <nd ref="1471"/>
    <nd ref="1472"/>
    <nd ref="1473"/>
    <nd ref="1474"/>
    <nd ref="1475"/>
    <nd ref="1476"/>
    <nd ref="1477"/>
    <nd ref="1478"/>
    <nd ref="1479"/>
    <nd ref="1480"/>
    <nd ref="1481"/>
    <nd ref="1482"/>
    <nd ref="1483"/>
    <nd ref="1484"/>
    <nd ref="1485"/>
    <nd ref="1486"/>
    <nd ref="1487"/>
    <nd ref="1488"/>
    <nd ref="1489"/>
    <nd ref="1490"/>
    <nd ref="1491"/>
    <nd ref="1492"/>
    <nd ref="1493"/>
    <nd ref="1494"/>
    <nd ref="1495"/>
    <nd ref="1496"/>
    <nd ref="1497"/>
    <nd ref="1498"/>
    <nd ref="1499"/>
    <nd ref="1500"/>
    <nd ref="1501"/>
    <nd ref="1502"/>
    <nd ref="1503"/>
    <nd ref="1504"/>
    <nd ref="1505"/>
    <nd ref="1506"/>
    <nd ref="1507"/>
    <nd ref="1508"/>
    <nd ref="1509"/>
    <nd ref="1510"/>
    <nd ref="1511"/>
    <nd ref="1512"/>
    <nd ref="1513"/>
    <nd ref="1514"/>
    <nd ref="1515"/>
    <nd ref="1516"/>
    <nd ref="1517"/>
    <nd ref="1518"/>
    <nd ref="1519"/>
    <nd ref="1520"/>
    <nd ref="1521"/>
    <nd ref="1522"/>
    <nd ref="1523"/>
    <nd ref="1524"/>
    <nd ref="1525"/>
    <nd ref="1526"/>
    <nd ref="1527"/>
    <nd ref="1528"/>
    <nd ref="1529"/>
    <nd ref="1530"/>
    <nd ref="1531"/>
    <nd ref="1532"/>
    <nd ref="1533"/>
    <nd ref="1534"/>
    <nd ref="1535"/>
    <nd ref="1536"/>
    <nd ref="1537"/>
    <nd ref="1538"/>
    <nd ref="1539"/>
    <nd ref="1540"/>
    <nd ref="1541"/>
    <nd ref="1542"/>
    <nd ref="1543"/>
    <nd ref="1544"/>
    <nd ref="1545"/>
    <nd ref="1546"/>
    <nd ref="1547"/>
    <nd ref="1548"/>
    <nd ref="1549"/>
    <nd ref="1550"/>
    <nd ref="1551"/>
    <nd ref="1552"/>
    <nd ref="1553"/>
    <nd ref="1554"/>
    <nd ref="1555"/>
    <nd ref="1556"/>
    <nd ref="1557"/>
    <nd ref="1558"/>
    <nd ref="1559"/>
    <nd ref="1560"/>
    <nd ref="1561"/>
    <nd ref="1562"/>
    <nd ref="1563"/>
    <nd ref="1564"/>
    <nd ref="1565"/>
    <nd ref="1566"/>
    <nd ref="1567"/>
    <nd ref="1568"/>
    <nd ref="1569"/>
    <nd ref="1570"/>
    <nd ref="1571"/>
    <nd ref="1572"/>
    <nd ref="1365"/>
    <tag k="natural" v="wood"/>
    <tag k="leaf_type" v="broadleaved"/>
    <tag k="name" v="Bosque de Ribera Este 2"/>
  </way>
  <way id="106" version="1" timestamp="2026-09-02T12:00:00Z" changeset="1" uid="1" user="generator">
    <nd ref="1573"/>
    <nd ref="1574"/>
    <nd ref="1575"/>
    <nd ref="1576"/>
    <nd ref="1577"/>
    <nd ref="1578"/>
    <nd ref="1579"/>
    <nd ref="1580"/>
    <nd ref="1581"/>
    <nd ref="1582"/>
    <nd ref="1583"/>
    <nd ref="1584"/>
    <nd ref="1585"/>
    <nd ref="1586"/>
    <nd ref="1587"/>
    <nd ref="1588"/>
    <nd ref="1589"/>
    <nd ref="1590"/>
    <nd ref="1591"/>
    <nd ref="1592"/>
    <nd ref="1593"/>
    <nd ref="1594"/>
    <nd ref="1595"/>
    <nd ref="1596"/>
    <nd ref="1597"/>
    <nd ref="1598"/>
    <nd ref="1599"/>
    <nd ref="1600"/>
    <nd ref="1601"/>
    <nd ref="1602"/>
    <nd ref="1603"/>
    <nd ref="1604"/>
    <nd ref="1605"/>
    <nd ref="1606"/>
    <nd ref="1607"/>
    <nd ref="1608"/>
    <nd ref="1609"/>
    <nd ref="1610"/>
    <nd ref="1611"/>
    <nd ref="1612"/>
    <nd ref="1613"/>
    <nd ref="1614"/>
    <nd ref="1615"/>
    <nd ref="1616"/>
    <nd ref="1617"/>
    <nd ref="1618"/>
    <nd ref="1619"/>
    <nd ref="1620"/>
    <nd ref="1621"/>
    <nd ref="1622"/>
    <nd ref="1623"/>
    <nd ref="1624"/>
    <nd ref="1625"/>
    <nd ref="1626"/>
    <nd ref="1627"/>
    <nd ref="1628"/>
    <nd ref="1629"/>
    <nd ref="1630"/>
    <nd ref="1631"/>
    <nd ref="1632"/>
    <nd ref="1633"/>
    <nd ref="1634"/>
    <nd ref="1635"/>
    <nd ref="1636"/>
    <nd ref="1637"/>
    <nd ref="1638"/>
    <nd ref="1639"/>
    <nd ref="1640"/>
    <nd ref="1641"/>
    <nd ref="1642"/>
    <nd ref="1643"/>
    <nd ref="1644"/>
    <nd ref="1645"/>
    <nd ref="1646"/>
    <nd ref="1647"/>
    <nd ref="1648"/>
    <nd ref="1649"/>
    <nd ref="1650"/>
    <nd ref="1651"/>
    <nd ref="1652"/>
    <nd ref="1653"/>
    <nd ref="1654"/>
    <nd ref="1655"/>
    <nd ref="1656"/>
    <nd ref="1657"/>
    <nd ref="1658"/>
    <nd ref="1659"/>
    <nd ref="1660"/>
    <nd ref="1661"/>
    <nd ref="1662"/>
    <nd ref="1663"/>
    <nd ref="1664"/>
    <nd ref="1665"/>
    <nd ref="1666"/>
    <nd ref="1667"/>
    <nd ref="1668"/>
    <nd ref="1669"/>
    <nd ref="1670"/>
    <nd ref="1671"/>
    <nd ref="1672"/>
    <nd ref="1673"/>
    <nd ref="1674"/>
    <nd ref="1675"/>
    <nd ref="1676"/>
    <nd ref="1677"/>
    <nd ref="1678"/>
    <nd ref="1679"/>
    <nd ref="1680"/>
    <nd ref="1681"/>
    <nd ref="1682"/>
    <nd ref="1683"/>
    <nd ref="1684"/>
    <nd ref="1685"/>
    <nd ref="1686"/>
    <nd ref="1687"/>
    <nd ref="1688"/>
    <nd ref="1689"/>
    <nd ref="1690"/>
    <nd ref="1691"/>
    <nd ref="1692"/>
    <nd ref="1693"/>
    <nd ref="1694"/>
    <nd ref="1695"/>
    <nd ref="1696"/>
    <nd ref="1697"/>
    <nd ref="1698"/>
    <nd ref="1699"/>
    <nd ref="1700"/>
    <nd ref="1701"/>
    <nd ref="1702"/>
    <nd ref="1703"/>
    <nd ref="1704"/>
    <nd ref="1705"/>
    <nd ref="1706"/>
    <nd ref="1707"/>
    <nd ref="1708"/>
    <nd ref="1709"/>
    <nd ref="1710"/>
    <nd ref="1711"/>
    <nd ref="1712"/>
    <nd ref="1713"/>
    <nd ref="1714"/>
    <nd ref="1715"/>
    <nd ref="1716"/>
    <nd ref="1717"/>
    <nd ref="1718"/>
    <nd ref="1719"/>
    <nd ref="1720"/>
    <nd ref="1721"/>
    <nd ref="1722"/>
    <nd ref="1723"/>
    <nd ref="1724"/>
    <nd ref="1725"/>
    <nd ref="1726"/>
    <nd ref="1573"/>
    <tag k="natural" v="wood"/>
    <tag k="leaf_type" v="broadleaved"/>
    <tag k="name" v="Bosque de Ribera Oeste 3"/>
  </way>
  <way id="107" version="1" timestamp="2026-09-02T12:00:00Z" changeset="1" uid="1" user="generator">
    <nd ref="1727"/>
    <nd ref="1728"/>
    <nd ref="1729"/>
    <nd ref="1730"/>
    <nd ref="1731"/>
    <nd ref="1732"/>
    <nd ref="1733"/>
    <nd ref="1734"/>
    <nd ref="1735"/>
    <nd ref="1736"/>
    <nd ref="1737"/>
    <nd ref="1738"/>
    <nd ref="1739"/>
    <nd ref="1740"/>
    <nd ref="1741"/>
    <nd ref="1742"/>
    <nd ref="1743"/>
    <nd ref="1744"/>
    <nd ref="1745"/>
    <nd ref="1746"/>
    <nd ref="1747"/>
    <nd ref="1748"/>
    <nd ref="1749"/>
    <nd ref="1750"/>
    <nd ref="1751"/>
    <nd ref="1752"/>
    <nd ref="1753"/>
    <nd ref="1754"/>
    <nd ref="1755"/>
    <nd ref="1756"/>
    <nd ref="1757"/>
    <nd ref="1758"/>
    <nd ref="1759"/>
    <nd ref="1760"/>
    <nd ref="1761"/>
    <nd ref="1762"/>
    <nd ref="1763"/>
    <nd ref="1764"/>
    <nd ref="1765"/>
    <nd ref="1766"/>
    <nd ref="1767"/>
    <nd ref="1768"/>
    <nd ref="1769"/>
    <nd ref="1770"/>
    <nd ref="1771"/>
    <nd ref="1772"/>
    <nd ref="1773"/>
    <nd ref="1774"/>
    <nd ref="1775"/>
    <nd ref="1776"/>
    <nd ref="1777"/>
    <nd ref="1778"/>
    <nd ref="1779"/>
    <nd ref="1780"/>
    <nd ref="1781"/>
    <nd ref="1782"/>
    <nd ref="1783"/>
    <nd ref="1784"/>
    <nd ref="1785"/>
    <nd ref="1786"/>
    <nd ref="1787"/>
    <nd ref="1788"/>
    <nd ref="1789"/>
    <nd ref="1790"/>
    <nd ref="1791"/>
    <nd ref="1792"/>
    <nd ref="1793"/>
    <nd ref="1794"/>
    <nd ref="1795"/>
    <nd ref="1796"/>
    <nd ref="1797"/>
    <nd ref="1798"/>
    <nd ref="1799"/>
    <nd ref="1800"/>
    <nd ref="1801"/>
    <nd ref="1802"/>
    <nd ref="1803"/>
    <nd ref="1804"/>
    <nd ref="1805"/>
    <nd ref="1806"/>
    <nd ref="1807"/>
    <nd ref="1808"/>
    <nd ref="1809"/>
    <nd ref="1810"/>
    <nd ref="1811"/>
    <nd ref="1812"/>
    <nd ref="1813"/>
    <nd ref="1814"/>
    <nd ref="1815"/>
    <nd ref="1816"/>
    <nd ref="1817"/>
    <nd ref="1818"/>
    <nd ref="1819"/>
    <nd ref="1820"/>
    <nd ref="1821"/>
    <nd ref="1822"/>
    <nd ref="1823"/>
    <nd ref="1824"/>
    <nd ref="1825"/>
    <nd ref="1826"/>
    <nd ref="1827"/>
    <nd ref="1828"/>
    <nd ref="1829"/>
    <nd ref="1830"/>
    <nd ref="1831"/>
    <nd ref="1832"/>
    <nd ref="1833"/>
    <nd ref="1834"/>
    <nd ref="1835"/>
    <nd ref="1836"/>
    <nd ref="1837"/>
    <nd ref="1838"/>
    <nd ref="1839"/>
    <nd ref="1840"/>
    <nd ref="1841"/>
    <nd ref="1842"/>
    <nd ref="1843"/>
    <nd ref="1844"/>
    <nd ref="1845"/>
    <nd ref="1846"/>
    <nd ref="1847"/>
    <nd ref="1848"/>
    <nd ref="1849"/>
    <nd ref="1850"/>
    <nd ref="1851"/>
    <nd ref="1852"/>
    <nd ref="1853"/>
    <nd ref="1854"/>
    <nd ref="1855"/>
    <nd ref="1856"/>
    <nd ref="1857"/>
    <nd ref="1858"/>
    <nd ref="1859"/>
    <nd ref="1860"/>
    <nd ref="1861"/>
    <nd ref="1862"/>
    <nd ref="1863"/>
    <nd ref="1864"/>
    <nd ref="1865"/>
    <nd ref="1866"/>
    <nd ref="1867"/>
    <nd ref="1868"/>
    <nd ref="1869"/>
    <nd ref="1870"/>
    <nd ref="1871"/>
    <nd ref="1872"/>
    <nd ref="1873"/>
    <nd ref="1874"/>
    <nd ref="1875"/>
    <nd ref="1876"/>
    <nd ref="1877"/>
    <nd ref="1878"/>
    <nd ref="1879"/>
    <nd ref="1880"/>
    <nd ref="1727"/>
    <tag k="natural" v="wood"/>
    <tag k="leaf_type" v="broadleaved"/>
    <tag k="name" v="Bosque de Ribera Este 3"/>
  </way>
  <way id="108" version="1" timestamp="2026-09-02T12:00:00Z" changeset="1" uid="1" user="generator">
    <nd ref="1881"/>
    <nd ref="1882"/>
    <nd ref="1883"/>
    <nd ref="1884"/>
    <nd ref="1885"/>
    <nd ref="1886"/>
    <nd ref="1887"/>
    <nd ref="1888"/>
    <nd ref="1889"/>
    <nd ref="1890"/>
    <nd ref="1891"/>
    <nd ref="1892"/>
    <nd ref="1893"/>
    <nd ref="1894"/>
    <nd ref="1895"/>
    <nd ref="1896"/>
    <nd ref="1897"/>
    <nd ref="1898"/>
    <nd ref="1899"/>
    <nd ref="1900"/>
    <nd ref="1901"/>
    <nd ref="1902"/>
    <nd ref="1903"/>
    <nd ref="1904"/>
    <nd ref="1905"/>
    <nd ref="1906"/>
    <nd ref="1907"/>
    <nd ref="1908"/>
    <nd ref="1909"/>
    <nd ref="1910"/>
    <nd ref="1911"/>
    <nd ref="1912"/>
    <nd ref="1913"/>
    <nd ref="1914"/>
    <nd ref="1915"/>
    <nd ref="1916"/>
    <nd ref="1917"/>
    <nd ref="1918"/>
    <nd ref="1919"/>
    <nd ref="1920"/>
    <nd ref="1921"/>
    <nd ref="1922"/>
    <nd ref="1923"/>
    <nd ref="1924"/>
    <nd ref="1925"/>
    <nd ref="1926"/>
    <nd ref="1927"/>
    <nd ref="1928"/>
    <nd ref="1929"/>
    <nd ref="1930"/>
    <nd ref="1931"/>
    <nd ref="1932"/>
    <nd ref="1933"/>
    <nd ref="1934"/>
    <nd ref="1935"/>
    <nd ref="1936"/>
    <nd ref="1937"/>
    <nd ref="1938"/>
    <nd ref="1939"/>
    <nd ref="1940"/>
    <nd ref="1941"/>
    <nd ref="1942"/>
    <nd ref="1943"/>
    <nd ref="1944"/>
    <nd ref="1945"/>
    <nd ref="1946"/>
    <nd ref="1947"/>
    <nd ref="1948"/>
    <nd ref="1949"/>
    <nd ref="1950"/>
    <nd ref="1951"/>
    <nd ref="1952"/>
    <nd ref="1953"/>
    <nd ref="1954"/>
    <nd ref="1955"/>
    <nd ref="1956"/>
    <nd ref="1957"/>
    <nd ref="1958"/>
    <nd ref="1959"/>
    <nd ref="1960"/>
    <nd ref="1961"/>
    <nd ref="1962"/>
    <nd ref="1963"/>
    <nd ref="1964"/>
    <nd ref="1965"/>
    <nd ref="1966"/>
    <nd ref="1967"/>
    <nd ref="1968"/>
    <nd ref="1969"/>
    <nd ref="1970"/>
    <nd ref="1971"/>
    <nd ref="1972"/>
    <nd ref="1973"/>
    <nd ref="1974"/>
    <nd ref="1975"/>
    <nd ref="1976"/>
    <nd ref="1977"/>
    <nd ref="1978"/>
    <nd ref="1979"/>
    <nd ref="1980"/>
    <nd ref="1981"/>
    <nd ref="1982"/>
    <nd ref="1983"/>
    <nd ref="1984"/>
    <nd ref="1985"/>
    <nd ref="1986"/>
    <nd ref="1987"/>
    <nd ref="1988"/>
    <nd ref="1989"/>
    <nd ref="1990"/>
    <nd ref="1991"/>
    <nd ref="1992"/>
    <nd ref="1993"/>
    <nd ref="1994"/>
    <nd ref="1995"/>
    <nd ref="1996"/>
    <nd ref="1997"/>
    <nd ref="1998"/>
    <nd ref="1999"/>
    <nd ref="2000"/>
    <nd ref="2001"/>
    <nd ref="2002"/>
    <nd ref="2003"/>
    <nd ref="2004"/>
    <nd ref="2005"/>
    <nd ref="2006"/>
    <nd ref="2007"/>
    <nd ref="2008"/>
    <nd ref="2009"/>
    <nd ref="2010"/>
    <nd ref="2011"/>
    <nd ref="2012"/>
    <nd ref="2013"/>
    <nd ref="2014"/>
    <nd ref="2015"/>
    <nd ref="2016"/>
    <nd ref="2017"/>
    <nd ref="2018"/>
    <nd ref="2019"/>
    <nd ref="2020"/>
    <nd ref="2021"/>
    <nd ref="2022"/>
    <nd ref="2023"/>
    <nd ref="2024"/>
    <nd ref="2025"/>
    <nd ref="2026"/>
    <nd ref="2027"/>
    <nd ref="2028"/>
    <nd ref="2029"/>
    <nd ref="2030"/>
    <nd ref="2031"/>
    <nd ref="2032"/>
    <nd ref="2033"/>
    <nd ref="2034"/>
    <nd ref="2035"/>
    <nd ref="2036"/>
    <nd ref="2037"/>
    <nd ref="2038"/>
    <nd ref="2039"/>
    <nd ref="2040"/>
    <nd ref="2041"/>
    <nd ref="2042"/>
    <nd ref="2043"/>
    <nd ref="2044"/>
    <nd ref="2045"/>
    <nd ref="2046"/>
    <nd ref="2047"/>
    <nd ref="2048"/>
    <nd ref="2049"/>
    <nd ref="2050"/>
    <nd ref="2051"/>
    <nd ref="2052"/>
    <nd ref="2053"/>
    <nd ref="2054"/>
    <nd ref="2055"/>
    <nd ref="2056"/>
    <nd ref="2057"/>
    <nd ref="2058"/>
    <nd ref="2059"/>
    <nd ref="2060"/>
    <nd ref="2061"/>
    <nd ref="2062"/>
    <nd ref="2063"/>
    <nd ref="2064"/>
    <nd ref="2065"/>
    <nd ref="2066"/>
    <nd ref="2067"/>
    <nd ref="2068"/>
    <nd ref="2069"/>
    <nd ref="2070"/>
    <nd ref="2071"/>
    <nd ref="2072"/>
    <nd ref="2073"/>
    <nd ref="2074"/>
    <nd ref="2075"/>
    <nd ref="2076"/>
    <nd ref="2077"/>
    <nd ref="2078"/>
    <nd ref="2079"/>
    <nd ref="2080"/>
    <nd ref="2081"/>
    <nd ref="2082"/>
    <nd ref="2083"/>
    <nd ref="2084"/>
    <nd ref="2085"/>
    <nd ref="2086"/>
    <nd ref="1881"/>
    <tag k="natural" v="wood"/>
    <tag k="leaf_type" v="broadleaved"/>
    <tag k="name" v="Bosque de Ribera Oeste 4"/>
  </way>
  <way id="109" version="1" timestamp="2026-09-02T12:00:00Z" changeset="1" uid="1" user="generator">
    <nd ref="2087"/>
    <nd ref="2088"/>
    <nd ref="2089"/>
    <nd ref="2090"/>
    <nd ref="2091"/>
    <nd ref="2092"/>
    <nd ref="2093"/>
    <nd ref="2094"/>
    <nd ref="2095"/>
    <nd ref="2096"/>
    <nd ref="2097"/>
    <nd ref="2098"/>
    <nd ref="2099"/>
    <nd ref="2100"/>
    <nd ref="2101"/>
    <nd ref="2102"/>
    <nd ref="2103"/>
    <nd ref="2104"/>
    <nd ref="2105"/>
    <nd ref="2106"/>
    <nd ref="2107"/>
    <nd ref="2108"/>
    <nd ref="2109"/>
    <nd ref="2110"/>
    <nd ref="2111"/>
    <nd ref="2112"/>
    <nd ref="2113"/>
    <nd ref="2114"/>
    <nd ref="2115"/>
    <nd ref="2116"/>
    <nd ref="2117"/>
    <nd ref="2118"/>
    <nd ref="2119"/>
    <nd ref="2120"/>
    <nd ref="2121"/>
    <nd ref="2122"/>
    <nd ref="2123"/>
    <nd ref="2124"/>
    <nd ref="2125"/>
    <nd ref="2126"/>
    <nd ref="2127"/>
    <nd ref="2128"/>
    <nd ref="2129"/>
    <nd ref="2130"/>
    <nd ref="2131"/>
    <nd ref="2132"/>
    <nd ref="2133"/>
    <nd ref="2134"/>
    <nd ref="2135"/>
    <nd ref="2136"/>
    <nd ref="2137"/>
    <nd ref="2138"/>
    <nd ref="2139"/>
    <nd ref="2140"/>
    <nd ref="2141"/>
    <nd ref="2142"/>
    <nd ref="2143"/>
    <nd ref="2144"/>
    <nd ref="2145"/>
    <nd ref="2146"/>
    <nd ref="2147"/>
    <nd ref="2148"/>
    <nd ref="2149"/>
    <nd ref="2150"/>
    <nd ref="2151"/>
    <nd ref="2152"/>
    <nd ref="2153"/>
    <nd ref="2154"/>
    <nd ref="2155"/>
    <nd ref="2156"/>
    <nd ref="2157"/>
    <nd ref="2158"/>
    <nd ref="2159"/>
    <nd ref="2160"/>
    <nd ref="2161"/>
    <nd ref="2162"/>
    <nd ref="2163"/>
    <nd ref="2164"/>
    <nd ref="2165"/>
    <nd ref="2166"/>
    <nd ref="2167"/>
    <nd ref="2168"/>
    <nd ref="2169"/>
    <nd ref="2170"/>
    <nd ref="2171"/>
    <nd ref="2172"/>
    <nd ref="2173"/>
    <nd ref="2174"/>
    <nd ref="2175"/>
    <nd ref="2176"/>
    <nd ref="2177"/>
    <nd ref="2178"/>
    <nd ref="2179"/>
    <nd ref="2180"/>
    <nd ref="2181"/>
    <nd ref="2182"/>
    <nd ref="2183"/>
    <nd ref="2184"/>
    <nd ref="2185"/>
    <nd ref="2186"/>
    <nd ref="2187"/>
    <nd ref="2188"/>
    <nd ref="2189"/>
    <nd ref="2190"/>
    <nd ref="2191"/>
    <nd ref="2192"/>
    <nd ref="2193"/>
    <nd ref="2194"/>
    <nd ref="2195"/>
    <nd ref="2196"/>
    <nd ref="2197"/>
    <nd ref="2198"/>
    <nd ref="2199"/>
    <nd ref="2200"/>
    <nd ref="2201"/>
    <nd ref="2202"/>
    <nd ref="2203"/>
    <nd ref="2204"/>
    <nd ref="2205"/>
    <nd ref="2206"/>
    <nd ref="2207"/>
    <nd ref="2208"/>
    <nd ref="2209"/>
    <nd ref="2210"/>
    <nd ref="2211"/>
    <nd ref="2212"/>
    <nd ref="2213"/>
    <nd ref="2214"/>
    <nd ref="2215"/>
    <nd ref="2216"/>
    <nd ref="2217"/>
    <nd ref="2218"/>
    <nd ref="2219"/>
    <nd ref="2220"/>
    <nd ref="2221"/>
    <nd ref="2222"/>
    <nd ref="2223"/>
    <nd ref="2224"/>
    <nd ref="2225"/>
    <nd ref="2226"/>
    <nd ref="2227"/>
    <nd ref="2228"/>
    <nd ref="2229"/>
    <nd ref="2230"/>
    <nd ref="2231"/>
    <nd ref="2232"/>
    <nd ref="2233"/>
    <nd ref="2234"/>
    <nd ref="2235"/>
    <nd ref="2236"/>
    <nd ref="2237"/>
    <nd ref="2238"/>
    <nd ref="2239"/>
    <nd ref="2240"/>
    <nd ref="2241"/>
    <nd ref="2242"/>
    <nd ref="2243"/>
    <nd ref="2244"/>
    <nd ref="2245"/>
    <nd ref="2246"/>
    <nd ref="2247"/>
    <nd ref="2248"/>
    <nd ref="2249"/>
    <nd ref="2250"/>
    <nd ref="2251"/>
    <nd ref="2252"/>
    <nd ref="2253"/>
    <nd ref="2254"/>
    <nd ref="2255"/>
    <nd ref="2256"/>
    <nd ref="2257"/>
    <nd ref="2258"/>
    <nd ref="2259"/>
    <nd ref="2260"/>
    <nd ref="2261"/>
    <nd ref="2262"/>
    <nd ref="2263"/>
    <nd ref="2264"/>
    <nd ref="2265"/>
    <nd ref="2266"/>
    <nd ref="2267"/>
    <nd ref="2268"/>
    <nd ref="2269"/>
    <nd ref="2270"/>
    <nd ref="2271"/>
    <nd ref="2272"/>
    <nd ref="2273"/>
    <nd ref="2274"/>
    <nd ref="2275"/>
    <nd ref="2276"/>
    <nd ref="2277"/>
    <nd ref="2278"/>
    <nd ref="2279"/>
    <nd ref="2280"/>
    <nd ref="2281"/>
    <nd ref="2282"/>
    <nd ref="2283"/>
    <nd ref="2284"/>
    <nd ref="2285"/>
    <nd ref="2286"/>
    <nd ref="2287"/>
    <nd ref="2288"/>
    <nd ref="2289"/>
    <nd ref="2290"/>
    <nd ref="2291"/>
    <nd ref="2292"/>
    <nd ref="2087"/>
    <tag k="natural" v="wood"/>
    <tag k="leaf_type" v="broadleaved"/>
    <tag k="name" v="Bosque de Ribera Este 4"/>
  </way>
  <way id="110" version="1" timestamp="2026-09-02T12:00:00Z" changeset="1" uid="1" user="generator">
    <nd ref="2293"/>
    <nd ref="2294"/>
    <nd ref="2295"/>
    <nd ref="2296"/>
    <nd ref="2297"/>
    <nd ref="2298"/>
    <nd ref="2299"/>
    <nd ref="2300"/>
    <nd ref="2301"/>
    <nd ref="2302"/>
    <nd ref="2303"/>
    <nd ref="2304"/>
    <nd ref="2305"/>
    <nd ref="2306"/>
    <nd ref="2307"/>
    <nd ref="2308"/>
    <nd ref="2309"/>
    <nd ref="2310"/>
    <nd ref="2311"/>
    <nd ref="2312"/>
    <nd ref="2313"/>
    <nd ref="2314"/>
    <nd ref="2315"/>
    <nd ref="2316"/>
    <nd ref="2317"/>
    <nd ref="2318"/>
    <nd ref="2319"/>
    <nd ref="2320"/>
    <nd ref="2321"/>
    <nd ref="2322"/>
    <nd ref="2323"/>
    <nd ref="2324"/>
    <nd ref="2325"/>
    <nd ref="2326"/>
    <nd ref="2327"/>
    <nd ref="2328"/>
    <nd ref="2329"/>
    <nd ref="2330"/>
    <nd ref="2331"/>
    <nd ref="2332"/>
    <nd ref="2333"/>
    <nd ref="2334"/>
    <nd ref="2335"/>
    <nd ref="2336"/>
    <nd ref="2337"/>
    <nd ref="2338"/>
    <nd ref="2339"/>
    <nd ref="2340"/>
    <nd ref="2341"/>
    <nd ref="2342"/>
    <nd ref="2343"/>
    <nd ref="2344"/>
    <nd ref="2345"/>
    <nd ref="2346"/>
    <nd ref="2293"/>
    <tag k="natural" v="wood"/>
    <tag k="leaf_type" v="broadleaved"/>
    <tag k="name" v="Bosque de Ribera Oeste 5"/>
  </way>
  <way id="111" version="1" timestamp="2026-09-02T12:00:00Z" changeset="1" uid="1" user="generator">
    <nd ref="2347"/>
    <nd ref="2348"/>
    <nd ref="2349"/>
    <nd ref="2350"/>
    <nd ref="2351"/>
    <nd ref="2352"/>
    <nd ref="2353"/>
    <nd ref="2354"/>
    <nd ref="2355"/>
    <nd ref="2356"/>
    <nd ref="2357"/>
    <nd ref="2358"/>
    <nd ref="2359"/>
    <nd ref="2360"/>
    <nd ref="2361"/>
    <nd ref="2362"/>
    <nd ref="2363"/>
    <nd ref="2364"/>
    <nd ref="2365"/>
    <nd ref="2366"/>
    <nd ref="2367"/>
    <nd ref="2368"/>
    <nd ref="2369"/>
    <nd ref="2370"/>
    <nd ref="2371"/>
    <nd ref="2372"/>
    <nd ref="2373"/>
    <nd ref="2374"/>
    <nd ref="2375"/>
    <nd ref="2376"/>
    <nd ref="2377"/>
    <nd ref="2378"/>
    <nd ref="2379"/>
    <nd ref="2380"/>
    <nd ref="2381"/>
    <nd ref="2382"/>
    <nd ref="2383"/>
    <nd ref="2384"/>
    <nd ref="2385"/>
    <nd ref="2386"/>
    <nd ref="2387"/>
    <nd ref="2388"/>
    <nd ref="2389"/>
    <nd ref="2390"/>
    <nd ref="2391"/>
    <nd ref="2392"/>
    <nd ref="2393"/>
    <nd ref="2394"/>
    <nd ref="2395"/>
    <nd ref="2396"/>
    <nd ref="2397"/>
    <nd ref="2398"/>
    <nd ref="2399"/>
    <nd ref="2400"/>
    <nd ref="2347"/>
    <tag k="natural" v="wood"/>
    <tag k="leaf_type" v="broadleaved"/>
    <tag k="name" v="Bosque de Ribera Este 5"/>
  </way>
  <way id="112" version="1" timestamp="2026-09-02T12:00:00Z" changeset="1" uid="1" user="generator">
    <nd ref="2401"/>
    <nd ref="2402"/>
    <nd ref="2403"/>
    <nd ref="2404"/>
    <nd ref="2401"/>
    <tag k="landuse" v="farmland"/>
    <tag k="name" v="Campo 001"/>
  </way>
  <way id="113" version="1" timestamp="2026-09-02T12:00:00Z" changeset="1" uid="1" user="generator">
    <nd ref="2405"/>
    <nd ref="2406"/>
    <nd ref="2407"/>
    <nd ref="2408"/>
    <nd ref="2405"/>
    <tag k="landuse" v="farmland"/>
    <tag k="name" v="Campo 002"/>
  </way>
  <way id="114" version="1" timestamp="2026-09-02T12:00:00Z" changeset="1" uid="1" user="generator">
    <nd ref="2409"/>
    <nd ref="2410"/>
    <nd ref="2411"/>
    <nd ref="2412"/>
    <nd ref="2409"/>
    <tag k="landuse" v="farmland"/>
    <tag k="name" v="Campo 003"/>
  </way>
  <way id="115" version="1" timestamp="2026-09-02T12:00:00Z" changeset="1" uid="1" user="generator">
    <nd ref="2413"/>
    <nd ref="2414"/>
    <nd ref="2415"/>
    <nd ref="2416"/>
    <nd ref="2413"/>
    <tag k="landuse" v="farmland"/>
    <tag k="name" v="Campo 004"/>
  </way>
  <way id="116" version="1" timestamp="2026-09-02T12:00:00Z" changeset="1" uid="1" user="generator">
    <nd ref="2417"/>
    <nd ref="2418"/>
    <nd ref="2419"/>
    <nd ref="2420"/>
    <nd ref="2417"/>
    <tag k="landuse" v="farmland"/>
    <tag k="name" v="Campo 005"/>
  </way>
  <way id="117" version="1" timestamp="2026-09-02T12:00:00Z" changeset="1" uid="1" user="generator">
    <nd ref="2421"/>
    <nd ref="2422"/>
    <nd ref="2423"/>
    <nd ref="2424"/>
    <nd ref="2421"/>
    <tag k="landuse" v="farmland"/>
    <tag k="name" v="Campo 006"/>
  </way>
  <way id="118" version="1" timestamp="2026-09-02T12:00:00Z" changeset="1" uid="1" user="generator">
    <nd ref="2425"/>
    <nd ref="2426"/>
    <nd ref="2427"/>
    <nd ref="2428"/>
    <nd ref="2425"/>
    <tag k="landuse" v="farmland"/>
    <tag k="name" v="Campo 007"/>
  </way>
  <way id="119" version="1" timestamp="2026-09-02T12:00:00Z" changeset="1" uid="1" user="generator">
    <nd ref="2429"/>
    <nd ref="2430"/>
    <nd ref="2431"/>
    <nd ref="2432"/>
    <nd ref="2429"/>
    <tag k="landuse" v="farmland"/>
    <tag k="name" v="Campo 008"/>
  </way>
  <way id="120" version="1" timestamp="2026-09-02T12:00:00Z" changeset="1" uid="1" user="generator">
    <nd ref="2433"/>
    <nd ref="2434"/>
    <nd ref="2435"/>
    <nd ref="2436"/>
    <nd ref="2433"/>
    <tag k="landuse" v="farmland"/>
    <tag k="name" v="Campo 009"/>
  </way>
  <way id="121" version="1" timestamp="2026-09-02T12:00:00Z" changeset="1" uid="1" user="generator">
    <nd ref="2437"/>
    <nd ref="2438"/>
    <nd ref="2439"/>
    <nd ref="2440"/>
    <nd ref="2437"/>
    <tag k="landuse" v="farmland"/>
    <tag k="name" v="Campo 010"/>
  </way>
  <way id="122" version="1" timestamp="2026-09-02T12:00:00Z" changeset="1" uid="1" user="generator">
    <nd ref="2441"/>
    <nd ref="2442"/>
    <nd ref="2443"/>
    <nd ref="2444"/>
    <nd ref="2441"/>
    <tag k="landuse" v="farmland"/>
    <tag k="name" v="Campo 011"/>
  </way>
  <way id="123" version="1" timestamp="2026-09-02T12:00:00Z" changeset="1" uid="1" user="generator">
    <nd ref="2445"/>
    <nd ref="2446"/>
    <nd ref="2447"/>
    <nd ref="2448"/>
    <nd ref="2445"/>
    <tag k="landuse" v="farmland"/>
    <tag k="name" v="Campo 012"/>
  </way>
  <way id="124" version="1" timestamp="2026-09-02T12:00:00Z" changeset="1" uid="1" user="generator">
    <nd ref="2449"/>
    <nd ref="2450"/>
    <nd ref="2451"/>
    <nd ref="2452"/>
    <nd ref="2449"/>
    <tag k="landuse" v="farmland"/>
    <tag k="name" v="Campo 013"/>
  </way>
  <way id="125" version="1" timestamp="2026-09-02T12:00:00Z" changeset="1" uid="1" user="generator">
    <nd ref="2453"/>
    <nd ref="2454"/>
    <nd ref="2455"/>
    <nd ref="2456"/>
    <nd ref="2453"/>
    <tag k="landuse" v="farmland"/>
    <tag k="name" v="Campo 014"/>
  </way>
  <way id="126" version="1" timestamp="2026-09-02T12:00:00Z" changeset="1" uid="1" user="generator">
    <nd ref="2457"/>
    <nd ref="2458"/>
    <nd ref="2459"/>
    <nd ref="2460"/>
    <nd ref="2457"/>
    <tag k="landuse" v="farmland"/>
    <tag k="name" v="Campo 015"/>
  </way>
  <way id="127" version="1" timestamp="2026-09-02T12:00:00Z" changeset="1" uid="1" user="generator">
    <nd ref="2461"/>
    <nd ref="2462"/>
    <nd ref="2463"/>
    <nd ref="2464"/>
    <nd ref="2461"/>
    <tag k="landuse" v="farmland"/>
    <tag k="name" v="Campo 016"/>
  </way>
  <way id="128" version="1" timestamp="2026-09-02T12:00:00Z" changeset="1" uid="1" user="generator">
    <nd ref="2465"/>
    <nd ref="2466"/>
    <nd ref="2467"/>
    <nd ref="2468"/>
    <nd ref="2465"/>
    <tag k="landuse" v="farmland"/>
    <tag k="name" v="Campo 017"/>
  </way>
  <way id="129" version="1" timestamp="2026-09-02T12:00:00Z" changeset="1" uid="1" user="generator">
    <nd ref="2469"/>
    <nd ref="2470"/>
    <nd ref="2471"/>
    <nd ref="2472"/>
    <nd ref="2469"/>
    <tag k="landuse" v="farmland"/>
    <tag k="name" v="Campo 018"/>
  </way>
  <way id="130" version="1" timestamp="2026-09-02T12:00:00Z" changeset="1" uid="1" user="generator">
    <nd ref="2473"/>
    <nd ref="2474"/>
    <nd ref="2475"/>
    <nd ref="2476"/>
    <nd ref="2473"/>
    <tag k="landuse" v="farmland"/>
    <tag k="name" v="Campo 019"/>
  </way>
  <way id="131" version="1" timestamp="2026-09-02T12:00:00Z" changeset="1" uid="1" user="generator">
    <nd ref="2477"/>
    <nd ref="2478"/>
    <nd ref="2479"/>
    <nd ref="2480"/>
    <nd ref="2477"/>
    <tag k="landuse" v="farmland"/>
    <tag k="name" v="Campo 020"/>
  </way>
  <way id="132" version="1" timestamp="2026-09-02T12:00:00Z" changeset="1" uid="1" user="generator">
    <nd ref="2481"/>
    <nd ref="2482"/>
    <nd ref="2483"/>
    <nd ref="2484"/>
    <nd ref="2481"/>
    <tag k="landuse" v="farmland"/>
    <tag k="name" v="Campo 021"/>
  </way>
  <way id="133" version="1" timestamp="2026-09-02T12:00:00Z" changeset="1" uid="1" user="generator">
    <nd ref="2485"/>
    <nd ref="2486"/>
    <nd ref="2487"/>
    <nd ref="2488"/>
    <nd ref="2485"/>
    <tag k="landuse" v="farmland"/>
    <tag k="name" v="Campo 022"/>
  </way>
  <way id="134" version="1" timestamp="2026-09-02T12:00:00Z" changeset="1" uid="1" user="generator">
    <nd ref="2489"/>
    <nd ref="2490"/>
    <nd ref="2491"/>
    <nd ref="2492"/>
    <nd ref="2489"/>
    <tag k="landuse" v="farmland"/>
    <tag k="name" v="Campo 023"/>
  </way>
  <way id="135" version="1" timestamp="2026-09-02T12:00:00Z" changeset="1" uid="1" user="generator">
    <nd ref="2493"/>
    <nd ref="2494"/>
    <nd ref="2495"/>
    <nd ref="2496"/>
    <nd ref="2493"/>
    <tag k="landuse" v="farmland"/>
    <tag k="name" v="Campo 024"/>
  </way>
  <way id="136" version="1" timestamp="2026-09-02T12:00:00Z" changeset="1" uid="1" user="generator">
    <nd ref="2497"/>
    <nd ref="2498"/>
    <nd ref="2499"/>
    <nd ref="2500"/>
    <nd ref="2497"/>
    <tag k="landuse" v="farmland"/>
    <tag k="name" v="Campo 025"/>
  </way>
  <way id="137" version="1" timestamp="2026-09-02T12:00:00Z" changeset="1" uid="1" user="generator">
    <nd ref="2501"/>
    <nd ref="2502"/>
    <nd ref="2503"/>
    <nd ref="2504"/>
    <nd ref="2501"/>
    <tag k="landuse" v="farmland"/>
    <tag k="name" v="Campo 026"/>
  </way>
  <way id="138" version="1" timestamp="2026-09-02T12:00:00Z" changeset="1" uid="1" user="generator">
    <nd ref="2505"/>
    <nd ref="2506"/>
    <nd ref="2507"/>
    <nd ref="2508"/>
    <nd ref="2505"/>
    <tag k="landuse" v="farmland"/>
    <tag k="name" v="Campo 027"/>
  </way>
  <way id="139" version="1" timestamp="2026-09-02T12:00:00Z" changeset="1" uid="1" user="generator">
    <nd ref="2509"/>
    <nd ref="2510"/>
    <nd ref="2511"/>
    <nd ref="2512"/>
    <nd ref="2509"/>
    <tag k="landuse" v="farmland"/>
    <tag k="name" v="Campo 028"/>
  </way>
  <way id="140" version="1" timestamp="2026-09-02T12:00:00Z" changeset="1" uid="1" user="generator">
    <nd ref="2513"/>
    <nd ref="2514"/>
    <nd ref="2515"/>
    <nd ref="2516"/>
    <nd ref="2513"/>
    <tag k="landuse" v="farmland"/>
    <tag k="name" v="Campo 029"/>
  </way>
  <way id="141" version="1" timestamp="2026-09-02T12:00:00Z" changeset="1" uid="1" user="generator">
    <nd ref="2517"/>
    <nd ref="2518"/>
    <nd ref="2519"/>
    <nd ref="2520"/>
    <nd ref="2517"/>
    <tag k="landuse" v="farmland"/>
    <tag k="name" v="Campo 030"/>
  </way>
  <way id="142" version="1" timestamp="2026-09-02T12:00:00Z" changeset="1" uid="1" user="generator">
    <nd ref="2521"/>
    <nd ref="2522"/>
    <nd ref="2523"/>
    <nd ref="2524"/>
    <nd ref="2521"/>
    <tag k="landuse" v="farmland"/>
    <tag k="name" v="Campo 031"/>
  </way>
  <way id="143" version="1" timestamp="2026-09-02T12:00:00Z" changeset="1" uid="1" user="generator">
    <nd ref="2525"/>
    <nd ref="2526"/>
    <nd ref="2527"/>
    <nd ref="2528"/>
    <nd ref="2525"/>
    <tag k="landuse" v="farmland"/>
    <tag k="name" v="Campo 032"/>
  </way>
  <way id="144" version="1" timestamp="2026-09-02T12:00:00Z" changeset="1" uid="1" user="generator">
    <nd ref="2529"/>
    <nd ref="2530"/>
    <nd ref="2531"/>
    <nd ref="2532"/>
    <nd ref="2529"/>
    <tag k="landuse" v="farmland"/>
    <tag k="name" v="Campo 033"/>
  </way>
  <way id="145" version="1" timestamp="2026-09-02T12:00:00Z" changeset="1" uid="1" user="generator">
    <nd ref="2533"/>
    <nd ref="2534"/>
    <nd ref="2535"/>
    <nd ref="2536"/>
    <nd ref="2533"/>
    <tag k="landuse" v="farmland"/>
    <tag k="name" v="Campo 034"/>
  </way>
  <way id="146" version="1" timestamp="2026-09-02T12:00:00Z" changeset="1" uid="1" user="generator">
    <nd ref="2537"/>
    <nd ref="2538"/>
    <nd ref="2539"/>
    <nd ref="2540"/>
    <nd ref="2537"/>
    <tag k="landuse" v="farmland"/>
    <tag k="name" v="Campo 035"/>
  </way>
  <way id="147" version="1" timestamp="2026-09-02T12:00:00Z" changeset="1" uid="1" user="generator">
    <nd ref="2541"/>
    <nd ref="2542"/>
    <nd ref="2543"/>
    <nd ref="2544"/>
    <nd ref="2541"/>
    <tag k="landuse" v="farmland"/>
    <tag k="name" v="Campo 036"/>
  </way>
  <way id="148" version="1" timestamp="2026-09-02T12:00:00Z" changeset="1" uid="1" user="generator">
    <nd ref="2545"/>
    <nd ref="2546"/>
    <nd ref="2547"/>
    <nd ref="2548"/>
    <nd ref="2545"/>
    <tag k="landuse" v="farmland"/>
    <tag k="name" v="Campo 037"/>
  </way>
  <way id="149" version="1" timestamp="2026-09-02T12:00:00Z" changeset="1" uid="1" user="generator">
    <nd ref="2549"/>
    <nd ref="2550"/>
    <nd ref="2551"/>
    <nd ref="2552"/>
    <nd ref="2549"/>
    <tag k="landuse" v="farmland"/>
    <tag k="name" v="Campo 038"/>
  </way>
  <way id="150" version="1" timestamp="2026-09-02T12:00:00Z" changeset="1" uid="1" user="generator">
    <nd ref="2553"/>
    <nd ref="2554"/>
    <nd ref="2555"/>
    <nd ref="2556"/>
    <nd ref="2553"/>
    <tag k="landuse" v="farmland"/>
    <tag k="name" v="Campo 039"/>
  </way>
  <way id="151" version="1" timestamp="2026-09-02T12:00:00Z" changeset="1" uid="1" user="generator">
    <nd ref="2557"/>
    <nd ref="2558"/>
    <nd ref="2559"/>
    <nd ref="2560"/>
    <nd ref="2557"/>
    <tag k="landuse" v="farmland"/>
    <tag k="name" v="Campo 040"/>
  </way>
  <way id="152" version="1" timestamp="2026-09-02T12:00:00Z" changeset="1" uid="1" user="generator">
    <nd ref="2561"/>
    <nd ref="2562"/>
    <nd ref="2563"/>
    <nd ref="2564"/>
    <nd ref="2561"/>
    <tag k="landuse" v="farmland"/>
    <tag k="name" v="Campo 041"/>
  </way>
  <way id="153" version="1" timestamp="2026-09-02T12:00:00Z" changeset="1" uid="1" user="generator">
    <nd ref="2565"/>
    <nd ref="2566"/>
    <nd ref="2567"/>
    <nd ref="2568"/>
    <nd ref="2565"/>
    <tag k="landuse" v="farmland"/>
    <tag k="name" v="Campo 042"/>
  </way>
  <way id="154" version="1" timestamp="2026-09-02T12:00:00Z" changeset="1" uid="1" user="generator">
    <nd ref="2569"/>
    <nd ref="2570"/>
    <nd ref="2571"/>
    <nd ref="2572"/>
    <nd ref="2569"/>
    <tag k="landuse" v="farmland"/>
    <tag k="name" v="Campo 043"/>
  </way>
  <way id="155" version="1" timestamp="2026-09-02T12:00:00Z" changeset="1" uid="1" user="generator">
    <nd ref="2573"/>
    <nd ref="2574"/>
    <nd ref="2575"/>
    <nd ref="2576"/>
    <nd ref="2573"/>
    <tag k="landuse" v="farmland"/>
    <tag k="name" v="Campo 044"/>
  </way>
  <way id="156" version="1" timestamp="2026-09-02T12:00:00Z" changeset="1" uid="1" user="generator">
    <nd ref="2577"/>
    <nd ref="2578"/>
    <nd ref="2579"/>
    <nd ref="2580"/>
    <nd ref="2577"/>
    <tag k="landuse" v="farmland"/>
    <tag k="name" v="Campo 045"/>
  </way>
  <way id="157" version="1" timestamp="2026-09-02T12:00:00Z" changeset="1" uid="1" user="generator">
    <nd ref="2581"/>
    <nd ref="2582"/>
    <nd ref="2583"/>
    <nd ref="2584"/>
    <nd ref="2581"/>
    <tag k="landuse" v="farmland"/>
    <tag k="name" v="Campo 046"/>
  </way>
  <way id="158" version="1" timestamp="2026-09-02T12:00:00Z" changeset="1" uid="1" user="generator">
    <nd ref="2585"/>
    <nd ref="2586"/>
    <nd ref="2587"/>
    <nd ref="2588"/>
    <nd ref="2585"/>
    <tag k="landuse" v="farmland"/>
    <tag k="name" v="Campo 047"/>
  </way>
  <way id="159" version="1" timestamp="2026-09-02T12:00:00Z" changeset="1" uid="1" user="generator">
    <nd ref="2589"/>
    <nd ref="2590"/>
    <nd ref="2591"/>
    <nd ref="2592"/>
    <nd ref="2589"/>
    <tag k="landuse" v="farmland"/>
    <tag k="name" v="Campo 048"/>
  </way>
  <way id="160" version="1" timestamp="2026-09-02T12:00:00Z" changeset="1" uid="1" user="generator">
    <nd ref="2593"/>
    <nd ref="2594"/>
    <nd ref="2595"/>
    <nd ref="2596"/>
    <nd ref="2593"/>
    <tag k="landuse" v="farmland"/>
    <tag k="name" v="Campo 049"/>
  </way>
  <way id="161" version="1" timestamp="2026-09-02T12:00:00Z" changeset="1" uid="1" user="generator">
    <nd ref="2597"/>
    <nd ref="2598"/>
    <nd ref="2599"/>
    <nd ref="2600"/>
    <nd ref="2597"/>
    <tag k="landuse" v="farmland"/>
    <tag k="name" v="Campo 050"/>
  </way>
  <way id="162" version="1" timestamp="2026-09-02T12:00:00Z" changeset="1" uid="1" user="generator">
    <nd ref="2601"/>
    <nd ref="2602"/>
    <nd ref="2603"/>
    <nd ref="2604"/>
    <nd ref="2601"/>
    <tag k="landuse" v="farmland"/>
    <tag k="name" v="Campo 051"/>
  </way>
  <way id="163" version="1" timestamp="2026-09-02T12:00:00Z" changeset="1" uid="1" user="generator">
    <nd ref="2605"/>
    <nd ref="2606"/>
    <nd ref="2607"/>
    <nd ref="2608"/>
    <nd ref="2605"/>
    <tag k="landuse" v="farmland"/>
    <tag k="name" v="Campo 052"/>
  </way>
  <way id="164" version="1" timestamp="2026-09-02T12:00:00Z" changeset="1" uid="1" user="generator">
    <nd ref="2609"/>
    <nd ref="2610"/>
    <nd ref="2611"/>
    <nd ref="2612"/>
    <nd ref="2609"/>
    <tag k="landuse" v="farmland"/>
    <tag k="name" v="Campo 053"/>
  </way>
  <way id="165" version="1" timestamp="2026-09-02T12:00:00Z" changeset="1" uid="1" user="generator">
    <nd ref="2613"/>
    <nd ref="2614"/>
    <nd ref="2615"/>
    <nd ref="2616"/>
    <nd ref="2613"/>
    <tag k="landuse" v="farmland"/>
    <tag k="name" v="Campo 054"/>
  </way>
  <way id="166" version="1" timestamp="2026-09-02T12:00:00Z" changeset="1" uid="1" user="generator">
    <nd ref="2617"/>
    <nd ref="2618"/>
    <nd ref="2619"/>
    <nd ref="2620"/>
    <nd ref="2617"/>
    <tag k="landuse" v="farmland"/>
    <tag k="name" v="Campo 055"/>
  </way>
  <way id="167" version="1" timestamp="2026-09-02T12:00:00Z" changeset="1" uid="1" user="generator">
    <nd ref="2621"/>
    <nd ref="2622"/>
    <nd ref="2623"/>
    <nd ref="2624"/>
    <nd ref="2621"/>
    <tag k="landuse" v="farmland"/>
    <tag k="name" v="Campo 056"/>
  </way>
  <way id="168" version="1" timestamp="2026-09-02T12:00:00Z" changeset="1" uid="1" user="generator">
    <nd ref="2625"/>
    <nd ref="2626"/>
    <nd ref="2627"/>
    <nd ref="2628"/>
    <nd ref="2625"/>
    <tag k="landuse" v="farmland"/>
    <tag k="name" v="Campo 057"/>
  </way>
  <way id="169" version="1" timestamp="2026-09-02T12:00:00Z" changeset="1" uid="1" user="generator">
    <nd ref="2629"/>
    <nd ref="2630"/>
    <nd ref="2631"/>
    <nd ref="2632"/>
    <nd ref="2629"/>
    <tag k="landuse" v="farmland"/>
    <tag k="name" v="Campo 058"/>
  </way>
  <way id="170" version="1" timestamp="2026-09-02T12:00:00Z" changeset="1" uid="1" user="generator">
    <nd ref="2633"/>
    <nd ref="2634"/>
    <nd ref="2635"/>
    <nd ref="2636"/>
    <nd ref="2633"/>
    <tag k="landuse" v="farmland"/>
    <tag k="name" v="Campo 059"/>
  </way>
  <way id="171" version="1" timestamp="2026-09-02T12:00:00Z" changeset="1" uid="1" user="generator">
    <nd ref="2637"/>
    <nd ref="2638"/>
    <nd ref="2639"/>
    <nd ref="2640"/>
    <nd ref="2637"/>
    <tag k="landuse" v="farmland"/>
    <tag k="name" v="Campo 060"/>
  </way>
  <way id="172" version="1" timestamp="2026-09-02T12:00:00Z" changeset="1" uid="1" user="generator">
    <nd ref="2641"/>
    <nd ref="2642"/>
    <nd ref="2643"/>
    <nd ref="2644"/>
    <nd ref="2641"/>
    <tag k="landuse" v="farmland"/>
    <tag k="name" v="Campo 061"/>
  </way>
  <way id="173" version="1" timestamp="2026-09-02T12:00:00Z" changeset="1" uid="1" user="generator">
    <nd ref="2645"/>
    <nd ref="2646"/>
    <nd ref="2647"/>
    <nd ref="2648"/>
    <nd ref="2645"/>
    <tag k="landuse" v="farmland"/>
    <tag k="name" v="Campo 062"/>
  </way>
  <way id="174" version="1" timestamp="2026-09-02T12:00:00Z" changeset="1" uid="1" user="generator">
    <nd ref="2649"/>
    <nd ref="2650"/>
    <nd ref="2651"/>
    <nd ref="2652"/>
    <nd ref="2649"/>
    <tag k="landuse" v="farmland"/>
    <tag k="name" v="Campo 063"/>
  </way>
  <way id="175" version="1" timestamp="2026-09-02T12:00:00Z" changeset="1" uid="1" user="generator">
    <nd ref="2653"/>
    <nd ref="2654"/>
    <nd ref="2655"/>
    <nd ref="2656"/>
    <nd ref="2653"/>
    <tag k="landuse" v="farmland"/>
    <tag k="name" v="Campo 064"/>
  </way>
  <way id="176" version="1" timestamp="2026-09-02T12:00:00Z" changeset="1" uid="1" user="generator">
    <nd ref="2657"/>
    <nd ref="2658"/>
    <nd ref="2659"/>
    <nd ref="2660"/>
    <nd ref="2657"/>
    <tag k="landuse" v="farmland"/>
    <tag k="name" v="Campo 065"/>
  </way>
  <way id="177" version="1" timestamp="2026-09-02T12:00:00Z" changeset="1" uid="1" user="generator">
    <nd ref="2661"/>
    <nd ref="2662"/>
    <nd ref="2663"/>
    <nd ref="2664"/>
    <nd ref="2661"/>
    <tag k="landuse" v="farmland"/>
    <tag k="name" v="Campo 066"/>
  </way>
  <way id="178" version="1" timestamp="2026-09-02T12:00:00Z" changeset="1" uid="1" user="generator">
    <nd ref="2665"/>
    <nd ref="2666"/>
    <nd ref="2667"/>
    <nd ref="2668"/>
    <nd ref="2665"/>
    <tag k="landuse" v="farmland"/>
    <tag k="name" v="Campo 067"/>
  </way>
  <way id="179" version="1" timestamp="2026-09-02T12:00:00Z" changeset="1" uid="1" user="generator">
    <nd ref="2669"/>
    <nd ref="2670"/>
    <nd ref="2671"/>
    <nd ref="2672"/>
    <nd ref="2669"/>
    <tag k="landuse" v="farmland"/>
    <tag k="name" v="Campo 068"/>
  </way>
  <way id="180" version="1" timestamp="2026-09-02T12:00:00Z" changeset="1" uid="1" user="generator">
    <nd ref="2673"/>
    <nd ref="2674"/>
    <nd ref="2675"/>
    <nd ref="2676"/>
    <nd ref="2673"/>
    <tag k="landuse" v="farmland"/>
    <tag k="name" v="Campo 069"/>
  </way>
  <way id="181" version="1" timestamp="2026-09-02T12:00:00Z" changeset="1" uid="1" user="generator">
    <nd ref="2677"/>
    <nd ref="2678"/>
    <nd ref="2679"/>
    <nd ref="2680"/>
    <nd ref="2677"/>
    <tag k="landuse" v="farmland"/>
    <tag k="name" v="Campo 070"/>
  </way>
  <way id="182" version="1" timestamp="2026-09-02T12:00:00Z" changeset="1" uid="1" user="generator">
    <nd ref="2681"/>
    <nd ref="2682"/>
    <nd ref="2683"/>
    <nd ref="2684"/>
    <nd ref="2681"/>
    <tag k="landuse" v="farmland"/>
    <tag k="name" v="Campo 071"/>
  </way>
  <way id="183" version="1" timestamp="2026-09-02T12:00:00Z" changeset="1" uid="1" user="generator">
    <nd ref="2685"/>
    <nd ref="2686"/>
    <nd ref="2687"/>
    <nd ref="2688"/>
    <nd ref="2685"/>
    <tag k="landuse" v="farmland"/>
    <tag k="name" v="Campo 072"/>
  </way>
  <way id="184" version="1" timestamp="2026-09-02T12:00:00Z" changeset="1" uid="1" user="generator">
    <nd ref="2689"/>
    <nd ref="2690"/>
    <nd ref="2691"/>
    <nd ref="2692"/>
    <nd ref="2689"/>
    <tag k="landuse" v="farmland"/>
    <tag k="name" v="Campo 073"/>
  </way>
  <way id="185" version="1" timestamp="2026-09-02T12:00:00Z" changeset="1" uid="1" user="generator">
    <nd ref="2693"/>
    <nd ref="2694"/>
    <nd ref="2695"/>
    <nd ref="2696"/>
    <nd ref="2693"/>
    <tag k="landuse" v="farmland"/>
    <tag k="name" v="Campo 074"/>
  </way>
  <way id="186" version="1" timestamp="2026-09-02T12:00:00Z" changeset="1" uid="1" user="generator">
    <nd ref="2697"/>
    <nd ref="2698"/>
    <nd ref="2699"/>
    <nd ref="2700"/>
    <nd ref="2697"/>
    <tag k="landuse" v="farmland"/>
    <tag k="name" v="Campo 075"/>
  </way>
  <way id="187" version="1" timestamp="2026-09-02T12:00:00Z" changeset="1" uid="1" user="generator">
    <nd ref="2701"/>
    <nd ref="2702"/>
    <nd ref="2703"/>
    <nd ref="2704"/>
    <nd ref="2701"/>
    <tag k="landuse" v="farmland"/>
    <tag k="name" v="Campo 076"/>
  </way>
  <way id="188" version="1" timestamp="2026-09-02T12:00:00Z" changeset="1" uid="1" user="generator">
    <nd ref="2705"/>
    <nd ref="2706"/>
    <nd ref="2707"/>
    <nd ref="2708"/>
    <nd ref="2705"/>
    <tag k="landuse" v="farmland"/>
    <tag k="name" v="Campo 077"/>
  </way>
  <way id="189" version="1" timestamp="2026-09-02T12:00:00Z" changeset="1" uid="1" user="generator">
    <nd ref="2709"/>
    <nd ref="2710"/>
    <nd ref="2711"/>
    <nd ref="2712"/>
    <nd ref="2709"/>
    <tag k="landuse" v="farmland"/>
    <tag k="name" v="Campo 078"/>
  </way>
  <way id="190" version="1" timestamp="2026-09-02T12:00:00Z" changeset="1" uid="1" user="generator">
    <nd ref="2713"/>
    <nd ref="2714"/>
    <nd ref="2715"/>
    <nd ref="2716"/>
    <nd ref="2713"/>
    <tag k="landuse" v="farmland"/>
    <tag k="name" v="Campo 079"/>
  </way>
  <way id="191" version="1" timestamp="2026-09-02T12:00:00Z" changeset="1" uid="1" user="generator">
    <nd ref="2717"/>
    <nd ref="2718"/>
    <nd ref="2719"/>
    <nd ref="2720"/>
    <nd ref="2717"/>
    <tag k="landuse" v="farmland"/>
    <tag k="name" v="Campo 080"/>
  </way>
  <way id="192" version="1" timestamp="2026-09-02T12:00:00Z" changeset="1" uid="1" user="generator">
    <nd ref="2721"/>
    <nd ref="2722"/>
    <nd ref="2723"/>
    <nd ref="2724"/>
    <nd ref="2721"/>
    <tag k="landuse" v="farmland"/>
    <tag k="name" v="Campo 081"/>
  </way>
  <way id="193" version="1" timestamp="2026-09-02T12:00:00Z" changeset="1" uid="1" user="generator">
    <nd ref="2725"/>
    <nd ref="2726"/>
    <nd ref="2727"/>
    <nd ref="2728"/>
    <nd ref="2725"/>
    <tag k="landuse" v="farmland"/>
    <tag k="name" v="Campo 082"/>
  </way>
  <way id="194" version="1" timestamp="2026-09-02T12:00:00Z" changeset="1" uid="1" user="generator">
    <nd ref="2729"/>
    <nd ref="2730"/>
    <nd ref="2731"/>
    <nd ref="2732"/>
    <nd ref="2729"/>
    <tag k="landuse" v="farmland"/>
    <tag k="name" v="Campo 083"/>
  </way>
  <way id="195" version="1" timestamp="2026-09-02T12:00:00Z" changeset="1" uid="1" user="generator">
    <nd ref="2733"/>
    <nd ref="2734"/>
    <nd ref="2735"/>
    <nd ref="2736"/>
    <nd ref="2733"/>
    <tag k="landuse" v="farmland"/>
    <tag k="name" v="Campo 084"/>
  </way>
  <way id="196" version="1" timestamp="2026-09-02T12:00:00Z" changeset="1" uid="1" user="generator">
    <nd ref="2737"/>
    <nd ref="2738"/>
    <nd ref="2739"/>
    <nd ref="2740"/>
    <nd ref="2737"/>
    <tag k="landuse" v="farmland"/>
    <tag k="name" v="Campo 085"/>
  </way>
  <way id="197" version="1" timestamp="2026-09-02T12:00:00Z" changeset="1" uid="1" user="generator">
    <nd ref="2741"/>
    <nd ref="2742"/>
    <nd ref="2743"/>
    <nd ref="2744"/>
    <nd ref="2741"/>
    <tag k="landuse" v="farmland"/>
    <tag k="name" v="Campo 086"/>
  </way>
  <way id="198" version="1" timestamp="2026-09-02T12:00:00Z" changeset="1" uid="1" user="generator">
    <nd ref="2745"/>
    <nd ref="2746"/>
    <nd ref="2747"/>
    <nd ref="2748"/>
    <nd ref="2745"/>
    <tag k="landuse" v="farmland"/>
    <tag k="name" v="Campo 087"/>
  </way>
  <way id="199" version="1" timestamp="2026-09-02T12:00:00Z" changeset="1" uid="1" user="generator">
    <nd ref="2749"/>
    <nd ref="2750"/>
    <nd ref="2751"/>
    <nd ref="2752"/>
    <nd ref="2749"/>
    <tag k="landuse" v="farmland"/>
    <tag k="name" v="Campo 088"/>
  </way>
  <way id="200" version="1" timestamp="2026-09-02T12:00:00Z" changeset="1" uid="1" user="generator">
    <nd ref="2753"/>
    <nd ref="2754"/>
    <nd ref="2755"/>
    <nd ref="2756"/>
    <nd ref="2753"/>
    <tag k="landuse" v="farmland"/>
    <tag k="name" v="Campo 089"/>
  </way>
  <way id="201" version="1" timestamp="2026-09-02T12:00:00Z" changeset="1" uid="1" user="generator">
    <nd ref="2757"/>
    <nd ref="2758"/>
    <nd ref="2759"/>
    <nd ref="2760"/>
    <nd ref="2757"/>
    <tag k="landuse" v="farmland"/>
    <tag k="name" v="Campo 090"/>
  </way>
  <way id="202" version="1" timestamp="2026-09-02T12:00:00Z" changeset="1" uid="1" user="generator">
    <nd ref="2761"/>
    <nd ref="2762"/>
    <nd ref="2763"/>
    <nd ref="2764"/>
    <nd ref="2761"/>
    <tag k="landuse" v="farmland"/>
    <tag k="name" v="Campo 091"/>
  </way>
  <way id="203" version="1" timestamp="2026-09-02T12:00:00Z" changeset="1" uid="1" user="generator">
    <nd ref="2765"/>
    <nd ref="2766"/>
    <nd ref="2767"/>
    <nd ref="2768"/>
    <nd ref="2765"/>
    <tag k="landuse" v="farmland"/>
    <tag k="name" v="Campo 092"/>
  </way>
  <way id="204" version="1" timestamp="2026-09-02T12:00:00Z" changeset="1" uid="1" user="generator">
    <nd ref="2769"/>
    <nd ref="2770"/>
    <nd ref="2771"/>
    <nd ref="2772"/>
    <nd ref="2769"/>
    <tag k="landuse" v="farmland"/>
    <tag k="name" v="Campo 093"/>
  </way>
  <way id="205" version="1" timestamp="2026-09-02T12:00:00Z" changeset="1" uid="1" user="generator">
    <nd ref="2773"/>
    <nd ref="2774"/>
    <nd ref="2775"/>
    <nd ref="2776"/>
    <nd ref="2773"/>
    <tag k="landuse" v="farmland"/>
    <tag k="name" v="Campo 094"/>
  </way>
  <way id="206" version="1" timestamp="2026-09-02T12:00:00Z" changeset="1" uid="1" user="generator">
    <nd ref="2777"/>
    <nd ref="2778"/>
    <nd ref="2779"/>
    <nd ref="2780"/>
    <nd ref="2777"/>
    <tag k="landuse" v="farmland"/>
    <tag k="name" v="Campo 095"/>
  </way>
  <way id="207" version="1" timestamp="2026-09-02T12:00:00Z" changeset="1" uid="1" user="generator">
    <nd ref="2781"/>
    <nd ref="2782"/>
    <nd ref="2783"/>
    <nd ref="2784"/>
    <nd ref="2781"/>
    <tag k="landuse" v="farmland"/>
    <tag k="name" v="Campo 096"/>
  </way>
  <way id="208" version="1" timestamp="2026-09-02T12:00:00Z" changeset="1" uid="1" user="generator">
    <nd ref="2785"/>
    <nd ref="2786"/>
    <nd ref="2787"/>
    <nd ref="2788"/>
    <nd ref="2785"/>
    <tag k="landuse" v="farmland"/>
    <tag k="name" v="Campo 097"/>
  </way>
  <way id="209" version="1" timestamp="2026-09-02T12:00:00Z" changeset="1" uid="1" user="generator">
    <nd ref="2789"/>
    <nd ref="2790"/>
    <nd ref="2791"/>
    <nd ref="2792"/>
    <nd ref="2789"/>
    <tag k="landuse" v="farmland"/>
    <tag k="name" v="Campo 098"/>
  </way>
  <way id="210" version="1" timestamp="2026-09-02T12:00:00Z" changeset="1" uid="1" user="generator">
    <nd ref="2793"/>
    <nd ref="2794"/>
    <nd ref="2795"/>
    <nd ref="2796"/>
    <nd ref="2793"/>
    <tag k="landuse" v="farmland"/>
    <tag k="name" v="Campo 099"/>
  </way>
  <way id="211" version="1" timestamp="2026-09-02T12:00:00Z" changeset="1" uid="1" user="generator">
    <nd ref="2797"/>
    <nd ref="2798"/>
    <nd ref="2799"/>
    <nd ref="2800"/>
    <nd ref="2797"/>
    <tag k="landuse" v="farmland"/>
    <tag k="name" v="Campo 100"/>
  </way>
  <way id="212" version="1" timestamp="2026-09-02T12:00:00Z" changeset="1" uid="1" user="generator">
    <nd ref="2801"/>
    <nd ref="2802"/>
    <nd ref="2803"/>
    <nd ref="2804"/>
    <nd ref="2801"/>
    <tag k="landuse" v="farmland"/>
    <tag k="name" v="Campo 101"/>
  </way>
  <way id="213" version="1" timestamp="2026-09-02T12:00:00Z" changeset="1" uid="1" user="generator">
    <nd ref="2805"/>
    <nd ref="2806"/>
    <nd ref="2807"/>
    <nd ref="2808"/>
    <nd ref="2805"/>
    <tag k="landuse" v="farmland"/>
    <tag k="name" v="Campo 102"/>
  </way>
  <way id="214" version="1" timestamp="2026-09-02T12:00:00Z" changeset="1" uid="1" user="generator">
    <nd ref="2809"/>
    <nd ref="2810"/>
    <nd ref="2811"/>
    <nd ref="2812"/>
    <nd ref="2809"/>
    <tag k="landuse" v="farmland"/>
    <tag k="name" v="Campo 103"/>
  </way>
  <way id="215" version="1" timestamp="2026-09-02T12:00:00Z" changeset="1" uid="1" user="generator">
    <nd ref="2813"/>
    <nd ref="2814"/>
    <nd ref="2815"/>
    <nd ref="2816"/>
    <nd ref="2813"/>
    <tag k="landuse" v="farmland"/>
    <tag k="name" v="Campo 104"/>
  </way>
  <way id="216" version="1" timestamp="2026-09-02T12:00:00Z" changeset="1" uid="1" user="generator">
    <nd ref="2817"/>
    <nd ref="2818"/>
    <nd ref="2819"/>
    <nd ref="2820"/>
    <nd ref="2817"/>
    <tag k="landuse" v="farmland"/>
    <tag k="name" v="Campo 105"/>
  </way>
  <way id="217" version="1" timestamp="2026-09-02T12:00:00Z" changeset="1" uid="1" user="generator">
    <nd ref="2821"/>
    <nd ref="2822"/>
    <nd ref="2823"/>
    <nd ref="2824"/>
    <nd ref="2821"/>
    <tag k="landuse" v="farmland"/>
    <tag k="name" v="Campo 106"/>
  </way>
  <way id="218" version="1" timestamp="2026-09-02T12:00:00Z" changeset="1" uid="1" user="generator">
    <nd ref="2825"/>
    <nd ref="2826"/>
    <nd ref="2827"/>
    <nd ref="2828"/>
    <nd ref="2825"/>
    <tag k="landuse" v="farmland"/>
    <tag k="name" v="Campo 107"/>
  </way>
  <way id="219" version="1" timestamp="2026-09-02T12:00:00Z" changeset="1" uid="1" user="generator">
    <nd ref="2829"/>
    <nd ref="2830"/>
    <nd ref="2831"/>
    <nd ref="2832"/>
    <nd ref="2829"/>
    <tag k="landuse" v="farmland"/>
    <tag k="name" v="Campo 108"/>
  </way>
  <way id="220" version="1" timestamp="2026-09-02T12:00:00Z" changeset="1" uid="1" user="generator">
    <nd ref="2833"/>
    <nd ref="2834"/>
    <nd ref="2835"/>
    <nd ref="2836"/>
    <nd ref="2833"/>
    <tag k="landuse" v="farmland"/>
    <tag k="name" v="Campo 109"/>
  </way>
  <way id="221" version="1" timestamp="2026-09-02T12:00:00Z" changeset="1" uid="1" user="generator">
    <nd ref="2837"/>
    <nd ref="2838"/>
    <nd ref="2839"/>
    <nd ref="2840"/>
    <nd ref="2837"/>
    <tag k="landuse" v="farmland"/>
    <tag k="name" v="Campo 110"/>
  </way>
  <way id="222" version="1" timestamp="2026-09-02T12:00:00Z" changeset="1" uid="1" user="generator">
    <nd ref="2841"/>
    <nd ref="2842"/>
    <nd ref="2843"/>
    <nd ref="2844"/>
    <nd ref="2841"/>
    <tag k="landuse" v="farmland"/>
    <tag k="name" v="Campo 111"/>
  </way>
  <way id="223" version="1" timestamp="2026-09-02T12:00:00Z" changeset="1" uid="1" user="generator">
    <nd ref="2845"/>
    <nd ref="2846"/>
    <nd ref="2847"/>
    <nd ref="2848"/>
    <nd ref="2845"/>
    <tag k="landuse" v="farmland"/>
    <tag k="name" v="Campo 112"/>
  </way>
  <way id="224" version="1" timestamp="2026-09-02T12:00:00Z" changeset="1" uid="1" user="generator">
    <nd ref="2849"/>
    <nd ref="2850"/>
    <nd ref="2851"/>
    <nd ref="2852"/>
    <nd ref="2849"/>
    <tag k="landuse" v="farmland"/>
    <tag k="name" v="Campo 113"/>
  </way>
  <way id="225" version="1" timestamp="2026-09-02T12:00:00Z" changeset="1" uid="1" user="generator">
    <nd ref="2853"/>
    <nd ref="2854"/>
    <nd ref="2855"/>
    <nd ref="2856"/>
    <nd ref="2853"/>
    <tag k="landuse" v="farmland"/>
    <tag k="name" v="Campo 114"/>
  </way>
  <way id="226" version="1" timestamp="2026-09-02T12:00:00Z" changeset="1" uid="1" user="generator">
    <nd ref="2857"/>
    <nd ref="2858"/>
    <nd ref="2859"/>
    <nd ref="2860"/>
    <nd ref="2857"/>
    <tag k="landuse" v="farmland"/>
    <tag k="name" v="Campo 115"/>
  </way>
  <way id="227" version="1" timestamp="2026-09-02T12:00:00Z" changeset="1" uid="1" user="generator">
    <nd ref="2861"/>
    <nd ref="2862"/>
    <nd ref="2863"/>
    <nd ref="2864"/>
    <nd ref="2861"/>
    <tag k="landuse" v="farmland"/>
    <tag k="name" v="Campo 116"/>
  </way>
  <way id="228" version="1" timestamp="2026-09-02T12:00:00Z" changeset="1" uid="1" user="generator">
    <nd ref="2865"/>
    <nd ref="2866"/>
    <nd ref="2867"/>
    <nd ref="2868"/>
    <nd ref="2865"/>
    <tag k="landuse" v="farmland"/>
    <tag k="name" v="Campo 117"/>
  </way>
  <way id="229" version="1" timestamp="2026-09-02T12:00:00Z" changeset="1" uid="1" user="generator">
    <nd ref="2869"/>
    <nd ref="2870"/>
    <nd ref="2871"/>
    <nd ref="2872"/>
    <nd ref="2869"/>
    <tag k="landuse" v="farmland"/>
    <tag k="name" v="Campo 118"/>
  </way>
  <way id="230" version="1" timestamp="2026-09-02T12:00:00Z" changeset="1" uid="1" user="generator">
    <nd ref="2873"/>
    <nd ref="2874"/>
    <nd ref="2875"/>
    <nd ref="2876"/>
    <nd ref="2873"/>
    <tag k="landuse" v="farmland"/>
    <tag k="name" v="Campo 119"/>
  </way>
  <way id="231" version="1" timestamp="2026-09-02T12:00:00Z" changeset="1" uid="1" user="generator">
    <nd ref="2877"/>
    <nd ref="2878"/>
    <nd ref="2879"/>
    <nd ref="2880"/>
    <nd ref="2877"/>
    <tag k="landuse" v="farmland"/>
    <tag k="name" v="Campo 120"/>
  </way>
  <way id="232" version="1" timestamp="2026-09-02T12:00:00Z" changeset="1" uid="1" user="generator">
    <nd ref="2881"/>
    <nd ref="2882"/>
    <nd ref="2883"/>
    <nd ref="2884"/>
    <nd ref="2881"/>
    <tag k="landuse" v="farmland"/>
    <tag k="name" v="Campo 121"/>
  </way>
  <way id="233" version="1" timestamp="2026-09-02T12:00:00Z" changeset="1" uid="1" user="generator">
    <nd ref="2885"/>
    <nd ref="2886"/>
    <nd ref="2887"/>
    <nd ref="2888"/>
    <nd ref="2885"/>
    <tag k="landuse" v="farmland"/>
    <tag k="name" v="Campo 122"/>
  </way>
  <way id="234" version="1" timestamp="2026-09-02T12:00:00Z" changeset="1" uid="1" user="generator">
    <nd ref="2889"/>
    <nd ref="2890"/>
    <nd ref="2891"/>
    <nd ref="2892"/>
    <nd ref="2889"/>
    <tag k="landuse" v="farmland"/>
    <tag k="name" v="Campo 123"/>
  </way>
  <way id="235" version="1" timestamp="2026-09-02T12:00:00Z" changeset="1" uid="1" user="generator">
    <nd ref="2893"/>
    <nd ref="2894"/>
    <nd ref="2895"/>
    <nd ref="2896"/>
    <nd ref="2893"/>
    <tag k="landuse" v="farmland"/>
    <tag k="name" v="Campo 124"/>
  </way>
  <way id="236" version="1" timestamp="2026-09-02T12:00:00Z" changeset="1" uid="1" user="generator">
    <nd ref="2897"/>
    <nd ref="2898"/>
    <nd ref="2899"/>
    <nd ref="2900"/>
    <nd ref="2897"/>
    <tag k="landuse" v="farmland"/>
    <tag k="name" v="Campo 125"/>
  </way>
  <way id="237" version="1" timestamp="2026-09-02T12:00:00Z" changeset="1" uid="1" user="generator">
    <nd ref="2901"/>
    <nd ref="2902"/>
    <nd ref="2903"/>
    <nd ref="2904"/>
    <nd ref="2901"/>
    <tag k="landuse" v="farmland"/>
    <tag k="name" v="Campo 126"/>
  </way>
  <way id="238" version="1" timestamp="2026-09-02T12:00:00Z" changeset="1" uid="1" user="generator">
    <nd ref="2905"/>
    <nd ref="2906"/>
    <nd ref="2907"/>
    <nd ref="2908"/>
    <nd ref="2905"/>
    <tag k="landuse" v="farmland"/>
    <tag k="name" v="Campo 127"/>
  </way>
  <way id="239" version="1" timestamp="2026-09-02T12:00:00Z" changeset="1" uid="1" user="generator">
    <nd ref="2909"/>
    <nd ref="2910"/>
    <nd ref="2911"/>
    <nd ref="2912"/>
    <nd ref="2909"/>
    <tag k="landuse" v="farmland"/>
    <tag k="name" v="Campo 128"/>
  </way>
  <way id="240" version="1" timestamp="2026-09-02T12:00:00Z" changeset="1" uid="1" user="generator">
    <nd ref="2913"/>
    <nd ref="2914"/>
    <nd ref="2915"/>
    <nd ref="2916"/>
    <nd ref="2913"/>
    <tag k="landuse" v="farmland"/>
    <tag k="name" v="Campo 129"/>
  </way>
  <way id="241" version="1" timestamp="2026-09-02T12:00:00Z" changeset="1" uid="1" user="generator">
    <nd ref="2917"/>
    <nd ref="2918"/>
    <nd ref="2919"/>
    <nd ref="2920"/>
    <nd ref="2917"/>
    <tag k="landuse" v="farmland"/>
    <tag k="name" v="Campo 130"/>
  </way>
  <way id="242" version="1" timestamp="2026-09-02T12:00:00Z" changeset="1" uid="1" user="generator">
    <nd ref="2921"/>
    <nd ref="2922"/>
    <nd ref="2923"/>
    <nd ref="2924"/>
    <nd ref="2921"/>
    <tag k="landuse" v="farmland"/>
    <tag k="name" v="Campo 131"/>
  </way>
  <way id="243" version="1" timestamp="2026-09-02T12:00:00Z" changeset="1" uid="1" user="generator">
    <nd ref="2925"/>
    <nd ref="2926"/>
    <nd ref="2927"/>
    <nd ref="2928"/>
    <nd ref="2925"/>
    <tag k="landuse" v="farmland"/>
    <tag k="name" v="Campo 132"/>
  </way>
  <way id="244" version="1" timestamp="2026-09-02T12:00:00Z" changeset="1" uid="1" user="generator">
    <nd ref="2929"/>
    <nd ref="2930"/>
    <nd ref="2931"/>
    <nd ref="2932"/>
    <nd ref="2929"/>
    <tag k="landuse" v="farmland"/>
    <tag k="name" v="Campo 133"/>
  </way>
  <way id="245" version="1" timestamp="2026-09-02T12:00:00Z" changeset="1" uid="1" user="generator">
    <nd ref="2933"/>
    <nd ref="2934"/>
    <nd ref="2935"/>
    <nd ref="2936"/>
    <nd ref="2933"/>
    <tag k="landuse" v="farmland"/>
    <tag k="name" v="Campo 134"/>
  </way>
  <way id="246" version="1" timestamp="2026-09-02T12:00:00Z" changeset="1" uid="1" user="generator">
    <nd ref="2937"/>
    <nd ref="2938"/>
    <nd ref="2939"/>
    <nd ref="2940"/>
    <nd ref="2937"/>
    <tag k="landuse" v="farmland"/>
    <tag k="name" v="Campo 135"/>
  </way>
  <way id="247" version="1" timestamp="2026-09-02T12:00:00Z" changeset="1" uid="1" user="generator">
    <nd ref="2941"/>
    <nd ref="2942"/>
    <nd ref="2943"/>
    <nd ref="2944"/>
    <nd ref="2941"/>
    <tag k="landuse" v="farmland"/>
    <tag k="name" v="Campo 136"/>
  </way>
  <way id="248" version="1" timestamp="2026-09-02T12:00:00Z" changeset="1" uid="1" user="generator">
    <nd ref="2945"/>
    <nd ref="2946"/>
    <nd ref="2947"/>
    <nd ref="2948"/>
    <nd ref="2945"/>
    <tag k="landuse" v="farmland"/>
    <tag k="name" v="Campo 137"/>
  </way>
  <way id="249" version="1" timestamp="2026-09-02T12:00:00Z" changeset="1" uid="1" user="generator">
    <nd ref="2949"/>
    <nd ref="2950"/>
    <nd ref="2951"/>
    <nd ref="2952"/>
    <nd ref="2949"/>
    <tag k="landuse" v="farmland"/>
    <tag k="name" v="Campo 138"/>
  </way>
  <way id="250" version="1" timestamp="2026-09-02T12:00:00Z" changeset="1" uid="1" user="generator">
    <nd ref="2953"/>
    <nd ref="2954"/>
    <nd ref="2955"/>
    <nd ref="2956"/>
    <nd ref="2953"/>
    <tag k="landuse" v="farmland"/>
    <tag k="name" v="Campo 139"/>
  </way>
  <way id="251" version="1" timestamp="2026-09-02T12:00:00Z" changeset="1" uid="1" user="generator">
    <nd ref="2957"/>
    <nd ref="2958"/>
    <nd ref="2959"/>
    <nd ref="2960"/>
    <nd ref="2957"/>
    <tag k="landuse" v="farmland"/>
    <tag k="name" v="Campo 140"/>
  </way>
  <way id="252" version="1" timestamp="2026-09-02T12:00:00Z" changeset="1" uid="1" user="generator">
    <nd ref="2961"/>
    <nd ref="2962"/>
    <nd ref="2963"/>
    <nd ref="2964"/>
    <nd ref="2961"/>
    <tag k="landuse" v="farmland"/>
    <tag k="name" v="Campo 141"/>
  </way>
  <way id="253" version="1" timestamp="2026-09-02T12:00:00Z" changeset="1" uid="1" user="generator">
    <nd ref="2965"/>
    <nd ref="2966"/>
    <nd ref="2967"/>
    <nd ref="2968"/>
    <nd ref="2965"/>
    <tag k="landuse" v="farmland"/>
    <tag k="name" v="Campo 142"/>
  </way>
  <way id="254" version="1" timestamp="2026-09-02T12:00:00Z" changeset="1" uid="1" user="generator">
    <nd ref="2969"/>
    <nd ref="2970"/>
    <nd ref="2971"/>
    <nd ref="2972"/>
    <nd ref="2969"/>
    <tag k="landuse" v="farmland"/>
    <tag k="name" v="Campo 143"/>
  </way>
  <way id="255" version="1" timestamp="2026-09-02T12:00:00Z" changeset="1" uid="1" user="generator">
    <nd ref="2973"/>
    <nd ref="2974"/>
    <nd ref="2975"/>
    <nd ref="2976"/>
    <nd ref="2973"/>
    <tag k="landuse" v="farmland"/>
    <tag k="name" v="Campo 144"/>
  </way>
  <way id="256" version="1" timestamp="2026-09-02T12:00:00Z" changeset="1" uid="1" user="generator">
    <nd ref="2977"/>
    <nd ref="2978"/>
    <nd ref="2979"/>
    <nd ref="2980"/>
    <nd ref="2977"/>
    <tag k="landuse" v="farmland"/>
    <tag k="name" v="Campo 145"/>
  </way>
  <way id="257" version="1" timestamp="2026-09-02T12:00:00Z" changeset="1" uid="1" user="generator">
    <nd ref="2981"/>
    <nd ref="2982"/>
    <tag k="highway" v="primary"/>
    <tag k="name" v="Camino del Oeste"/>
  </way>
  <way id="258" version="1" timestamp="2026-09-02T12:00:00Z" changeset="1" uid="1" user="generator">
    <nd ref="2982"/>
    <nd ref="2983"/>
    <tag k="highway" v="primary"/>
    <tag k="name" v="Camino del Oeste"/>
  </way>
  <way id="259" version="1" timestamp="2026-09-02T12:00:00Z" changeset="1" uid="1" user="generator">
    <nd ref="2983"/>
    <nd ref="2984"/>
    <tag k="highway" v="primary"/>
    <tag k="name" v="Camino del Oeste"/>
  </way>
  <way id="260" version="1" timestamp="2026-09-02T12:00:00Z" changeset="1" uid="1" user="generator">
    <nd ref="2984"/>
    <nd ref="2985"/>
    <tag k="highway" v="primary"/>
    <tag k="name" v="Camino del Oeste"/>
  </way>
  <way id="261" version="1" timestamp="2026-09-02T12:00:00Z" changeset="1" uid="1" user="generator">
    <nd ref="2985"/>
    <nd ref="2986"/>
    <tag k="highway" v="primary"/>
    <tag k="name" v="Camino del Oeste"/>
  </way>
  <way id="262" version="1" timestamp="2026-09-02T12:00:00Z" changeset="1" uid="1" user="generator">
    <nd ref="2986"/>
    <nd ref="2987"/>
    <tag k="highway" v="primary"/>
    <tag k="name" v="Camino del Oeste"/>
  </way>
  <way id="263" version="1" timestamp="2026-09-02T12:00:00Z" changeset="1" uid="1" user="generator">
    <nd ref="2987"/>
    <nd ref="2988"/>
    <tag k="highway" v="primary"/>
    <tag k="name" v="Camino del Oeste"/>
  </way>
  <way id="264" version="1" timestamp="2026-09-02T12:00:00Z" changeset="1" uid="1" user="generator">
    <nd ref="2988"/>
    <nd ref="2989"/>
    <tag k="highway" v="primary"/>
    <tag k="name" v="Camino del Oeste"/>
  </way>
  <way id="265" version="1" timestamp="2026-09-02T12:00:00Z" changeset="1" uid="1" user="generator">
    <nd ref="2989"/>
    <nd ref="2990"/>
    <tag k="highway" v="primary"/>
    <tag k="name" v="Camino del Oeste"/>
  </way>
  <way id="266" version="1" timestamp="2026-09-02T12:00:00Z" changeset="1" uid="1" user="generator">
    <nd ref="2990"/>
    <nd ref="2991"/>
    <tag k="highway" v="primary"/>
    <tag k="name" v="Camino del Oeste"/>
  </way>
  <way id="267" version="1" timestamp="2026-09-02T12:00:00Z" changeset="1" uid="1" user="generator">
    <nd ref="2991"/>
    <nd ref="2992"/>
    <tag k="highway" v="primary"/>
    <tag k="name" v="Camino del Oeste"/>
  </way>
  <way id="268" version="1" timestamp="2026-09-02T12:00:00Z" changeset="1" uid="1" user="generator">
    <nd ref="2992"/>
    <nd ref="2993"/>
    <tag k="highway" v="primary"/>
    <tag k="name" v="Camino del Oeste"/>
  </way>
  <way id="269" version="1" timestamp="2026-09-02T12:00:00Z" changeset="1" uid="1" user="generator">
    <nd ref="2993"/>
    <nd ref="2994"/>
    <tag k="highway" v="primary"/>
    <tag k="name" v="Camino del Oeste"/>
  </way>
  <way id="270" version="1" timestamp="2026-09-02T12:00:00Z" changeset="1" uid="1" user="generator">
    <nd ref="2994"/>
    <nd ref="2995"/>
    <tag k="highway" v="primary"/>
    <tag k="name" v="Camino del Oeste"/>
  </way>
  <way id="271" version="1" timestamp="2026-09-02T12:00:00Z" changeset="1" uid="1" user="generator">
    <nd ref="2996"/>
    <nd ref="2997"/>
    <tag k="highway" v="primary"/>
    <tag k="name" v="Camino del Este"/>
  </way>
  <way id="272" version="1" timestamp="2026-09-02T12:00:00Z" changeset="1" uid="1" user="generator">
    <nd ref="2997"/>
    <nd ref="2998"/>
    <tag k="highway" v="primary"/>
    <tag k="name" v="Camino del Este"/>
  </way>
  <way id="273" version="1" timestamp="2026-09-02T12:00:00Z" changeset="1" uid="1" user="generator">
    <nd ref="2998"/>
    <nd ref="2999"/>
    <tag k="highway" v="primary"/>
    <tag k="name" v="Camino del Este"/>
  </way>
  <way id="274" version="1" timestamp="2026-09-02T12:00:00Z" changeset="1" uid="1" user="generator">
    <nd ref="2999"/>
    <nd ref="3000"/>
    <tag k="highway" v="primary"/>
    <tag k="name" v="Camino del Este"/>
  </way>
  <way id="275" version="1" timestamp="2026-09-02T12:00:00Z" changeset="1" uid="1" user="generator">
    <nd ref="3000"/>
    <nd ref="3001"/>
    <tag k="highway" v="primary"/>
    <tag k="name" v="Camino del Este"/>
  </way>
  <way id="276" version="1" timestamp="2026-09-02T12:00:00Z" changeset="1" uid="1" user="generator">
    <nd ref="3001"/>
    <nd ref="3002"/>
    <tag k="highway" v="primary"/>
    <tag k="name" v="Camino del Este"/>
  </way>
  <way id="277" version="1" timestamp="2026-09-02T12:00:00Z" changeset="1" uid="1" user="generator">
    <nd ref="3002"/>
    <nd ref="3003"/>
    <tag k="highway" v="primary"/>
    <tag k="name" v="Camino del Este"/>
  </way>
  <way id="278" version="1" timestamp="2026-09-02T12:00:00Z" changeset="1" uid="1" user="generator">
    <nd ref="3003"/>
    <nd ref="3004"/>
    <tag k="highway" v="primary"/>
    <tag k="name" v="Camino del Este"/>
  </way>
  <way id="279" version="1" timestamp="2026-09-02T12:00:00Z" changeset="1" uid="1" user="generator">
    <nd ref="3004"/>
    <nd ref="3005"/>
    <tag k="highway" v="primary"/>
    <tag k="name" v="Camino del Este"/>
  </way>
  <way id="280" version="1" timestamp="2026-09-02T12:00:00Z" changeset="1" uid="1" user="generator">
    <nd ref="3005"/>
    <nd ref="3006"/>
    <tag k="highway" v="primary"/>
    <tag k="name" v="Camino del Este"/>
  </way>
  <way id="281" version="1" timestamp="2026-09-02T12:00:00Z" changeset="1" uid="1" user="generator">
    <nd ref="3006"/>
    <nd ref="3007"/>
    <tag k="highway" v="primary"/>
    <tag k="name" v="Camino del Este"/>
  </way>
  <way id="282" version="1" timestamp="2026-09-02T12:00:00Z" changeset="1" uid="1" user="generator">
    <nd ref="3007"/>
    <nd ref="3008"/>
    <tag k="highway" v="primary"/>
    <tag k="name" v="Camino del Este"/>
  </way>
  <way id="283" version="1" timestamp="2026-09-02T12:00:00Z" changeset="1" uid="1" user="generator">
    <nd ref="3008"/>
    <nd ref="3009"/>
    <tag k="highway" v="primary"/>
    <tag k="name" v="Camino del Este"/>
  </way>
  <way id="284" version="1" timestamp="2026-09-02T12:00:00Z" changeset="1" uid="1" user="generator">
    <nd ref="3009"/>
    <nd ref="3010"/>
    <tag k="highway" v="primary"/>
    <tag k="name" v="Camino del Este"/>
  </way>
  <way id="285" version="1" timestamp="2026-09-02T12:00:00Z" changeset="1" uid="1" user="generator">
    <nd ref="3011"/>
    <nd ref="3012"/>
    <tag k="highway" v="secondary"/>
    <tag k="name" v="Camino de Servicio 1"/>
  </way>
  <way id="286" version="1" timestamp="2026-09-02T12:00:00Z" changeset="1" uid="1" user="generator">
    <nd ref="3012"/>
    <nd ref="3013"/>
    <tag k="highway" v="secondary"/>
    <tag k="name" v="Camino de Servicio 1"/>
  </way>
  <way id="287" version="1" timestamp="2026-09-02T12:00:00Z" changeset="1" uid="1" user="generator">
    <nd ref="3013"/>
    <nd ref="2984"/>
    <tag k="highway" v="secondary"/>
    <tag k="name" v="Camino de Servicio 1"/>
  </way>
  <way id="288" version="1" timestamp="2026-09-02T12:00:00Z" changeset="1" uid="1" user="generator">
    <nd ref="2984"/>
    <nd ref="3014"/>
    <tag k="highway" v="secondary"/>
    <tag k="name" v="Camino de Servicio 1"/>
  </way>
  <way id="289" version="1" timestamp="2026-09-02T12:00:00Z" changeset="1" uid="1" user="generator">
    <nd ref="3014"/>
    <nd ref="3015"/>
    <tag k="highway" v="secondary"/>
    <tag k="name" v="Camino de Servicio 1"/>
  </way>
  <way id="290" version="1" timestamp="2026-09-02T12:00:00Z" changeset="1" uid="1" user="generator">
    <nd ref="3015"/>
    <nd ref="3016"/>
    <tag k="highway" v="secondary"/>
    <tag k="name" v="Camino de Servicio 1"/>
  </way>
  <way id="291" version="1" timestamp="2026-09-02T12:00:00Z" changeset="1" uid="1" user="generator">
    <nd ref="3016"/>
    <nd ref="3017"/>
    <tag k="highway" v="secondary"/>
    <tag k="name" v="Camino de Servicio 1"/>
    <tag k="bridge" v="yes"/>
    <tag k="layer" v="1"/>
  </way>
  <way id="292" version="1" timestamp="2026-09-02T12:00:00Z" changeset="1" uid="1" user="generator">
    <nd ref="3017"/>
    <nd ref="3018"/>
    <tag k="highway" v="secondary"/>
    <tag k="name" v="Camino de Servicio 1"/>
  </way>
  <way id="293" version="1" timestamp="2026-09-02T12:00:00Z" changeset="1" uid="1" user="generator">
    <nd ref="3018"/>
    <nd ref="3019"/>
    <tag k="highway" v="secondary"/>
    <tag k="name" v="Camino de Servicio 1"/>
  </way>
  <way id="294" version="1" timestamp="2026-09-02T12:00:00Z" changeset="1" uid="1" user="generator">
    <nd ref="3019"/>
    <nd ref="2999"/>
    <tag k="highway" v="secondary"/>
    <tag k="name" v="Camino de Servicio 1"/>
  </way>
  <way id="295" version="1" timestamp="2026-09-02T12:00:00Z" changeset="1" uid="1" user="generator">
    <nd ref="2999"/>
    <nd ref="3020"/>
    <tag k="highway" v="secondary"/>
    <tag k="name" v="Camino de Servicio 1"/>
  </way>
  <way id="296" version="1" timestamp="2026-09-02T12:00:00Z" changeset="1" uid="1" user="generator">
    <nd ref="3020"/>
    <nd ref="3021"/>
    <tag k="highway" v="secondary"/>
    <tag k="name" v="Camino de Servicio 1"/>
  </way>
  <way id="297" version="1" timestamp="2026-09-02T12:00:00Z" changeset="1" uid="1" user="generator">
    <nd ref="3021"/>
    <nd ref="3022"/>
    <tag k="highway" v="secondary"/>
    <tag k="name" v="Camino de Servicio 1"/>
  </way>
  <way id="298" version="1" timestamp="2026-09-02T12:00:00Z" changeset="1" uid="1" user="generator">
    <nd ref="3023"/>
    <nd ref="2987"/>
    <tag k="highway" v="secondary"/>
    <tag k="name" v="Camino de Servicio 2 Oeste"/>
  </way>
  <way id="299" version="1" timestamp="2026-09-02T12:00:00Z" changeset="1" uid="1" user="generator">
    <nd ref="2987"/>
    <nd ref="3024"/>
    <tag k="highway" v="secondary"/>
    <tag k="name" v="Camino de Servicio 2 Oeste"/>
  </way>
  <way id="300" version="1" timestamp="2026-09-02T12:00:00Z" changeset="1" uid="1" user="generator">
    <nd ref="3025"/>
    <nd ref="3002"/>
    <tag k="highway" v="secondary"/>
    <tag k="name" v="Camino de Servicio 2 Este"/>
  </way>
  <way id="301" version="1" timestamp="2026-09-02T12:00:00Z" changeset="1" uid="1" user="generator">
    <nd ref="3002"/>
    <nd ref="3026"/>
    <tag k="highway" v="secondary"/>
    <tag k="name" v="Camino de Servicio 2 Este"/>
  </way>
  <way id="302" version="1" timestamp="2026-09-02T12:00:00Z" changeset="1" uid="1" user="generator">
    <nd ref="3027"/>
    <nd ref="2988"/>
    <tag k="highway" v="secondary"/>
    <tag k="name" v="Camino de Servicio 3 Oeste"/>
  </way>
  <way id="303" version="1" timestamp="2026-09-02T12:00:00Z" changeset="1" uid="1" user="generator">
    <nd ref="2988"/>
    <nd ref="3028"/>
    <tag k="highway" v="secondary"/>
    <tag k="name" v="Camino de Servicio 3 Oeste"/>
  </way>
  <way id="304" version="1" timestamp="2026-09-02T12:00:00Z" changeset="1" uid="1" user="generator">
    <nd ref="3029"/>
    <nd ref="3003"/>
    <tag k="highway" v="secondary"/>
    <tag k="name" v="Camino de Servicio 3 Este"/>
  </way>
  <way id="305" version="1" timestamp="2026-09-02T12:00:00Z" changeset="1" uid="1" user="generator">
    <nd ref="3003"/>
    <nd ref="3030"/>
    <tag k="highway" v="secondary"/>
    <tag k="name" v="Camino de Servicio 3 Este"/>
  </way>
  <way id="306" version="1" timestamp="2026-09-02T12:00:00Z" changeset="1" uid="1" user="generator">
    <nd ref="3031"/>
    <nd ref="2989"/>
    <tag k="highway" v="secondary"/>
    <tag k="name" v="Camino de Servicio 4 Oeste"/>
  </way>
  <way id="307" version="1" timestamp="2026-09-02T12:00:00Z" changeset="1" uid="1" user="generator">
    <nd ref="2989"/>
    <nd ref="3032"/>
    <tag k="highway" v="secondary"/>
    <tag k="name" v="Camino de Servicio 4 Oeste"/>
  </way>
  <way id="308" version="1" timestamp="2026-09-02T12:00:00Z" changeset="1" uid="1" user="generator">
    <nd ref="3033"/>
    <nd ref="3004"/>
    <tag k="highway" v="secondary"/>
    <tag k="name" v="Camino de Servicio 4 Este"/>
  </way>
  <way id="309" version="1" timestamp="2026-09-02T12:00:00Z" changeset="1" uid="1" user="generator">
    <nd ref="3004"/>
    <nd ref="3034"/>
    <tag k="highway" v="secondary"/>
    <tag k="name" v="Camino de Servicio 4 Este"/>
  </way>
  <way id="310" version="1" timestamp="2026-09-02T12:00:00Z" changeset="1" uid="1" user="generator">
    <nd ref="3035"/>
    <nd ref="3036"/>
    <tag k="highway" v="secondary"/>
    <tag k="name" v="Camino de Servicio 5"/>
  </way>
  <way id="311" version="1" timestamp="2026-09-02T12:00:00Z" changeset="1" uid="1" user="generator">
    <nd ref="3036"/>
    <nd ref="3037"/>
    <tag k="highway" v="secondary"/>
    <tag k="name" v="Camino de Servicio 5"/>
  </way>
  <way id="312" version="1" timestamp="2026-09-02T12:00:00Z" changeset="1" uid="1" user="generator">
    <nd ref="3037"/>
    <nd ref="2992"/>
    <tag k="highway" v="secondary"/>
    <tag k="name" v="Camino de Servicio 5"/>
  </way>
  <way id="313" version="1" timestamp="2026-09-02T12:00:00Z" changeset="1" uid="1" user="generator">
    <nd ref="2992"/>
    <nd ref="3038"/>
    <tag k="highway" v="secondary"/>
    <tag k="name" v="Camino de Servicio 5"/>
  </way>
  <way id="314" version="1" timestamp="2026-09-02T12:00:00Z" changeset="1" uid="1" user="generator">
    <nd ref="3038"/>
    <nd ref="3039"/>
    <tag k="highway" v="secondary"/>
    <tag k="name" v="Camino de Servicio 5"/>
  </way>
  <way id="315" version="1" timestamp="2026-09-02T12:00:00Z" changeset="1" uid="1" user="generator">
    <nd ref="3039"/>
    <nd ref="3040"/>
    <tag k="highway" v="secondary"/>
    <tag k="name" v="Camino de Servicio 5"/>
  </way>
  <way id="316" version="1" timestamp="2026-09-02T12:00:00Z" changeset="1" uid="1" user="generator">
    <nd ref="3040"/>
    <nd ref="3041"/>
    <tag k="highway" v="secondary"/>
    <tag k="name" v="Camino de Servicio 5"/>
    <tag k="bridge" v="yes"/>
    <tag k="layer" v="1"/>
  </way>
  <way id="317" version="1" timestamp="2026-09-02T12:00:00Z" changeset="1" uid="1" user="generator">
    <nd ref="3041"/>
    <nd ref="3042"/>
    <tag k="highway" v="secondary"/>
    <tag k="name" v="Camino de Servicio 5"/>
  </way>
  <way id="318" version="1" timestamp="2026-09-02T12:00:00Z" changeset="1" uid="1" user="generator">
    <nd ref="3042"/>
    <nd ref="3043"/>
    <tag k="highway" v="secondary"/>
    <tag k="name" v="Camino de Servicio 5"/>
  </way>
  <way id="319" version="1" timestamp="2026-09-02T12:00:00Z" changeset="1" uid="1" user="generator">
    <nd ref="3043"/>
    <nd ref="3007"/>
    <tag k="highway" v="secondary"/>
    <tag k="name" v="Camino de Servicio 5"/>
  </way>
  <way id="320" version="1" timestamp="2026-09-02T12:00:00Z" changeset="1" uid="1" user="generator">
    <nd ref="3007"/>
    <nd ref="3044"/>
    <tag k="highway" v="secondary"/>
    <tag k="name" v="Camino de Servicio 5"/>
  </way>
  <way id="321" version="1" timestamp="2026-09-02T12:00:00Z" changeset="1" uid="1" user="generator">
    <nd ref="3044"/>
    <nd ref="3045"/>
    <tag k="highway" v="secondary"/>
    <tag k="name" v="Camino de Servicio 5"/>
  </way>
  <way id="322" version="1" timestamp="2026-09-02T12:00:00Z" changeset="1" uid="1" user="generator">
    <nd ref="3045"/>
    <nd ref="3046"/>
    <tag k="highway" v="secondary"/>
    <tag k="name" v="Camino de Servicio 5"/>
  </way>
  <way id="323" version="1" timestamp="2026-09-02T12:00:00Z" changeset="1" uid="1" user="generator">
    <nd ref="3047"/>
    <nd ref="3048"/>
    <tag k="highway" v="tertiary"/>
    <tag k="name" v="Ciudad del Noroeste Calle 1"/>
  </way>
  <way id="324" version="1" timestamp="2026-09-02T12:00:00Z" changeset="1" uid="1" user="generator">
    <nd ref="3048"/>
    <nd ref="3012"/>
    <tag k="highway" v="tertiary"/>
    <tag k="name" v="Ciudad del Noroeste Calle 1"/>
  </way>
  <way id="325" version="1" timestamp="2026-09-02T12:00:00Z" changeset="1" uid="1" user="generator">
    <nd ref="3012"/>
    <nd ref="3049"/>
    <tag k="highway" v="tertiary"/>
    <tag k="name" v="Ciudad del Noroeste Calle 1"/>
  </way>
  <way id="326" version="1" timestamp="2026-09-02T12:00:00Z" changeset="1" uid="1" user="generator">
    <nd ref="3049"/>
    <nd ref="3050"/>
    <tag k="highway" v="tertiary"/>
    <tag k="name" v="Ciudad del Noroeste Calle 1"/>
  </way>
  <way id="327" version="1" timestamp="2026-09-02T12:00:00Z" changeset="1" uid="1" user="generator">
    <nd ref="3051"/>
    <nd ref="3052"/>
    <tag k="highway" v="tertiary"/>
    <tag k="name" v="Ciudad del Noroeste Calle 2"/>
  </way>
  <way id="328" version="1" timestamp="2026-09-02T12:00:00Z" changeset="1" uid="1" user="generator">
    <nd ref="3052"/>
    <nd ref="3013"/>
    <tag k="highway" v="tertiary"/>
    <tag k="name" v="Ciudad del Noroeste Calle 2"/>
  </way>
  <way id="329" version="1" timestamp="2026-09-02T12:00:00Z" changeset="1" uid="1" user="generator">
    <nd ref="3013"/>
    <nd ref="3053"/>
    <tag k="highway" v="tertiary"/>
    <tag k="name" v="Ciudad del Noroeste Calle 2"/>
  </way>
  <way id="330" version="1" timestamp="2026-09-02T12:00:00Z" changeset="1" uid="1" user="generator">
    <nd ref="3053"/>
    <nd ref="3054"/>
    <tag k="highway" v="tertiary"/>
    <tag k="name" v="Ciudad del Noroeste Calle 2"/>
  </way>
  <way id="331" version="1" timestamp="2026-09-02T12:00:00Z" changeset="1" uid="1" user="generator">
    <nd ref="3055"/>
    <nd ref="3056"/>
    <tag k="highway" v="tertiary"/>
    <tag k="name" v="Ciudad del Noroeste Calle 4"/>
  </way>
  <way id="332" version="1" timestamp="2026-09-02T12:00:00Z" changeset="1" uid="1" user="generator">
    <nd ref="3056"/>
    <nd ref="3014"/>
    <tag k="highway" v="tertiary"/>
    <tag k="name" v="Ciudad del Noroeste Calle 4"/>
  </way>
  <way id="333" version="1" timestamp="2026-09-02T12:00:00Z" changeset="1" uid="1" user="generator">
    <nd ref="3014"/>
    <nd ref="3057"/>
    <tag k="highway" v="tertiary"/>
    <tag k="name" v="Ciudad del Noroeste Calle 4"/>
  </way>
  <way id="334" version="1" timestamp="2026-09-02T12:00:00Z" changeset="1" uid="1" user="generator">
    <nd ref="3057"/>
    <nd ref="3058"/>
    <tag k="highway" v="tertiary"/>
    <tag k="name" v="Ciudad del Noroeste Calle 4"/>
  </way>
  <way id="335" version="1" timestamp="2026-09-02T12:00:00Z" changeset="1" uid="1" user="generator">
    <nd ref="3059"/>
    <nd ref="3060"/>
    <tag k="highway" v="tertiary"/>
    <tag k="name" v="Ciudad del Noroeste Calle 5"/>
  </way>
  <way id="336" version="1" timestamp="2026-09-02T12:00:00Z" changeset="1" uid="1" user="generator">
    <nd ref="3060"/>
    <nd ref="3015"/>
    <tag k="highway" v="tertiary"/>
    <tag k="name" v="Ciudad del Noroeste Calle 5"/>
  </way>
  <way id="337" version="1" timestamp="2026-09-02T12:00:00Z" changeset="1" uid="1" user="generator">
    <nd ref="3015"/>
    <nd ref="3061"/>
    <tag k="highway" v="tertiary"/>
    <tag k="name" v="Ciudad del Noroeste Calle 5"/>
  </way>
  <way id="338" version="1" timestamp="2026-09-02T12:00:00Z" changeset="1" uid="1" user="generator">
    <nd ref="3061"/>
    <nd ref="3062"/>
    <tag k="highway" v="tertiary"/>
    <tag k="name" v="Ciudad del Noroeste Calle 5"/>
  </way>
  <way id="339" version="1" timestamp="2026-09-02T12:00:00Z" changeset="1" uid="1" user="generator">
    <nd ref="3047"/>
    <nd ref="3051"/>
    <tag k="highway" v="tertiary"/>
    <tag k="name" v="Ciudad del Noroeste Avenida 1"/>
  </way>
  <way id="340" version="1" timestamp="2026-09-02T12:00:00Z" changeset="1" uid="1" user="generator">
    <nd ref="3051"/>
    <nd ref="2982"/>
    <tag k="highway" v="tertiary"/>
    <tag k="name" v="Ciudad del Noroeste Avenida 1"/>
  </way>
  <way id="341" version="1" timestamp="2026-09-02T12:00:00Z" changeset="1" uid="1" user="generator">
    <nd ref="2982"/>
    <nd ref="3055"/>
    <tag k="highway" v="tertiary"/>
    <tag k="name" v="Ciudad del Noroeste Avenida 1"/>
  </way>
  <way id="342" version="1" timestamp="2026-09-02T12:00:00Z" changeset="1" uid="1" user="generator">
    <nd ref="3055"/>
    <nd ref="3059"/>
    <tag k="highway" v="tertiary"/>
    <tag k="name" v="Ciudad del Noroeste Avenida 1"/>
  </way>
  <way id="343" version="1" timestamp="2026-09-02T12:00:00Z" changeset="1" uid="1" user="generator">
    <nd ref="3048"/>
    <nd ref="3052"/>
    <tag k="highway" v="tertiary"/>
    <tag k="name" v="Ciudad del Noroeste Avenida 2"/>
  </way>
  <way id="344" version="1" timestamp="2026-09-02T12:00:00Z" changeset="1" uid="1" user="generator">
    <nd ref="3052"/>
    <nd ref="2983"/>
    <tag k="highway" v="tertiary"/>
    <tag k="name" v="Ciudad del Noroeste Avenida 2"/>
  </way>
  <way id="345" version="1" timestamp="2026-09-02T12:00:00Z" changeset="1" uid="1" user="generator">
    <nd ref="2983"/>
    <nd ref="3056"/>
    <tag k="highway" v="tertiary"/>
    <tag k="name" v="Ciudad del Noroeste Avenida 2"/>
  </way>
  <way id="346" version="1" timestamp="2026-09-02T12:00:00Z" changeset="1" uid="1" user="generator">
    <nd ref="3056"/>
    <nd ref="3060"/>
    <tag k="highway" v="tertiary"/>
    <tag k="name" v="Ciudad del Noroeste Avenida 2"/>
  </way>
  <way id="347" version="1" timestamp="2026-09-02T12:00:00Z" changeset="1" uid="1" user="generator">
    <nd ref="3049"/>
    <nd ref="3053"/>
    <tag k="highway" v="tertiary"/>
    <tag k="name" v="Ciudad del Noroeste Avenida 4"/>
  </way>
  <way id="348" version="1" timestamp="2026-09-02T12:00:00Z" changeset="1" uid="1" user="generator">
    <nd ref="3053"/>
    <nd ref="2985"/>
    <tag k="highway" v="tertiary"/>
    <tag k="name" v="Ciudad del Noroeste Avenida 4"/>
  </way>
  <way id="349" version="1" timestamp="2026-09-02T12:00:00Z" changeset="1" uid="1" user="generator">
    <nd ref="2985"/>
    <nd ref="3057"/>
    <tag k="highway" v="tertiary"/>
    <tag k="name" v="Ciudad del Noroeste Avenida 4"/>
  </way>
  <way id="350" version="1" timestamp="2026-09-02T12:00:00Z" changeset="1" uid="1" user="generator">
    <nd ref="3057"/>
    <nd ref="3061"/>
    <tag k="highway" v="tertiary"/>
    <tag k="name" v="Ciudad del Noroeste Avenida 4"/>
  </way>
  <way id="351" version="1" timestamp="2026-09-02T12:00:00Z" changeset="1" uid="1" user="generator">
    <nd ref="3050"/>
    <nd ref="3054"/>
    <tag k="highway" v="tertiary"/>
    <tag k="name" v="Ciudad del Noroeste Avenida 5"/>
  </way>
  <way id="352" version="1" timestamp="2026-09-02T12:00:00Z" changeset="1" uid="1" user="generator">
    <nd ref="3054"/>
    <nd ref="2986"/>
    <tag k="highway" v="tertiary"/>
    <tag k="name" v="Ciudad del Noroeste Avenida 5"/>
  </way>
  <way id="353" version="1" timestamp="2026-09-02T12:00:00Z" changeset="1" uid="1" user="generator">
    <nd ref="2986"/>
    <nd ref="3058"/>
    <tag k="highway" v="tertiary"/>
    <tag k="name" v="Ciudad del Noroeste Avenida 5"/>
  </way>
  <way id="354" version="1" timestamp="2026-09-02T12:00:00Z" changeset="1" uid="1" user="generator">
    <nd ref="3058"/>
    <nd ref="3062"/>
    <tag k="highway" v="tertiary"/>
    <tag k="name" v="Ciudad del Noroeste Avenida 5"/>
  </way>
  <way id="355" version="1" timestamp="2026-09-02T12:00:00Z" changeset="1" uid="1" user="generator">
    <nd ref="3063"/>
    <nd ref="3064"/>
    <tag k="highway" v="tertiary"/>
    <tag k="name" v="Ciudad del Noreste Calle 1"/>
  </way>
  <way id="356" version="1" timestamp="2026-09-02T12:00:00Z" changeset="1" uid="1" user="generator">
    <nd ref="3064"/>
    <nd ref="3018"/>
    <tag k="highway" v="tertiary"/>
    <tag k="name" v="Ciudad del Noreste Calle 1"/>
  </way>
  <way id="357" version="1" timestamp="2026-09-02T12:00:00Z" changeset="1" uid="1" user="generator">
    <nd ref="3018"/>
    <nd ref="3065"/>
    <tag k="highway" v="tertiary"/>
    <tag k="name" v="Ciudad del Noreste Calle 1"/>
  </way>
  <way id="358" version="1" timestamp="2026-09-02T12:00:00Z" changeset="1" uid="1" user="generator">
    <nd ref="3065"/>
    <nd ref="3066"/>
    <tag k="highway" v="tertiary"/>
    <tag k="name" v="Ciudad del Noreste Calle 1"/>
  </way>
  <way id="359" version="1" timestamp="2026-09-02T12:00:00Z" changeset="1" uid="1" user="generator">
    <nd ref="3067"/>
    <nd ref="3068"/>
    <tag k="highway" v="tertiary"/>
    <tag k="name" v="Ciudad del Noreste Calle 2"/>
  </way>
  <way id="360" version="1" timestamp="2026-09-02T12:00:00Z" changeset="1" uid="1" user="generator">
    <nd ref="3068"/>
    <nd ref="3019"/>
    <tag k="highway" v="tertiary"/>
    <tag k="name" v="Ciudad del Noreste Calle 2"/>
  </way>
  <way id="361" version="1" timestamp="2026-09-02T12:00:00Z" changeset="1" uid="1" user="generator">
    <nd ref="3019"/>
    <nd ref="3069"/>
    <tag k="highway" v="tertiary"/>
    <tag k="name" v="Ciudad del Noreste Calle 2"/>
  </way>
  <way id="362" version="1" timestamp="2026-09-02T12:00:00Z" changeset="1" uid="1" user="generator">
    <nd ref="3069"/>
    <nd ref="3070"/>
    <tag k="highway" v="tertiary"/>
    <tag k="name" v="Ciudad del Noreste Calle 2"/>
  </way>
  <way id="363" version="1" timestamp="2026-09-02T12:00:00Z" changeset="1" uid="1" user="generator">
    <nd ref="3071"/>
    <nd ref="3072"/>
    <tag k="highway" v="tertiary"/>
    <tag k="name" v="Ciudad del Noreste Calle 4"/>
  </way>
  <way id="364" version="1" timestamp="2026-09-02T12:00:00Z" changeset="1" uid="1" user="generator">
    <nd ref="3072"/>
    <nd ref="3020"/>
    <tag k="highway" v="tertiary"/>
    <tag k="name" v="Ciudad del Noreste Calle 4"/>
  </way>
  <way id="365" version="1" timestamp="2026-09-02T12:00:00Z" changeset="1" uid="1" user="generator">
    <nd ref="3020"/>
    <nd ref="3073"/>
    <tag k="highway" v="tertiary"/>
    <tag k="name" v="Ciudad del Noreste Calle 4"/>
  </way>
  <way id="366" version="1" timestamp="2026-09-02T12:00:00Z" changeset="1" uid="1" user="generator">
    <nd ref="3073"/>
    <nd ref="3074"/>
    <tag k="highway" v="tertiary"/>
    <tag k="name" v="Ciudad del Noreste Calle 4"/>
  </way>
  <way id="367" version="1" timestamp="2026-09-02T12:00:00Z" changeset="1" uid="1" user="generator">
    <nd ref="3075"/>
    <nd ref="3076"/>
    <tag k="highway" v="tertiary"/>
    <tag k="name" v="Ciudad del Noreste Calle 5"/>
  </way>
  <way id="368" version="1" timestamp="2026-09-02T12:00:00Z" changeset="1" uid="1" user="generator">
    <nd ref="3076"/>
    <nd ref="3021"/>
    <tag k="highway" v="tertiary"/>
    <tag k="name" v="Ciudad del Noreste Calle 5"/>
  </way>
  <way id="369" version="1" timestamp="2026-09-02T12:00:00Z" changeset="1" uid="1" user="generator">
    <nd ref="3021"/>
    <nd ref="3077"/>
    <tag k="highway" v="tertiary"/>
    <tag k="name" v="Ciudad del Noreste Calle 5"/>
  </way>
  <way id="370" version="1" timestamp="2026-09-02T12:00:00Z" changeset="1" uid="1" user="generator">
    <nd ref="3077"/>
    <nd ref="3078"/>
    <tag k="highway" v="tertiary"/>
    <tag k="name" v="Ciudad del Noreste Calle 5"/>
  </way>
  <way id="371" version="1" timestamp="2026-09-02T12:00:00Z" changeset="1" uid="1" user="generator">
    <nd ref="3063"/>
    <nd ref="3067"/>
    <tag k="highway" v="tertiary"/>
    <tag k="name" v="Ciudad del Noreste Avenida 1"/>
  </way>
  <way id="372" version="1" timestamp="2026-09-02T12:00:00Z" changeset="1" uid="1" user="generator">
    <nd ref="3067"/>
    <nd ref="2997"/>
    <tag k="highway" v="tertiary"/>
    <tag k="name" v="Ciudad del Noreste Avenida 1"/>
  </way>
  <way id="373" version="1" timestamp="2026-09-02T12:00:00Z" changeset="1" uid="1" user="generator">
    <nd ref="2997"/>
    <nd ref="3071"/>
    <tag k="highway" v="tertiary"/>
    <tag k="name" v="Ciudad del Noreste Avenida 1"/>
  </way>
  <way id="374" version="1" timestamp="2026-09-02T12:00:00Z" changeset="1" uid="1" user="generator">
    <nd ref="3071"/>
    <nd ref="3075"/>
    <tag k="highway" v="tertiary"/>
    <tag k="name" v="Ciudad del Noreste Avenida 1"/>
  </way>
  <way id="375" version="1" timestamp="2026-09-02T12:00:00Z" changeset="1" uid="1" user="generator">
    <nd ref="3064"/>
    <nd ref="3068"/>
    <tag k="highway" v="tertiary"/>
    <tag k="name" v="Ciudad del Noreste Avenida 2"/>
  </way>
  <way id="376" version="1" timestamp="2026-09-02T12:00:00Z" changeset="1" uid="1" user="generator">
    <nd ref="3068"/>
    <nd ref="2998"/>
    <tag k="highway" v="tertiary"/>
    <tag k="name" v="Ciudad del Noreste Avenida 2"/>
  </way>
  <way id="377" version="1" timestamp="2026-09-02T12:00:00Z" changeset="1" uid="1" user="generator">
    <nd ref="2998"/>
    <nd ref="3072"/>
    <tag k="highway" v="tertiary"/>
    <tag k="name" v="Ciudad del Noreste Avenida 2"/>
  </way>
  <way id="378" version="1" timestamp="2026-09-02T12:00:00Z" changeset="1" uid="1" user="generator">
    <nd ref="3072"/>
    <nd ref="3076"/>
    <tag k="highway" v="tertiary"/>
    <tag k="name" v="Ciudad del Noreste Avenida 2"/>
  </way>
  <way id="379" version="1" timestamp="2026-09-02T12:00:00Z" changeset="1" uid="1" user="generator">
    <nd ref="3065"/>
    <nd ref="3069"/>
    <tag k="highway" v="tertiary"/>
    <tag k="name" v="Ciudad del Noreste Avenida 4"/>
  </way>
  <way id="380" version="1" timestamp="2026-09-02T12:00:00Z" changeset="1" uid="1" user="generator">
    <nd ref="3069"/>
    <nd ref="3000"/>
    <tag k="highway" v="tertiary"/>
    <tag k="name" v="Ciudad del Noreste Avenida 4"/>
  </way>
  <way id="381" version="1" timestamp="2026-09-02T12:00:00Z" changeset="1" uid="1" user="generator">
    <nd ref="3000"/>
    <nd ref="3073"/>
    <tag k="highway" v="tertiary"/>
    <tag k="name" v="Ciudad del Noreste Avenida 4"/>
  </way>
  <way id="382" version="1" timestamp="2026-09-02T12:00:00Z" changeset="1" uid="1" user="generator">
    <nd ref="3073"/>
    <nd ref="3077"/>
    <tag k="highway" v="tertiary"/>
    <tag k="name" v="Ciudad del Noreste Avenida 4"/>
  </way>
  <way id="383" version="1" timestamp="2026-09-02T12:00:00Z" changeset="1" uid="1" user="generator">
    <nd ref="3066"/>
    <nd ref="3070"/>
    <tag k="highway" v="tertiary"/>
    <tag k="name" v="Ciudad del Noreste Avenida 5"/>
  </way>
  <way id="384" version="1" timestamp="2026-09-02T12:00:00Z" changeset="1" uid="1" user="generator">
    <nd ref="3070"/>
    <nd ref="3001"/>
    <tag k="highway" v="tertiary"/>
    <tag k="name" v="Ciudad del Noreste Avenida 5"/>
  </way>
  <way id="385" version="1" timestamp="2026-09-02T12:00:00Z" changeset="1" uid="1" user="generator">
    <nd ref="3001"/>
    <nd ref="3074"/>
    <tag k="highway" v="tertiary"/>
    <tag k="name" v="Ciudad del Noreste Avenida 5"/>
  </way>
  <way id="386" version="1" timestamp="2026-09-02T12:00:00Z" changeset="1" uid="1" user="generator">
    <nd ref="3074"/>
    <nd ref="3078"/>
    <tag k="highway" v="tertiary"/>
    <tag k="name" v="Ciudad del Noreste Avenida 5"/>
  </way>
  <way id="387" version="1" timestamp="2026-09-02T12:00:00Z" changeset="1" uid="1" user="generator">
    <nd ref="3079"/>
    <nd ref="3080"/>
    <tag k="highway" v="tertiary"/>
    <tag k="name" v="Ciudad del Suroeste Calle 1"/>
  </way>
  <way id="388" version="1" timestamp="2026-09-02T12:00:00Z" changeset="1" uid="1" user="generator">
    <nd ref="3080"/>
    <nd ref="3036"/>
    <tag k="highway" v="tertiary"/>
    <tag k="name" v="Ciudad del Suroeste Calle 1"/>
  </way>
  <way id="389" version="1" timestamp="2026-09-02T12:00:00Z" changeset="1" uid="1" user="generator">
    <nd ref="3036"/>
    <nd ref="3081"/>
    <tag k="highway" v="tertiary"/>
    <tag k="name" v="Ciudad del Suroeste Calle 1"/>
  </way>
  <way id="390" version="1" timestamp="2026-09-02T12:00:00Z" changeset="1" uid="1" user="generator">
    <nd ref="3081"/>
    <nd ref="3082"/>
    <tag k="highway" v="tertiary"/>
    <tag k="name" v="Ciudad del Suroeste Calle 1"/>
  </way>
  <way id="391" version="1" timestamp="2026-09-02T12:00:00Z" changeset="1" uid="1" user="generator">
    <nd ref="3083"/>
    <nd ref="3084"/>
    <tag k="highway" v="tertiary"/>
    <tag k="name" v="Ciudad del Suroeste Calle 2"/>
  </way>
  <way id="392" version="1" timestamp="2026-09-02T12:00:00Z" changeset="1" uid="1" user="generator">
    <nd ref="3084"/>
    <nd ref="3037"/>
    <tag k="highway" v="tertiary"/>
    <tag k="name" v="Ciudad del Suroeste Calle 2"/>
  </way>
  <way id="393" version="1" timestamp="2026-09-02T12:00:00Z" changeset="1" uid="1" user="generator">
    <nd ref="3037"/>
    <nd ref="3085"/>
    <tag k="highway" v="tertiary"/>
    <tag k="name" v="Ciudad del Suroeste Calle 2"/>
  </way>
  <way id="394" version="1" timestamp="2026-09-02T12:00:00Z" changeset="1" uid="1" user="generator">
    <nd ref="3085"/>
    <nd ref="3086"/>
    <tag k="highway" v="tertiary"/>
    <tag k="name" v="Ciudad del Suroeste Calle 2"/>
  </way>
  <way id="395" version="1" timestamp="2026-09-02T12:00:00Z" changeset="1" uid="1" user="generator">
    <nd ref="3087"/>
    <nd ref="3088"/>
    <tag k="highway" v="tertiary"/>
    <tag k="name" v="Ciudad del Suroeste Calle 4"/>
  </way>
  <way id="396" version="1" timestamp="2026-09-02T12:00:00Z" changeset="1" uid="1" user="generator">
    <nd ref="3088"/>
    <nd ref="3038"/>
    <tag k="highway" v="tertiary"/>
    <tag k="name" v="Ciudad del Suroeste Calle 4"/>
  </way>
  <way id="397" version="1" timestamp="2026-09-02T12:00:00Z" changeset="1" uid="1" user="generator">
    <nd ref="3038"/>
    <nd ref="3089"/>
    <tag k="highway" v="tertiary"/>
    <tag k="name" v="Ciudad del Suroeste Calle 4"/>
  </way>
  <way id="398" version="1" timestamp="2026-09-02T12:00:00Z" changeset="1" uid="1" user="generator">
    <nd ref="3089"/>
    <nd ref="3090"/>
    <tag k="highway" v="tertiary"/>
    <tag k="name" v="Ciudad del Suroeste Calle 4"/>
  </way>
  <way id="399" version="1" timestamp="2026-09-02T12:00:00Z" changeset="1" uid="1" user="generator">
    <nd ref="3091"/>
    <nd ref="3092"/>
    <tag k="highway" v="tertiary"/>
    <tag k="name" v="Ciudad del Suroeste Calle 5"/>
  </way>
  <way id="400" version="1" timestamp="2026-09-02T12:00:00Z" changeset="1" uid="1" user="generator">
    <nd ref="3092"/>
    <nd ref="3039"/>
    <tag k="highway" v="tertiary"/>
    <tag k="name" v="Ciudad del Suroeste Calle 5"/>
  </way>
  <way id="401" version="1" timestamp="2026-09-02T12:00:00Z" changeset="1" uid="1" user="generator">
    <nd ref="3039"/>
    <nd ref="3093"/>
    <tag k="highway" v="tertiary"/>
    <tag k="name" v="Ciudad del Suroeste Calle 5"/>
  </way>
  <way id="402" version="1" timestamp="2026-09-02T12:00:00Z" changeset="1" uid="1" user="generator">
    <nd ref="3093"/>
    <nd ref="3094"/>
    <tag k="highway" v="tertiary"/>
    <tag k="name" v="Ciudad del Suroeste Calle 5"/>
  </way>
  <way id="403" version="1" timestamp="2026-09-02T12:00:00Z" changeset="1" uid="1" user="generator">
    <nd ref="3079"/>
    <nd ref="3083"/>
    <tag k="highway" v="tertiary"/>
    <tag k="name" v="Ciudad del Suroeste Avenida 1"/>
  </way>
  <way id="404" version="1" timestamp="2026-09-02T12:00:00Z" changeset="1" uid="1" user="generator">
    <nd ref="3083"/>
    <nd ref="2990"/>
    <tag k="highway" v="tertiary"/>
    <tag k="name" v="Ciudad del Suroeste Avenida 1"/>
  </way>
  <way id="405" version="1" timestamp="2026-09-02T12:00:00Z" changeset="1" uid="1" user="generator">
    <nd ref="2990"/>
    <nd ref="3087"/>
    <tag k="highway" v="tertiary"/>
    <tag k="name" v="Ciudad del Suroeste Avenida 1"/>
  </way>
  <way id="406" version="1" timestamp="2026-09-02T12:00:00Z" changeset="1" uid="1" user="generator">
    <nd ref="3087"/>
    <nd ref="3091"/>
    <tag k="highway" v="tertiary"/>
    <tag k="name" v="Ciudad del Suroeste Avenida 1"/>
  </way>
  <way id="407" version="1" timestamp="2026-09-02T12:00:00Z" changeset="1" uid="1" user="generator">
    <nd ref="3080"/>
    <nd ref="3084"/>
    <tag k="highway" v="tertiary"/>
    <tag k="name" v="Ciudad del Suroeste Avenida 2"/>
  </way>
  <way id="408" version="1" timestamp="2026-09-02T12:00:00Z" changeset="1" uid="1" user="generator">
    <nd ref="3084"/>
    <nd ref="2991"/>
    <tag k="highway" v="tertiary"/>
    <tag k="name" v="Ciudad del Suroeste Avenida 2"/>
  </way>
  <way id="409" version="1" timestamp="2026-09-02T12:00:00Z" changeset="1" uid="1" user="generator">
    <nd ref="2991"/>
    <nd ref="3088"/>
    <tag k="highway" v="tertiary"/>
    <tag k="name" v="Ciudad del Suroeste Avenida 2"/>
  </way>
  <way id="410" version="1" timestamp="2026-09-02T12:00:00Z" changeset="1" uid="1" user="generator">
    <nd ref="3088"/>
    <nd ref="3092"/>
    <tag k="highway" v="tertiary"/>
    <tag k="name" v="Ciudad del Suroeste Avenida 2"/>
  </way>
  <way id="411" version="1" timestamp="2026-09-02T12:00:00Z" changeset="1" uid="1" user="generator">
    <nd ref="3081"/>
    <nd ref="3085"/>
    <tag k="highway" v="tertiary"/>
    <tag k="name" v="Ciudad del Suroeste Avenida 4"/>
  </way>
  <way id="412" version="1" timestamp="2026-09-02T12:00:00Z" changeset="1" uid="1" user="generator">
    <nd ref="3085"/>
    <nd ref="2993"/>
    <tag k="highway" v="tertiary"/>
    <tag k="name" v="Ciudad del Suroeste Avenida 4"/>
  </way>
  <way id="413" version="1" timestamp="2026-09-02T12:00:00Z" changeset="1" uid="1" user="generator">
    <nd ref="2993"/>
    <nd ref="3089"/>
    <tag k="highway" v="tertiary"/>
    <tag k="name" v="Ciudad del Suroeste Avenida 4"/>
  </way>
  <way id="414" version="1" timestamp="2026-09-02T12:00:00Z" changeset="1" uid="1" user="generator">
    <nd ref="3089"/>
    <nd ref="3093"/>
    <tag k="highway" v="tertiary"/>
    <tag k="name" v="Ciudad del Suroeste Avenida 4"/>
  </way>
  <way id="415" version="1" timestamp="2026-09-02T12:00:00Z" changeset="1" uid="1" user="generator">
    <nd ref="3082"/>
    <nd ref="3086"/>
    <tag k="highway" v="tertiary"/>
    <tag k="name" v="Ciudad del Suroeste Avenida 5"/>
  </way>
  <way id="416" version="1" timestamp="2026-09-02T12:00:00Z" changeset="1" uid="1" user="generator">
    <nd ref="3086"/>
    <nd ref="2994"/>
    <tag k="highway" v="tertiary"/>
    <tag k="name" v="Ciudad del Suroeste Avenida 5"/>
  </way>
  <way id="417" version="1" timestamp="2026-09-02T12:00:00Z" changeset="1" uid="1" user="generator">
    <nd ref="2994"/>
    <nd ref="3090"/>
    <tag k="highway" v="tertiary"/>
    <tag k="name" v="Ciudad del Suroeste Avenida 5"/>
  </way>
  <way id="418" version="1" timestamp="2026-09-02T12:00:00Z" changeset="1" uid="1" user="generator">
    <nd ref="3090"/>
    <nd ref="3094"/>
    <tag k="highway" v="tertiary"/>
    <tag k="name" v="Ciudad del Suroeste Avenida 5"/>
  </way>
  <way id="419" version="1" timestamp="2026-09-02T12:00:00Z" changeset="1" uid="1" user="generator">
    <nd ref="3095"/>
    <nd ref="3096"/>
    <tag k="highway" v="tertiary"/>
    <tag k="name" v="Ciudad del Sureste Calle 1"/>
  </way>
  <way id="420" version="1" timestamp="2026-09-02T12:00:00Z" changeset="1" uid="1" user="generator">
    <nd ref="3096"/>
    <nd ref="3042"/>
    <tag k="highway" v="tertiary"/>
    <tag k="name" v="Ciudad del Sureste Calle 1"/>
  </way>
  <way id="421" version="1" timestamp="2026-09-02T12:00:00Z" changeset="1" uid="1" user="generator">
    <nd ref="3042"/>
    <nd ref="3097"/>
    <tag k="highway" v="tertiary"/>
    <tag k="name" v="Ciudad del Sureste Calle 1"/>
  </way>
  <way id="422" version="1" timestamp="2026-09-02T12:00:00Z" changeset="1" uid="1" user="generator">
    <nd ref="3097"/>
    <nd ref="3098"/>
    <tag k="highway" v="tertiary"/>
    <tag k="name" v="Ciudad del Sureste Calle 1"/>
  </way>
  <way id="423" version="1" timestamp="2026-09-02T12:00:00Z" changeset="1" uid="1" user="generator">
    <nd ref="3099"/>
    <nd ref="3100"/>
    <tag k="highway" v="tertiary"/>
    <tag k="name" v="Ciudad del Sureste Calle 2"/>
  </way>
  <way id="424" version="1" timestamp="2026-09-02T12:00:00Z" changeset="1" uid="1" user="generator">
    <nd ref="3100"/>
    <nd ref="3043"/>
    <tag k="highway" v="tertiary"/>
    <tag k="name" v="Ciudad del Sureste Calle 2"/>
  </way>
  <way id="425" version="1" timestamp="2026-09-02T12:00:00Z" changeset="1" uid="1" user="generator">
    <nd ref="3043"/>
    <nd ref="3101"/>
    <tag k="highway" v="tertiary"/>
    <tag k="name" v="Ciudad del Sureste Calle 2"/>
  </way>
  <way id="426" version="1" timestamp="2026-09-02T12:00:00Z" changeset="1" uid="1" user="generator">
    <nd ref="3101"/>
    <nd ref="3102"/>
    <tag k="highway" v="tertiary"/>
    <tag k="name" v="Ciudad del Sureste Calle 2"/>
  </way>
  <way id="427" version="1" timestamp="2026-09-02T12:00:00Z" changeset="1" uid="1" user="generator">
    <nd ref="3103"/>
    <nd ref="3104"/>
    <tag k="highway" v="tertiary"/>
    <tag k="name" v="Ciudad del Sureste Calle 4"/>
  </way>
  <way id="428" version="1" timestamp="2026-09-02T12:00:00Z" changeset="1" uid="1" user="generator">
    <nd ref="3104"/>
    <nd ref="3044"/>
    <tag k="highway" v="tertiary"/>
    <tag k="name" v="Ciudad del Sureste Calle 4"/>
  </way>
  <way id="429" version="1" timestamp="2026-09-02T12:00:00Z" changeset="1" uid="1" user="generator">
    <nd ref="3044"/>
    <nd ref="3105"/>
    <tag k="highway" v="tertiary"/>
    <tag k="name" v="Ciudad del Sureste Calle 4"/>
  </way>
  <way id="430" version="1" timestamp="2026-09-02T12:00:00Z" changeset="1" uid="1" user="generator">
    <nd ref="3105"/>
    <nd ref="3106"/>
    <tag k="highway" v="tertiary"/>
    <tag k="name" v="Ciudad del Sureste Calle 4"/>
  </way>
  <way id="431" version="1" timestamp="2026-09-02T12:00:00Z" changeset="1" uid="1" user="generator">
    <nd ref="3107"/>
    <nd ref="3108"/>
    <tag k="highway" v="tertiary"/>
    <tag k="name" v="Ciudad del Sureste Calle 5"/>
  </way>
  <way id="432" version="1" timestamp="2026-09-02T12:00:00Z" changeset="1" uid="1" user="generator">
    <nd ref="3108"/>
    <nd ref="3045"/>
    <tag k="highway" v="tertiary"/>
    <tag k="name" v="Ciudad del Sureste Calle 5"/>
  </way>
  <way id="433" version="1" timestamp="2026-09-02T12:00:00Z" changeset="1" uid="1" user="generator">
    <nd ref="3045"/>
    <nd ref="3109"/>
    <tag k="highway" v="tertiary"/>
    <tag k="name" v="Ciudad del Sureste Calle 5"/>
  </way>
  <way id="434" version="1" timestamp="2026-09-02T12:00:00Z" changeset="1" uid="1" user="generator">
    <nd ref="3109"/>
    <nd ref="3110"/>
    <tag k="highway" v="tertiary"/>
    <tag k="name" v="Ciudad del Sureste Calle 5"/>
  </way>
  <way id="435" version="1" timestamp="2026-09-02T12:00:00Z" changeset="1" uid="1" user="generator">
    <nd ref="3095"/>
    <nd ref="3099"/>
    <tag k="highway" v="tertiary"/>
    <tag k="name" v="Ciudad del Sureste Avenida 1"/>
  </way>
  <way id="436" version="1" timestamp="2026-09-02T12:00:00Z" changeset="1" uid="1" user="generator">
    <nd ref="3099"/>
    <nd ref="3005"/>
    <tag k="highway" v="tertiary"/>
    <tag k="name" v="Ciudad del Sureste Avenida 1"/>
  </way>
  <way id="437" version="1" timestamp="2026-09-02T12:00:00Z" changeset="1" uid="1" user="generator">
    <nd ref="3005"/>
    <nd ref="3103"/>
    <tag k="highway" v="tertiary"/>
    <tag k="name" v="Ciudad del Sureste Avenida 1"/>
  </way>
  <way id="438" version="1" timestamp="2026-09-02T12:00:00Z" changeset="1" uid="1" user="generator">
    <nd ref="3103"/>
    <nd ref="3107"/>
    <tag k="highway" v="tertiary"/>
    <tag k="name" v="Ciudad del Sureste Avenida 1"/>
  </way>
  <way id="439" version="1" timestamp="2026-09-02T12:00:00Z" changeset="1" uid="1" user="generator">
    <nd ref="3096"/>
    <nd ref="3100"/>
    <tag k="highway" v="tertiary"/>
    <tag k="name" v="Ciudad del Sureste Avenida 2"/>
  </way>
  <way id="440" version="1" timestamp="2026-09-02T12:00:00Z" changeset="1" uid="1" user="generator">
    <nd ref="3100"/>
    <nd ref="3006"/>
    <tag k="highway" v="tertiary"/>
    <tag k="name" v="Ciudad del Sureste Avenida 2"/>
  </way>
  <way id="441" version="1" timestamp="2026-09-02T12:00:00Z" changeset="1" uid="1" user="generator">
    <nd ref="3006"/>
    <nd ref="3104"/>
    <tag k="highway" v="tertiary"/>
    <tag k="name" v="Ciudad del Sureste Avenida 2"/>
  </way>
  <way id="442" version="1" timestamp="2026-09-02T12:00:00Z" changeset="1" uid="1" user="generator">
    <nd ref="3104"/>
    <nd ref="3108"/>
    <tag k="highway" v="tertiary"/>
    <tag k="name" v="Ciudad del Sureste Avenida 2"/>
  </way>
  <way id="443" version="1" timestamp="2026-09-02T12:00:00Z" changeset="1" uid="1" user="generator">
    <nd ref="3097"/>
    <nd ref="3101"/>
    <tag k="highway" v="tertiary"/>
    <tag k="name" v="Ciudad del Sureste Avenida 4"/>
  </way>
  <way id="444" version="1" timestamp="2026-09-02T12:00:00Z" changeset="1" uid="1" user="generator">
    <nd ref="3101"/>
    <nd ref="3008"/>
    <tag k="highway" v="tertiary"/>
    <tag k="name" v="Ciudad del Sureste Avenida 4"/>
  </way>
  <way id="445" version="1" timestamp="2026-09-02T12:00:00Z" changeset="1" uid="1" user="generator">
    <nd ref="3008"/>
    <nd ref="3105"/>
    <tag k="highway" v="tertiary"/>
    <tag k="name" v="Ciudad del Sureste Avenida 4"/>
  </way>
  <way id="446" version="1" timestamp="2026-09-02T12:00:00Z" changeset="1" uid="1" user="generator">
    <nd ref="3105"/>
    <nd ref="3109"/>
    <tag k="highway" v="tertiary"/>
    <tag k="name" v="Ciudad del Sureste Avenida 4"/>
  </way>
  <way id="447" version="1" timestamp="2026-09-02T12:00:00Z" changeset="1" uid="1" user="generator">
    <nd ref="3098"/>
    <nd ref="3102"/>
    <tag k="highway" v="tertiary"/>
    <tag k="name" v="Ciudad del Sureste Avenida 5"/>
  </way>
  <way id="448" version="1" timestamp="2026-09-02T12:00:00Z" changeset="1" uid="1" user="generator">
    <nd ref="3102"/>
    <nd ref="3009"/>
    <tag k="highway" v="tertiary"/>
    <tag k="name" v="Ciudad del Sureste Avenida 5"/>
  </way>
  <way id="449" version="1" timestamp="2026-09-02T12:00:00Z" changeset="1" uid="1" user="generator">
    <nd ref="3009"/>
    <nd ref="3106"/>
    <tag k="highway" v="tertiary"/>
    <tag k="name" v="Ciudad del Sureste Avenida 5"/>
  </way>
  <way id="450" version="1" timestamp="2026-09-02T12:00:00Z" changeset="1" uid="1" user="generator">
    <nd ref="3106"/>
    <nd ref="3110"/>
    <tag k="highway" v="tertiary"/>
    <tag k="name" v="Ciudad del Sureste Avenida 5"/>
  </way>
</osm>
